date,underlying,svix30,atm30,spot,near_expiry,near_days,near_vol,next_expiry,next_days,next_vol,n_options,file
2026-07-06,OMXS30,15.68,14.39,3233.54,31-Jul-26,25.0,16.13,07-Aug-26,32.0,15.53,413,NordicDerivatives-pretrade-2026-07-06T1724
2026-07-07,AAK,25.03,28.54,238.28,Jul-26,10.0,32.59,Aug-26,45.0,23.53,18,NordicDerivatives-pretrade-2026-07-07T1724
2026-07-07,ABB,34.61,36.86,999.28,31-Jul-26,24.0,36.62,07-Aug-26,31.0,34.35,295,NordicDerivatives-pretrade-2026-07-07T1724
2026-07-07,ADDTB,30.46,32.46,334.09,Jul-26,10.0,43.19,Aug-26,45.0,27.78,53,NordicDerivatives-pretrade-2026-07-07T1724
2026-07-07,ALFA,26.65,28.10,565.68,Jul-26,10.0,26.56,Aug-26,45.0,26.66,93,NordicDerivatives-pretrade-2026-07-07T1724
2026-07-07,ASSAB,25.89,24.47,340.26,Jul-26,10.0,32.89,Aug-26,45.0,24.53,93,NordicDerivatives-pretrade-2026-07-07T1724
2026-07-07,ATCOA,32.64,36.09,188.91,Jul-26,10.0,40.40,Aug-26,45.0,31.16,148,NordicDerivatives-pretrade-2026-07-07T1724
2026-07-07,AXFO,24.70,29.02,267.85,Jul-26,10.0,33.32,Aug-26,45.0,22.95,101,NordicDerivatives-pretrade-2026-07-07T1724
2026-07-07,AZN,32.45,30.57,1864.60,Jul-26,10.0,35.81,Aug-26,45.0,31.86,130,NordicDerivatives-pretrade-2026-07-07T1724
2026-07-07,BETSB,46.47,48.82,86.00,Jul-26,10.0,64.18,Aug-26,45.0,42.81,117,NordicDerivatives-pretrade-2026-07-07T1724
2026-07-07,BILL,44.00,44.26,63.55,Jul-26,10.0,60.54,Aug-26,45.0,40.59,134,NordicDerivatives-pretrade-2026-07-07T1724
2026-07-07,BOLI,44.81,44.41,524.19,Jul-26,10.0,44.78,Aug-26,45.0,44.82,163,NordicDerivatives-pretrade-2026-07-07T1724
2026-07-07,CAST,28.00,24.20,132.82,Jul-26,10.0,37.72,Aug-26,45.0,26.03,135,NordicDerivatives-pretrade-2026-07-07T1724
2026-07-07,DOM,47.69,58.06,24.22,Jul-26,10.0,52.72,Aug-26,45.0,46.80,84,NordicDerivatives-pretrade-2026-07-07T1724
2026-07-07,ELUXB,55.17,63.49,26.90,Aug-26,45.0,51.73,Sep-26,73.0,48.92,73,NordicDerivatives-pretrade-2026-07-07T1724
2026-07-07,EMBRAC,45.82,51.62,63.75,Jul-26,10.0,48.31,Dec-26,164.0,44.76,43,NordicDerivatives-pretrade-2026-07-07T1724
2026-07-07,EPIA,36.84,36.06,257.97,Jul-26,10.0,49.38,Aug-26,45.0,34.31,135,NordicDerivatives-pretrade-2026-07-07T1724
2026-07-07,EQT,37.30,41.83,279.41,Jul-26,10.0,50.66,Oct-26,101.0,31.27,85,NordicDerivatives-pretrade-2026-07-07T1724
2026-07-07,ERICB,38.34,44.08,105.40,31-Jul-26,24.0,35.89,07-Aug-26,31.0,38.64,167,NordicDerivatives-pretrade-2026-07-07T1724
2026-07-07,ESSITB,26.70,25.83,282.25,Jul-26,10.0,38.94,Aug-26,45.0,24.07,87,NordicDerivatives-pretrade-2026-07-07T1724
2026-07-07,EVO,40.51,39.55,667.77,Jul-26,10.0,56.77,Aug-26,45.0,37.11,146,NordicDerivatives-pretrade-2026-07-07T1724
2026-07-07,GETIB,33.70,31.68,206.06,Jul-26,10.0,46.38,Aug-26,45.0,31.09,124,NordicDerivatives-pretrade-2026-07-07T1724
2026-07-07,HEXB,39.18,33.89,82.88,Dec-26,164.0,35.02,Mar-27,255.0,34.67,91,NordicDerivatives-pretrade-2026-07-07T1724
2026-07-07,HMB,21.81,23.59,167.02,Jul-26,10.0,24.55,Aug-26,45.0,21.32,155,NordicDerivatives-pretrade-2026-07-07T1724
2026-07-07,HOLMB,22.63,22.39,302.82,Jul-26,10.0,22.98,Aug-26,45.0,22.57,136,NordicDerivatives-pretrade-2026-07-07T1724
2026-07-07,INDUC,21.31,20.71,525.52,Jul-26,10.0,21.84,Aug-26,45.0,21.22,125,NordicDerivatives-pretrade-2026-07-07T1724
2026-07-07,INVEB,18.06,18.67,398.65,Jul-26,10.0,19.87,Aug-26,45.0,17.75,91,NordicDerivatives-pretrade-2026-07-07T1724
2026-07-07,KINB,35.32,36.72,53.40,Jul-26,10.0,33.31,Aug-26,45.0,35.65,104,NordicDerivatives-pretrade-2026-07-07T1724
2026-07-07,LATOB,27.91,26.21,193.75,Jul-26,10.0,26.01,Aug-26,45.0,28.21,54,NordicDerivatives-pretrade-2026-07-07T1724
2026-07-07,LUMI,52.33,52.93,227.09,Jul-26,10.0,51.34,Aug-26,45.0,52.49,179,NordicDerivatives-pretrade-2026-07-07T1724
2026-07-07,METSO,45.26,39.87,15.60,Aug-26,45.0,39.71,Sep-26,73.0,34.86,25,NordicDerivatives-pretrade-2026-07-07T1724
2026-07-07,NCC,36.69,35.75,192.74,Jul-26,10.0,52.22,Aug-26,45.0,33.41,115,NordicDerivatives-pretrade-2026-07-07T1724
2026-07-07,NESTE,57.96,57.82,27.59,Aug-26,45.0,52.97,Sep-26,73.0,48.80,110,NordicDerivatives-pretrade-2026-07-07T1724
2026-07-07,NEWAB,36.78,35.75,94.30,Jul-26,10.0,21.23,Aug-26,45.0,38.77,103,NordicDerivatives-pretrade-2026-07-07T1724
2026-07-07,NOA,71.36,79.93,10.39,Aug-26,45.0,64.79,Sep-26,73.0,59.25,14,NordicDerivatives-pretrade-2026-07-07T1724
2026-07-07,NOKI,71.62,79.70,115.01,Jul-26,10.0,60.71,Aug-26,45.0,73.28,163,NordicDerivatives-pretrade-2026-07-07T1724
2026-07-07,OCTV,41.19,50.67,169.70,Jul-26,10.0,41.77,Aug-26,45.0,41.10,48,NordicDerivatives-pretrade-2026-07-07T1724
2026-07-07,OMXS30,25.21,15.55,3207.75,31-Jul-26,24.0,27.29,07-Aug-26,31.0,24.93,445,NordicDerivatives-pretrade-2026-07-07T1724
2026-07-07,SAAB,41.22,,599.26,31-Jul-26,24.0,45.68,Aug-26,45.0,34.38,80,NordicDerivatives-pretrade-2026-07-07T1724
2026-07-07,SAGAB,31.95,31.90,164.05,Jul-26,10.0,39.43,Aug-26,45.0,30.52,61,NordicDerivatives-pretrade-2026-07-07T1724
2026-07-07,SAND,28.21,33.62,388.24,31-Jul-26,24.0,32.24,Aug-26,45.0,21.69,62,NordicDerivatives-pretrade-2026-07-07T1724
2026-07-07,SAVE,27.46,28.62,368.89,Jul-26,10.0,34.45,Aug-26,45.0,26.12,43,NordicDerivatives-pretrade-2026-07-07T1724
2026-07-07,SCAB,27.37,26.61,98.82,Jul-26,10.0,22.76,Aug-26,45.0,28.06,112,NordicDerivatives-pretrade-2026-07-07T1724
2026-07-07,SEBA,22.27,21.60,200.36,31-Jul-26,24.0,22.61,07-Aug-26,31.0,22.22,217,NordicDerivatives-pretrade-2026-07-07T1724
2026-07-07,SECUB,23.28,22.97,163.18,Jul-26,10.0,15.71,Aug-26,45.0,24.32,109,NordicDerivatives-pretrade-2026-07-07T1724
2026-07-07,SHBA,23.44,22.40,145.27,Jul-26,10.0,32.03,Aug-26,45.0,21.68,102,NordicDerivatives-pretrade-2026-07-07T1724
2026-07-07,SINCH,62.73,62.20,38.27,Jul-26,10.0,46.15,Aug-26,45.0,65.08,143,NordicDerivatives-pretrade-2026-07-07T1724
2026-07-07,SIVE,122.89,198.08,40.80,Jul-26,10.0,134.31,Sep-26,73.0,119.32,36,NordicDerivatives-pretrade-2026-07-07T1724
2026-07-07,SKAB,28.91,29.72,260.37,Jul-26,10.0,38.91,Mar-27,255.0,23.16,73,NordicDerivatives-pretrade-2026-07-07T1724
2026-07-07,SKFB,32.98,34.64,258.13,31-Jul-26,24.0,34.76,07-Aug-26,31.0,32.75,213,NordicDerivatives-pretrade-2026-07-07T1724
2026-07-07,SOBI,28.30,29.97,479.16,Jul-26,10.0,33.10,Aug-26,45.0,27.41,86,NordicDerivatives-pretrade-2026-07-07T1724
2026-07-07,SSABA,30.21,41.44,94.43,31-Jul-26,24.0,28.13,Aug-26,45.0,32.78,26,NordicDerivatives-pretrade-2026-07-07T1724
2026-07-07,STER,32.31,31.28,103.87,Jul-26,10.0,29.83,Aug-26,45.0,32.70,118,NordicDerivatives-pretrade-2026-07-07T1724
2026-07-07,SWEDA,19.74,22.76,368.14,Jul-26,10.0,25.09,Aug-26,45.0,18.70,81,NordicDerivatives-pretrade-2026-07-07T1724
2026-07-07,TLSN,29.69,29.68,44.60,Aug-26,45.0,26.58,Sep-26,73.0,23.92,86,NordicDerivatives-pretrade-2026-07-07T1724
2026-07-07,TRA,35.31,36.33,387.62,Jul-26,10.0,37.75,Aug-26,45.0,34.89,112,NordicDerivatives-pretrade-2026-07-07T1724
2026-07-07,TRELB,28.54,27.42,410.11,Jul-26,10.0,35.67,Aug-26,45.0,27.17,169,NordicDerivatives-pretrade-2026-07-07T1724
2026-07-07,VOLVB,24.54,,340.89,24-Jul-26,17.0,28.36,07-Aug-26,31.0,24.37,206,NordicDerivatives-pretrade-2026-07-07T1724
2026-07-07,VSURE,44.66,43.30,10.69,Jul-26,10.0,43.14,Aug-26,45.0,44.91,122,NordicDerivatives-pretrade-2026-07-07T1724
2026-07-07,WRT,50.30,48.93,30.62,Aug-26,45.0,42.74,Sep-26,73.0,35.88,14,NordicDerivatives-pretrade-2026-07-07T1724
2026-07-08,AAK,23.48,28.85,240.85,Jul-26,9.0,29.24,Aug-26,44.0,22.59,14,NordicDerivatives-pretrade-2026-07-08T1724
2026-07-08,ABB,36.15,37.89,992.75,07-Aug-26,30.0,36.15,Aug-26,44.0,35.93,256,NordicDerivatives-pretrade-2026-07-08T1724
2026-07-08,ADDTB,35.44,34.40,322.32,Jul-26,9.0,49.65,Aug-26,44.0,33.03,88,NordicDerivatives-pretrade-2026-07-08T1724
2026-07-08,ALFA,25.17,29.69,553.58,Jul-26,9.0,23.31,Aug-26,44.0,25.41,52,NordicDerivatives-pretrade-2026-07-08T1724
2026-07-08,ASSAB,24.44,26.20,329.62,Jul-26,9.0,33.81,Aug-26,44.0,22.86,32,NordicDerivatives-pretrade-2026-07-08T1724
2026-07-08,ATCOA,28.09,36.74,185.55,07-Aug-26,30.0,28.09,Aug-26,44.0,32.97,145,NordicDerivatives-pretrade-2026-07-08T1724
2026-07-08,AXFO,26.42,29.27,266.62,Jul-26,9.0,42.72,Aug-26,44.0,23.33,108,NordicDerivatives-pretrade-2026-07-08T1724
2026-07-08,AZN,28.39,31.90,1847.24,07-Aug-26,30.0,28.39,Aug-26,44.0,32.06,217,NordicDerivatives-pretrade-2026-07-08T1724
2026-07-08,BETSB,46.54,48.92,87.17,Jul-26,9.0,67.98,Aug-26,44.0,42.79,77,NordicDerivatives-pretrade-2026-07-08T1724
2026-07-08,BILL,44.83,45.06,62.08,Jul-26,9.0,64.12,Aug-26,44.0,41.51,116,NordicDerivatives-pretrade-2026-07-08T1724
2026-07-08,BOLI,27.60,,503.05,07-Aug-26,30.0,27.60,Aug-26,44.0,33.00,178,NordicDerivatives-pretrade-2026-07-08T1724
2026-07-08,CAST,29.73,26.79,126.85,Jul-26,9.0,41.24,Aug-26,44.0,27.79,137,NordicDerivatives-pretrade-2026-07-08T1724
2026-07-08,COFFEE,57.82,67.01,17.25,Jul-26,9.0,29.73,Aug-26,44.0,60.65,88,NordicDerivatives-pretrade-2026-07-08T1724
2026-07-08,DOM,51.91,61.29,23.38,Jul-26,9.0,63.84,Aug-26,44.0,50.06,64,NordicDerivatives-pretrade-2026-07-08T1724
2026-07-08,EKTAB,28.49,32.16,50.15,Jul-26,9.0,24.30,Aug-26,44.0,29.02,79,NordicDerivatives-pretrade-2026-07-08T1724
2026-07-08,ELUXB,48.44,63.03,24.91,Sep-26,72.0,48.82,Dec-26,163.0,48.98,66,NordicDerivatives-pretrade-2026-07-08T1724
2026-07-08,EPIA,36.99,36.57,252.57,Jul-26,9.0,50.25,Aug-26,44.0,34.79,100,NordicDerivatives-pretrade-2026-07-08T1724
2026-07-08,EQT,38.53,42.57,270.32,07-Aug-26,30.0,38.53,Aug-26,44.0,37.80,131,NordicDerivatives-pretrade-2026-07-08T1724
2026-07-08,ERICB,32.79,44.54,104.97,07-Aug-26,30.0,32.79,Aug-26,44.0,37.10,141,NordicDerivatives-pretrade-2026-07-08T1724
2026-07-08,ESSITB,25.19,25.94,274.80,Jul-26,9.0,37.85,Aug-26,44.0,22.93,48,NordicDerivatives-pretrade-2026-07-08T1724
2026-07-08,EVO,40.46,39.94,665.69,Jul-26,9.0,58.66,Aug-26,44.0,37.30,145,NordicDerivatives-pretrade-2026-07-08T1724
2026-07-08,GETIB,33.11,33.12,200.98,Jul-26,9.0,48.24,Aug-26,44.0,30.47,136,NordicDerivatives-pretrade-2026-07-08T1724
2026-07-08,HMB,22.81,24.88,160.63,07-Aug-26,30.0,22.81,Aug-26,44.0,25.80,188,NordicDerivatives-pretrade-2026-07-08T1724
2026-07-08,HOLMB,22.85,22.68,299.25,Jul-26,9.0,24.02,Aug-26,44.0,22.69,127,NordicDerivatives-pretrade-2026-07-08T1724
2026-07-08,HUSQB,27.29,60.47,35.08,Dec-26,163.0,27.68,Dec-27,527.0,27.74,14,NordicDerivatives-pretrade-2026-07-08T1724
2026-07-08,INDUC,19.12,21.19,517.92,Jul-26,9.0,21.58,Aug-26,44.0,18.77,90,NordicDerivatives-pretrade-2026-07-08T1724
2026-07-08,INVEB,19.70,19.82,391.41,Jul-26,9.0,23.62,Aug-26,44.0,19.11,56,NordicDerivatives-pretrade-2026-07-08T1724
2026-07-08,KINB,35.51,36.96,52.47,Jul-26,9.0,34.11,Aug-26,44.0,35.70,101,NordicDerivatives-pretrade-2026-07-08T1724
2026-07-08,LATOB,31.16,29.11,186.71,Jul-26,9.0,34.41,Aug-26,44.0,30.69,58,NordicDerivatives-pretrade-2026-07-08T1724
2026-07-08,LIFCOB,26.53,32.68,312.79,Jul-26,9.0,38.19,Aug-26,44.0,24.52,24,NordicDerivatives-pretrade-2026-07-08T1724
2026-07-08,LUMI,51.26,54.78,216.32,Jul-26,9.0,55.17,Aug-26,44.0,50.70,89,NordicDerivatives-pretrade-2026-07-08T1724
2026-07-08,NCC,35.87,36.77,187.00,Jul-26,9.0,55.84,Aug-26,44.0,32.20,103,NordicDerivatives-pretrade-2026-07-08T1724
2026-07-08,NESTE,63.93,59.21,28.66,Dec-26,163.0,34.55,Mar-27,254.0,30.99,32,NordicDerivatives-pretrade-2026-07-08T1724
2026-07-08,NEWAB,38.64,36.95,92.38,Jul-26,9.0,25.02,Aug-26,44.0,40.14,105,NordicDerivatives-pretrade-2026-07-08T1724
2026-07-08,NIBE,34.17,47.76,33.93,Jul-26,9.0,37.96,Aug-26,44.0,33.63,28,NordicDerivatives-pretrade-2026-07-08T1724
2026-07-08,NOKI,76.43,77.88,114.64,Jul-26,9.0,84.87,Aug-26,44.0,75.21,341,NordicDerivatives-pretrade-2026-07-08T1724
2026-07-08,NOKIA,72.43,81.52,113.65,31-Jul-26,23.0,78.98,07-Aug-26,30.0,72.43,80,NordicDerivatives-pretrade-2026-07-08T1724
2026-07-08,OCTV,51.30,53.27,161.93,Jul-26,9.0,57.37,Aug-26,44.0,50.42,134,NordicDerivatives-pretrade-2026-07-08T1724
2026-07-08,OMXS30,16.91,17.43,3144.16,07-Aug-26,30.0,16.91,Aug-26,44.0,18.99,426,NordicDerivatives-pretrade-2026-07-08T1724
2026-07-08,QTCOM,135.86,79.01,22.93,Dec-26,163.0,55.73,Mar-27,254.0,43.19,30,NordicDerivatives-pretrade-2026-07-08T1724
2026-07-08,SAAB,42.37,51.78,584.92,07-Aug-26,30.0,42.37,Aug-26,44.0,48.38,101,NordicDerivatives-pretrade-2026-07-08T1724
2026-07-08,SAGAB,35.02,35.71,156.92,Jul-26,9.0,41.07,Aug-26,44.0,34.11,62,NordicDerivatives-pretrade-2026-07-08T1724
2026-07-08,SAND,33.14,34.06,378.57,07-Aug-26,30.0,33.14,Aug-26,44.0,31.98,129,NordicDerivatives-pretrade-2026-07-08T1724
2026-07-08,SAVE,29.04,29.38,363.30,Jul-26,9.0,36.73,Aug-26,44.0,27.83,42,NordicDerivatives-pretrade-2026-07-08T1724
2026-07-08,SCAB,24.43,27.56,97.13,Jul-26,9.0,24.33,Aug-26,44.0,24.44,102,NordicDerivatives-pretrade-2026-07-08T1724
2026-07-08,SEBA,24.03,23.63,198.83,07-Aug-26,30.0,24.03,Aug-26,44.0,24.20,234,NordicDerivatives-pretrade-2026-07-08T1724
2026-07-08,SECUB,23.70,24.31,161.05,Jul-26,9.0,16.84,Aug-26,44.0,24.49,97,NordicDerivatives-pretrade-2026-07-08T1724
2026-07-08,SHBA,24.91,23.37,142.02,Aug-26,44.0,22.38,Sep-26,72.0,20.03,77,NordicDerivatives-pretrade-2026-07-08T1724
2026-07-08,SINCH,64.18,63.48,37.21,Jul-26,9.0,48.54,Aug-26,44.0,66.03,117,NordicDerivatives-pretrade-2026-07-08T1724
2026-07-08,SIVE,155.81,195.58,39.10,Jul-26,9.0,232.34,Aug-26,44.0,142.22,161,NordicDerivatives-pretrade-2026-07-08T1724
2026-07-08,SKAB,28.78,30.17,254.46,Jul-26,9.0,26.32,Aug-26,44.0,29.10,133,NordicDerivatives-pretrade-2026-07-08T1724
2026-07-08,SKFB,33.38,34.85,250.88,Jul-26,9.0,39.30,Sep-26,72.0,31.72,96,NordicDerivatives-pretrade-2026-07-08T1724
2026-07-08,SOBI,30.22,30.14,473.61,Jul-26,9.0,37.23,Aug-26,44.0,29.13,100,NordicDerivatives-pretrade-2026-07-08T1724
2026-07-08,SSABA,26.45,43.12,93.37,07-Aug-26,30.0,26.45,Aug-26,44.0,41.12,190,NordicDerivatives-pretrade-2026-07-08T1724
2026-07-08,SSABB,38.22,41.40,92.85,Jul-26,9.0,34.42,Aug-26,44.0,38.71,50,NordicDerivatives-pretrade-2026-07-08T1724
2026-07-08,STER,32.41,31.96,101.83,Jul-26,9.0,30.20,Aug-26,44.0,32.69,133,NordicDerivatives-pretrade-2026-07-08T1724
2026-07-08,SWEDA,25.17,24.47,363.54,07-Aug-26,30.0,25.17,Aug-26,44.0,22.77,134,NordicDerivatives-pretrade-2026-07-08T1724
2026-07-08,TLSN,25.37,28.85,45.35,24-Jul-26,16.0,22.39,Aug-26,44.0,26.37,141,NordicDerivatives-pretrade-2026-07-08T1724
2026-07-08,TRA,38.51,37.88,378.09,Jul-26,9.0,41.89,Aug-26,44.0,38.03,140,NordicDerivatives-pretrade-2026-07-08T1724
2026-07-08,TRELB,29.66,28.59,401.62,Jul-26,9.0,38.45,Aug-26,44.0,28.25,166,NordicDerivatives-pretrade-2026-07-08T1724
2026-07-08,VOLVB,28.96,29.36,332.47,07-Aug-26,30.0,28.96,Aug-26,44.0,28.37,249,NordicDerivatives-pretrade-2026-07-08T1724
2026-07-08,VSURE,35.95,44.55,10.19,Jul-26,9.0,34.76,Sep-26,72.0,36.24,72,NordicDerivatives-pretrade-2026-07-08T1724
2026-07-08,WRT,32.44,51.32,29.64,Aug-26,44.0,37.50,Sep-26,72.0,41.25,20,NordicDerivatives-pretrade-2026-07-08T1724
2026-07-09,AAK,27.46,27.88,244.40,Jul-26,8.0,36.43,Aug-26,43.0,26.29,29,NordicDerivatives-pretrade-2026-07-09T1724
2026-07-09,ABB,36.21,37.43,1017.63,07-Aug-26,29.0,36.34,Aug-26,43.0,35.05,212,NordicDerivatives-pretrade-2026-07-09T1724
2026-07-09,ADDTB,31.57,32.95,325.65,Jul-26,8.0,45.98,Aug-26,43.0,29.56,61,NordicDerivatives-pretrade-2026-07-09T1724
2026-07-09,ALFA,26.59,28.87,559.44,Jul-26,8.0,27.48,Aug-26,43.0,26.49,87,NordicDerivatives-pretrade-2026-07-09T1724
2026-07-09,ASSAB,25.27,25.76,332.95,Jul-26,8.0,33.96,Aug-26,43.0,24.12,60,NordicDerivatives-pretrade-2026-07-09T1724
2026-07-09,ATCOA,30.94,37.44,191.28,07-Aug-26,29.0,30.76,Aug-26,43.0,32.48,152,NordicDerivatives-pretrade-2026-07-09T1724
2026-07-09,AXFO,28.50,28.93,266.04,Jul-26,8.0,47.46,Aug-26,43.0,25.57,163,NordicDerivatives-pretrade-2026-07-09T1724
2026-07-09,AZA,30.74,31.71,389.26,Jul-26,8.0,39.80,Aug-26,43.0,29.57,90,NordicDerivatives-pretrade-2026-07-09T1724
2026-07-09,AZN,25.94,30.48,1712.33,31-Jul-26,22.0,22.15,Aug-26,43.0,28.72,131,NordicDerivatives-pretrade-2026-07-09T1724
2026-07-09,BALDB,28.89,30.24,52.41,Jul-26,8.0,34.90,Aug-26,43.0,28.15,64,NordicDerivatives-pretrade-2026-07-09T1724
2026-07-09,BETSB,45.81,48.41,89.14,Jul-26,8.0,69.50,Aug-26,43.0,42.41,120,NordicDerivatives-pretrade-2026-07-09T1724
2026-07-09,BILL,37.99,44.60,62.29,Jul-26,8.0,65.21,Aug-26,43.0,33.69,60,NordicDerivatives-pretrade-2026-07-09T1724
2026-07-09,BOLI,46.19,47.20,522.73,07-Aug-26,29.0,46.19,Aug-26,43.0,46.18,231,NordicDerivatives-pretrade-2026-07-09T1724
2026-07-09,CAST,28.81,25.66,128.57,Jul-26,8.0,42.02,Aug-26,43.0,26.96,135,NordicDerivatives-pretrade-2026-07-09T1724
2026-07-09,DOM,50.51,59.68,23.47,Jul-26,8.0,59.89,Aug-26,43.0,49.37,86,NordicDerivatives-pretrade-2026-07-09T1724
2026-07-09,EKTAB,12.84,15.52,51.09,Aug-26,43.0,28.80,Sep-26,71.0,37.87,68,NordicDerivatives-pretrade-2026-07-09T1724
2026-07-09,ELUXB,48.65,65.68,25.07,Aug-26,43.0,51.46,Dec-26,162.0,55.90,61,NordicDerivatives-pretrade-2026-07-09T1724
2026-07-09,EMBRAC,61.15,55.18,64.19,Jul-26,8.0,52.13,Aug-26,43.0,62.06,167,NordicDerivatives-pretrade-2026-07-09T1724
2026-07-09,EPIA,36.32,35.48,255.84,Jul-26,8.0,51.35,Aug-26,43.0,34.27,112,NordicDerivatives-pretrade-2026-07-09T1724
2026-07-09,EQT,36.30,,278.11,07-Aug-26,29.0,36.53,Aug-26,43.0,34.28,140,NordicDerivatives-pretrade-2026-07-09T1724
2026-07-09,ERICB,39.43,44.42,112.23,07-Aug-26,29.0,39.42,Aug-26,43.0,39.56,165,NordicDerivatives-pretrade-2026-07-09T1724
2026-07-09,ESSITB,26.71,25.66,277.55,Jul-26,8.0,42.22,Aug-26,43.0,24.42,144,NordicDerivatives-pretrade-2026-07-09T1724
2026-07-09,EVO,33.14,39.49,680.11,07-Aug-26,29.0,32.61,Aug-26,43.0,37.39,156,NordicDerivatives-pretrade-2026-07-09T1724
2026-07-09,FABG,24.79,25.27,75.66,Jul-26,8.0,26.34,Aug-26,43.0,24.62,65,NordicDerivatives-pretrade-2026-07-09T1724
2026-07-09,GETIB,34.76,33.08,203.63,Jul-26,8.0,52.08,Aug-26,43.0,32.29,122,NordicDerivatives-pretrade-2026-07-09T1724
2026-07-09,HEXB,26.07,34.37,80.43,Jul-26,8.0,24.88,Aug-26,43.0,26.20,42,NordicDerivatives-pretrade-2026-07-09T1724
2026-07-09,HMB,22.89,23.41,164.77,07-Aug-26,29.0,22.64,Aug-26,43.0,25.04,185,NordicDerivatives-pretrade-2026-07-09T1724
2026-07-09,HOLMB,22.49,22.04,301.50,Jul-26,8.0,22.07,Aug-26,43.0,22.54,125,NordicDerivatives-pretrade-2026-07-09T1724
2026-07-09,HUSQB,47.64,47.40,35.32,Jul-26,8.0,68.92,Aug-26,43.0,44.69,142,NordicDerivatives-pretrade-2026-07-09T1724
2026-07-09,INDUC,20.34,20.22,526.00,Jul-26,8.0,21.52,Aug-26,43.0,20.21,134,NordicDerivatives-pretrade-2026-07-09T1724
2026-07-09,INVEB,19.22,19.06,396.63,Jul-26,8.0,20.93,Aug-26,43.0,19.02,89,NordicDerivatives-pretrade-2026-07-09T1724
2026-07-09,KINB,32.90,36.79,51.37,Jul-26,8.0,34.36,Aug-26,43.0,32.73,95,NordicDerivatives-pretrade-2026-07-09T1724
2026-07-09,LATOB,29.39,28.68,188.75,Jul-26,8.0,32.41,Aug-26,43.0,29.04,60,NordicDerivatives-pretrade-2026-07-09T1724
2026-07-09,LIFCOB,26.95,31.48,318.55,Jul-26,8.0,42.37,Aug-26,43.0,24.68,29,NordicDerivatives-pretrade-2026-07-09T1724
2026-07-09,LUMI,53.18,52.86,231.77,Jul-26,8.0,51.95,Aug-26,43.0,53.31,189,NordicDerivatives-pretrade-2026-07-09T1724
2026-07-09,METSO,37.43,41.26,15.21,Aug-26,43.0,37.80,Sep-26,71.0,38.14,26,NordicDerivatives-pretrade-2026-07-09T1724
2026-07-09,MTGB,46.42,48.07,123.65,Jul-26,8.0,31.13,Aug-26,43.0,47.80,36,NordicDerivatives-pretrade-2026-07-09T1724
2026-07-09,NCC,36.98,36.07,187.87,Jul-26,8.0,57.11,Aug-26,43.0,34.05,112,NordicDerivatives-pretrade-2026-07-09T1724
2026-07-09,NESTE,52.47,51.42,28.93,Jul-26,8.0,43.66,Aug-26,43.0,53.35,184,NordicDerivatives-pretrade-2026-07-09T1724
2026-07-09,NEWAB,39.23,37.17,93.50,Jul-26,8.0,22.33,Aug-26,43.0,40.66,101,NordicDerivatives-pretrade-2026-07-09T1724
2026-07-09,NIBE,40.22,47.02,34.47,Jul-26,8.0,32.93,Aug-26,43.0,40.94,43,NordicDerivatives-pretrade-2026-07-09T1724
2026-07-09,NOKI,75.45,80.63,123.02,Jul-26,8.0,58.66,Aug-26,43.0,77.08,213,NordicDerivatives-pretrade-2026-07-09T1724
2026-07-09,OCTV,50.82,52.71,163.28,Jul-26,8.0,54.46,Aug-26,43.0,50.41,132,NordicDerivatives-pretrade-2026-07-09T1724
2026-07-09,OMXS30,15.55,15.15,3186.24,07-Aug-26,29.0,15.29,Aug-26,43.0,17.68,426,NordicDerivatives-pretrade-2026-07-09T1724
2026-07-09,SAAB,47.27,49.76,564.40,07-Aug-26,29.0,48.48,Aug-26,43.0,34.91,108,NordicDerivatives-pretrade-2026-07-09T1724
2026-07-09,SAGAB,33.93,32.80,160.75,Jul-26,8.0,43.54,Aug-26,43.0,32.70,74,NordicDerivatives-pretrade-2026-07-09T1724
2026-07-09,SAND,30.34,33.03,389.15,07-Aug-26,29.0,30.18,Aug-26,43.0,31.71,97,NordicDerivatives-pretrade-2026-07-09T1724
2026-07-09,SAVE,27.92,28.90,368.65,Jul-26,8.0,36.72,Aug-26,43.0,26.78,42,NordicDerivatives-pretrade-2026-07-09T1724
2026-07-09,SBBB,62.97,58.37,3.54,Jul-26,8.0,84.20,Aug-26,43.0,60.18,107,NordicDerivatives-pretrade-2026-07-09T1724
2026-07-09,SCAB,27.23,26.41,98.08,Jul-26,8.0,22.33,Aug-26,43.0,27.72,109,NordicDerivatives-pretrade-2026-07-09T1724
2026-07-09,SEBA,23.42,22.99,201.40,07-Aug-26,29.0,23.45,Aug-26,43.0,23.11,207,NordicDerivatives-pretrade-2026-07-09T1724
2026-07-09,SECUB,21.30,23.78,162.81,Jul-26,8.0,15.40,Aug-26,43.0,21.85,69,NordicDerivatives-pretrade-2026-07-09T1724
2026-07-09,SHBA,24.41,23.58,143.95,Jul-26,8.0,35.76,Aug-26,43.0,22.82,115,NordicDerivatives-pretrade-2026-07-09T1724
2026-07-09,SINCH,64.75,63.32,38.75,Jul-26,8.0,45.27,Aug-26,43.0,66.55,147,NordicDerivatives-pretrade-2026-07-09T1724
2026-07-09,SIVE,173.99,199.82,41.27,Jul-26,8.0,254.81,Aug-26,43.0,162.67,211,NordicDerivatives-pretrade-2026-07-09T1724
2026-07-09,SKAB,29.96,29.15,255.91,Jul-26,8.0,40.23,Aug-26,43.0,28.61,165,NordicDerivatives-pretrade-2026-07-09T1724
2026-07-09,SKFB,28.01,34.13,256.90,07-Aug-26,29.0,27.48,Aug-26,43.0,32.26,147,NordicDerivatives-pretrade-2026-07-09T1724
2026-07-09,SOBI,27.21,30.50,478.73,Jul-26,8.0,31.80,Aug-26,43.0,26.66,71,NordicDerivatives-pretrade-2026-07-09T1724
2026-07-09,SSABA,29.09,42.40,93.22,07-Aug-26,29.0,27.43,Aug-26,43.0,40.88,170,NordicDerivatives-pretrade-2026-07-09T1724
2026-07-09,STER,32.28,31.41,102.37,Jul-26,8.0,29.17,Aug-26,43.0,32.60,130,NordicDerivatives-pretrade-2026-07-09T1724
2026-07-09,SWEDA,23.14,23.06,368.39,07-Aug-26,29.0,23.18,Aug-26,43.0,22.84,212,NordicDerivatives-pretrade-2026-07-09T1724
2026-07-09,TLSN,24.42,27.92,45.22,07-Aug-26,29.0,24.02,Aug-26,43.0,27.70,251,NordicDerivatives-pretrade-2026-07-09T1724
2026-07-09,TRA,38.51,37.51,376.38,Jul-26,8.0,42.18,Aug-26,43.0,38.08,110,NordicDerivatives-pretrade-2026-07-09T1724
2026-07-09,TRELB,26.37,27.47,409.62,Jul-26,8.0,33.02,Aug-26,43.0,25.53,70,NordicDerivatives-pretrade-2026-07-09T1724
2026-07-09,VCAR,56.11,65.02,20.50,Jul-26,8.0,81.29,Aug-26,43.0,52.61,70,NordicDerivatives-pretrade-2026-07-09T1724
2026-07-09,VOLVB,28.82,28.52,334.07,07-Aug-26,29.0,29.00,Aug-26,43.0,27.23,240,NordicDerivatives-pretrade-2026-07-09T1724
2026-07-09,VSURE,46.42,43.41,10.39,Jul-26,8.0,43.61,Aug-26,43.0,46.72,124,NordicDerivatives-pretrade-2026-07-09T1724
2026-07-10,AAK,26.22,27.65,244.05,Jul-26,7.0,37.31,Aug-26,42.0,25.03,25,NordicDerivatives-pretrade-2026-07-10T1724
2026-07-10,ABB,35.58,37.42,998.53,07-Aug-26,28.0,36.44,14-Aug-26,35.0,33.79,242,NordicDerivatives-pretrade-2026-07-10T1724
2026-07-10,ADDTB,32.11,32.40,328.88,Jul-26,7.0,48.60,Aug-26,42.0,30.26,72,NordicDerivatives-pretrade-2026-07-10T1724
2026-07-10,ALFA,28.12,28.48,559.68,Jul-26,7.0,25.84,Aug-26,42.0,28.31,74,NordicDerivatives-pretrade-2026-07-10T1724
2026-07-10,ASSAB,23.70,25.02,334.60,Jul-26,7.0,34.76,Aug-26,42.0,22.48,63,NordicDerivatives-pretrade-2026-07-10T1724
2026-07-10,ATCOA,36.08,37.19,191.05,07-Aug-26,28.0,36.54,Aug-26,42.0,34.21,229,NordicDerivatives-pretrade-2026-07-10T1724
2026-07-10,AXFO,12.31,26.82,268.18,Aug-26,42.0,16.89,Sep-26,70.0,20.48,44,NordicDerivatives-pretrade-2026-07-10T1724
2026-07-10,AZN,23.49,30.31,1668.99,07-Aug-26,28.0,23.85,14-Aug-26,35.0,22.77,169,NordicDerivatives-pretrade-2026-07-10T1724
2026-07-10,BETSB,44.06,47.95,90.02,Jul-26,7.0,64.40,Aug-26,42.0,41.83,88,NordicDerivatives-pretrade-2026-07-10T1724
2026-07-10,BILL,41.38,44.00,62.99,Jul-26,7.0,52.52,Aug-26,42.0,40.27,100,NordicDerivatives-pretrade-2026-07-10T1724
2026-07-10,BOLI,45.26,45.70,521.55,07-Aug-26,28.0,45.20,Aug-26,42.0,45.52,256,NordicDerivatives-pretrade-2026-07-10T1724
2026-07-10,CAST,26.51,,128.52,Jul-26,7.0,43.31,Aug-26,42.0,24.51,106,NordicDerivatives-pretrade-2026-07-10T1724
2026-07-10,DOM,49.77,58.72,24.38,Jul-26,7.0,63.60,Aug-26,42.0,48.39,91,NordicDerivatives-pretrade-2026-07-10T1724
2026-07-10,EKTAB,15.00,16.57,51.42,Aug-26,42.0,28.12,Sep-26,70.0,36.83,74,NordicDerivatives-pretrade-2026-07-10T1724
2026-07-10,ELUXB,54.96,62.96,24.62,07-Aug-26,28.0,52.69,Aug-26,42.0,63.23,179,NordicDerivatives-pretrade-2026-07-10T1724
2026-07-10,EPIA,33.61,35.16,258.78,Jul-26,7.0,45.34,Aug-26,42.0,32.39,79,NordicDerivatives-pretrade-2026-07-10T1724
2026-07-10,EQT,37.67,41.32,280.10,07-Aug-26,28.0,37.66,14-Aug-26,35.0,37.71,171,NordicDerivatives-pretrade-2026-07-10T1724
2026-07-10,ERICB,35.08,43.90,109.65,07-Aug-26,28.0,34.98,14-Aug-26,35.0,35.29,129,NordicDerivatives-pretrade-2026-07-10T1724
2026-07-10,ESSITB,25.61,26.54,278.40,Jul-26,7.0,43.14,Aug-26,42.0,23.48,64,NordicDerivatives-pretrade-2026-07-10T1724
2026-07-10,EVO,39.79,38.57,685.21,Jul-26,7.0,63.42,Aug-26,42.0,37.03,140,NordicDerivatives-pretrade-2026-07-10T1724
2026-07-10,GETIB,31.83,31.87,206.88,Jul-26,7.0,44.75,Aug-26,42.0,30.45,92,NordicDerivatives-pretrade-2026-07-10T1724
2026-07-10,HMB,21.49,22.89,166.05,07-Aug-26,28.0,23.10,14-Aug-26,35.0,17.84,219,NordicDerivatives-pretrade-2026-07-10T1724
2026-07-10,HOLMB,21.84,21.67,302.51,Jul-26,7.0,17.61,Aug-26,42.0,22.16,110,NordicDerivatives-pretrade-2026-07-10T1724
2026-07-10,INDUC,17.76,19.73,524.85,Jul-26,7.0,19.40,Aug-26,42.0,17.61,73,NordicDerivatives-pretrade-2026-07-10T1724
2026-07-10,INVEB,19.09,19.04,394.50,Jul-26,7.0,22.29,Aug-26,42.0,18.78,53,NordicDerivatives-pretrade-2026-07-10T1724
2026-07-10,KINB,31.98,36.77,50.84,Jul-26,7.0,34.98,Aug-26,42.0,31.70,96,NordicDerivatives-pretrade-2026-07-10T1724
2026-07-10,LATOB,30.36,27.82,190.90,Jul-26,7.0,31.34,Aug-26,42.0,30.27,57,NordicDerivatives-pretrade-2026-07-10T1724
2026-07-10,LIFCOB,26.73,30.94,319.65,Jul-26,7.0,43.51,Aug-26,42.0,24.74,29,NordicDerivatives-pretrade-2026-07-10T1724
2026-07-10,LUMI,50.29,51.63,236.80,Jul-26,7.0,49.14,Aug-26,42.0,50.39,114,NordicDerivatives-pretrade-2026-07-10T1724
2026-07-10,METSO,47.34,40.66,15.36,Aug-26,42.0,38.93,Sep-26,70.0,28.10,15,NordicDerivatives-pretrade-2026-07-10T1724
2026-07-10,NCC,32.15,36.73,183.45,Jul-26,7.0,59.54,Aug-26,42.0,28.56,86,NordicDerivatives-pretrade-2026-07-10T1724
2026-07-10,NDASE,20.66,26.71,185.28,07-Aug-26,28.0,21.93,14-Aug-26,35.0,17.85,130,NordicDerivatives-pretrade-2026-07-10T1724
2026-07-10,NESTE,44.97,50.15,29.78,Sep-26,70.0,39.75,Dec-26,161.0,37.31,42,NordicDerivatives-pretrade-2026-07-10T1724
2026-07-10,NEWAB,38.50,37.40,93.30,Jul-26,7.0,22.08,Aug-26,42.0,39.61,100,NordicDerivatives-pretrade-2026-07-10T1724
2026-07-10,NOBA,37.92,40.95,86.12,Jul-26,7.0,31.59,Aug-26,42.0,38.42,82,NordicDerivatives-pretrade-2026-07-10T1724
2026-07-10,NOKI,74.73,78.18,119.18,Jul-26,7.0,47.50,Aug-26,42.0,76.64,208,NordicDerivatives-pretrade-2026-07-10T1724
2026-07-10,OCTV,45.65,52.48,163.52,Jul-26,7.0,44.03,Aug-26,42.0,45.79,60,NordicDerivatives-pretrade-2026-07-10T1724
2026-07-10,OMXS30,25.21,18.84,3176.83,07-Aug-26,28.0,25.11,Aug-26,42.0,25.58,451,NordicDerivatives-pretrade-2026-07-10T1724
2026-07-10,SAAB,38.76,48.90,546.89,07-Aug-26,28.0,36.29,Aug-26,42.0,47.36,110,NordicDerivatives-pretrade-2026-07-10T1724
2026-07-10,SAGAB,28.47,32.09,161.45,Jul-26,7.0,36.61,Aug-26,42.0,27.65,35,NordicDerivatives-pretrade-2026-07-10T1724
2026-07-10,SAND,32.66,32.28,389.97,07-Aug-26,28.0,32.79,Aug-26,42.0,32.12,199,NordicDerivatives-pretrade-2026-07-10T1724
2026-07-10,SAVE,29.56,28.54,367.56,Jul-26,7.0,40.77,Aug-26,42.0,28.37,71,NordicDerivatives-pretrade-2026-07-10T1724
2026-07-10,SCAB,26.40,26.28,99.16,Jul-26,7.0,21.88,Aug-26,42.0,26.75,95,NordicDerivatives-pretrade-2026-07-10T1724
2026-07-10,SEBA,23.48,22.78,200.35,07-Aug-26,28.0,23.53,Aug-26,42.0,23.29,208,NordicDerivatives-pretrade-2026-07-10T1724
2026-07-10,SECUB,23.96,23.84,163.09,Jul-26,7.0,15.53,Aug-26,42.0,24.56,80,NordicDerivatives-pretrade-2026-07-10T1724
2026-07-10,SHBA,17.30,24.06,144.32,Dec-26,161.0,21.56,Mar-27,252.0,21.87,48,NordicDerivatives-pretrade-2026-07-10T1724
2026-07-10,SINCH,62.45,,39.25,Jul-26,7.0,40.44,Aug-26,42.0,64.01,137,NordicDerivatives-pretrade-2026-07-10T1724
2026-07-10,SIVE,175.90,181.47,46.56,Jul-26,7.0,279.62,Aug-26,42.0,163.81,223,NordicDerivatives-pretrade-2026-07-10T1724
2026-07-10,SKAB,30.17,29.57,254.47,Jul-26,7.0,41.49,Aug-26,42.0,28.98,155,NordicDerivatives-pretrade-2026-07-10T1724
2026-07-10,SKFB,33.04,33.29,259.77,07-Aug-26,28.0,33.21,Aug-26,42.0,32.34,207,NordicDerivatives-pretrade-2026-07-10T1724
2026-07-10,SOBI,29.61,30.25,472.65,Jul-26,7.0,38.59,Aug-26,42.0,28.70,94,NordicDerivatives-pretrade-2026-07-10T1724
2026-07-10,SSABA,28.11,41.16,96.37,07-Aug-26,28.0,29.53,14-Aug-26,35.0,25.03,77,NordicDerivatives-pretrade-2026-07-10T1724
2026-07-10,STER,32.82,36.72,104.40,07-Aug-26,28.0,32.85,Aug-26,42.0,32.71,63,NordicDerivatives-pretrade-2026-07-10T1724
2026-07-10,SWEDA,19.96,23.37,364.25,31-Jul-26,21.0,23.60,14-Aug-26,35.0,18.59,216,NordicDerivatives-pretrade-2026-07-10T1724
2026-07-10,TLSN,21.50,27.64,45.49,Jul-26,7.0,32.32,14-Aug-26,35.0,20.90,134,NordicDerivatives-pretrade-2026-07-10T1724
2026-07-10,TRA,37.44,36.30,384.25,Jul-26,7.0,36.93,Aug-26,42.0,37.49,131,NordicDerivatives-pretrade-2026-07-10T1724
2026-07-10,TRELB,26.56,27.14,412.08,Jul-26,7.0,34.49,Aug-26,42.0,25.75,91,NordicDerivatives-pretrade-2026-07-10T1724
2026-07-10,VOLVB,27.81,27.97,338.32,07-Aug-26,28.0,28.11,14-Aug-26,35.0,27.20,273,NordicDerivatives-pretrade-2026-07-10T1724
2026-07-10,VSURE,47.12,45.71,10.28,Jul-26,7.0,49.21,Aug-26,42.0,46.93,117,NordicDerivatives-pretrade-2026-07-10T1724
2026-07-13,ABB,35.84,37.31,998.80,07-Aug-26,25.0,37.78,14-Aug-26,32.0,35.21,256,NordicDerivatives-pretrade-2026-07-13T1724
2026-07-13,ALFA,32.16,31.63,558.69,Aug-26,39.0,27.59,Sep-26,67.0,19.49,59,NordicDerivatives-pretrade-2026-07-13T1724
2026-07-13,ATCOA,32.65,37.84,189.12,07-Aug-26,25.0,30.73,14-Aug-26,32.0,33.23,142,NordicDerivatives-pretrade-2026-07-13T1724
2026-07-13,AXFO,27.68,27.46,265.56,Aug-26,39.0,26.46,Sep-26,67.0,24.65,88,NordicDerivatives-pretrade-2026-07-13T1724
2026-07-13,AZA,32.47,31.78,377.88,Aug-26,39.0,30.76,Sep-26,67.0,28.20,67,NordicDerivatives-pretrade-2026-07-13T1724
2026-07-13,AZN,24.25,30.17,1637.81,07-Aug-26,25.0,25.32,14-Aug-26,32.0,23.91,157,NordicDerivatives-pretrade-2026-07-13T1724
2026-07-13,BETSB,20.20,40.13,91.27,Sep-26,67.0,28.19,Mar-27,249.0,31.99,24,NordicDerivatives-pretrade-2026-07-13T1724
2026-07-13,BILL,44.87,45.39,62.21,Aug-26,39.0,42.30,Sep-26,67.0,38.43,114,NordicDerivatives-pretrade-2026-07-13T1724
2026-07-13,BOLI,44.78,47.54,515.60,07-Aug-26,25.0,47.25,14-Aug-26,32.0,43.98,260,NordicDerivatives-pretrade-2026-07-13T1724
2026-07-13,CAST,28.60,26.64,127.83,Aug-26,39.0,27.65,Sep-26,67.0,26.28,100,NordicDerivatives-pretrade-2026-07-13T1724
2026-07-13,COFFEE,54.72,66.59,17.67,Aug-26,39.0,51.09,Sep-26,67.0,45.57,68,NordicDerivatives-pretrade-2026-07-13T1724
2026-07-13,EKTAB,21.08,24.39,51.89,Aug-26,39.0,28.86,Sep-26,67.0,37.07,45,NordicDerivatives-pretrade-2026-07-13T1724
2026-07-13,ELUXB,116.33,48.72,24.44,Dec-26,158.0,52.67,Mar-27,249.0,43.05,62,NordicDerivatives-pretrade-2026-07-13T1724
2026-07-13,EPIA,36.15,36.40,253.96,Aug-26,39.0,34.92,Sep-26,67.0,33.11,90,NordicDerivatives-pretrade-2026-07-13T1724
2026-07-13,EQT,38.03,40.10,282.25,07-Aug-26,25.0,39.02,14-Aug-26,32.0,37.71,190,NordicDerivatives-pretrade-2026-07-13T1724
2026-07-13,ERICB,36.23,42.21,112.67,07-Aug-26,25.0,38.67,14-Aug-26,32.0,35.43,160,NordicDerivatives-pretrade-2026-07-13T1724
2026-07-13,ESSITB,25.91,26.87,280.09,Aug-26,39.0,24.56,Sep-26,67.0,22.54,30,NordicDerivatives-pretrade-2026-07-13T1724
2026-07-13,EVO,28.74,39.30,698.41,07-Aug-26,25.0,30.57,14-Aug-26,32.0,28.15,130,NordicDerivatives-pretrade-2026-07-13T1724
2026-07-13,GETIB,31.24,32.11,211.06,Aug-26,39.0,29.51,Sep-26,67.0,26.92,83,NordicDerivatives-pretrade-2026-07-13T1724
2026-07-13,HMB,9.71,20.71,166.55,Aug-26,39.0,18.71,Oct-26,95.0,29.20,113,NordicDerivatives-pretrade-2026-07-13T1724
2026-07-13,HOLMB,23.64,23.38,301.51,Aug-26,39.0,23.25,Sep-26,67.0,22.70,157,NordicDerivatives-pretrade-2026-07-13T1724
2026-07-13,INDUC,18.93,20.92,521.79,Aug-26,39.0,19.00,Sep-26,67.0,19.09,91,NordicDerivatives-pretrade-2026-07-13T1724
2026-07-13,INVEB,16.63,19.51,392.01,Aug-26,39.0,17.37,Sep-26,67.0,18.34,56,NordicDerivatives-pretrade-2026-07-13T1724
2026-07-13,KINB,34.86,36.75,52.17,Aug-26,39.0,35.44,Sep-26,67.0,36.23,88,NordicDerivatives-pretrade-2026-07-13T1724
2026-07-13,LATOB,29.57,28.88,191.42,Aug-26,39.0,29.66,Sep-26,67.0,29.79,54,NordicDerivatives-pretrade-2026-07-13T1724
2026-07-13,LIFCOB,31.41,31.29,323.49,Aug-26,39.0,29.45,Sep-26,67.0,26.49,36,NordicDerivatives-pretrade-2026-07-13T1724
2026-07-13,LUMI,53.61,54.57,235.87,Aug-26,39.0,53.73,Sep-26,67.0,53.90,194,NordicDerivatives-pretrade-2026-07-13T1724
2026-07-13,NCC,36.93,36.70,182.45,Aug-26,39.0,34.95,Sep-26,67.0,32.00,67,NordicDerivatives-pretrade-2026-07-13T1724
2026-07-13,NDASE,18.02,28.49,184.92,31-Jul-26,18.0,18.40,07-Aug-26,25.0,18.13,15,NordicDerivatives-pretrade-2026-07-13T1724
2026-07-13,NEWAB,44.71,42.82,93.75,Aug-26,39.0,40.81,Sep-26,67.0,34.66,81,NordicDerivatives-pretrade-2026-07-13T1724
2026-07-13,NIBE,35.63,47.97,35.81,Aug-26,39.0,30.93,Sep-26,67.0,22.80,17,NordicDerivatives-pretrade-2026-07-13T1724
2026-07-13,NOKI,80.21,83.22,116.22,Aug-26,39.0,76.47,Sep-26,67.0,70.93,202,NordicDerivatives-pretrade-2026-07-13T1724
2026-07-13,OCTV,47.22,56.21,162.66,Aug-26,39.0,48.23,Sep-26,67.0,49.61,94,NordicDerivatives-pretrade-2026-07-13T1724
2026-07-13,OMXS30,24.81,18.41,3156.50,07-Aug-26,25.0,26.15,Aug-26,39.0,23.17,395,NordicDerivatives-pretrade-2026-07-13T1724
2026-07-13,QTCOM,47.69,47.75,24.41,Oct-26,95.0,43.88,Dec-26,158.0,43.14,16,NordicDerivatives-pretrade-2026-07-13T1724
2026-07-13,SAAB,46.40,50.77,528.43,07-Aug-26,25.0,48.63,14-Aug-26,32.0,45.68,249,NordicDerivatives-pretrade-2026-07-13T1724
2026-07-13,SAGAB,32.11,32.42,162.54,Aug-26,39.0,31.28,Sep-26,67.0,30.10,51,NordicDerivatives-pretrade-2026-07-13T1724
2026-07-13,SAND,31.61,33.43,388.48,07-Aug-26,25.0,32.17,14-Aug-26,32.0,31.43,121,NordicDerivatives-pretrade-2026-07-13T1724
2026-07-13,SCAB,29.62,28.57,98.81,Aug-26,39.0,28.52,Sep-26,67.0,26.92,121,NordicDerivatives-pretrade-2026-07-13T1724
2026-07-13,SEBA,23.79,23.35,199.77,07-Aug-26,25.0,24.28,Aug-26,39.0,23.21,203,NordicDerivatives-pretrade-2026-07-13T1724
2026-07-13,SECUB,26.34,27.26,161.90,Aug-26,39.0,24.78,Sep-26,67.0,22.43,98,NordicDerivatives-pretrade-2026-07-13T1724
2026-07-13,SHBA,7.71,,142.88,Aug-26,39.0,13.46,Dec-26,158.0,22.07,86,NordicDerivatives-pretrade-2026-07-13T1724
2026-07-13,SINCH,70.80,71.89,40.15,Aug-26,39.0,66.21,Sep-26,67.0,59.23,107,NordicDerivatives-pretrade-2026-07-13T1724
2026-07-13,SIVE,153.10,190.52,41.60,Aug-26,39.0,160.41,Sep-26,67.0,170.06,129,NordicDerivatives-pretrade-2026-07-13T1724
2026-07-13,SKAB,30.98,30.13,252.07,Aug-26,39.0,29.56,Sep-26,67.0,27.45,141,NordicDerivatives-pretrade-2026-07-13T1724
2026-07-13,SKFB,30.98,34.14,259.99,07-Aug-26,25.0,31.83,14-Aug-26,32.0,30.71,170,NordicDerivatives-pretrade-2026-07-13T1724
2026-07-13,SOBI,28.29,31.10,462.28,Aug-26,39.0,28.25,Sep-26,67.0,28.19,76,NordicDerivatives-pretrade-2026-07-13T1724
2026-07-13,SSABA,37.52,41.50,98.54,31-Jul-26,18.0,38.71,Aug-26,39.0,37.10,48,NordicDerivatives-pretrade-2026-07-13T1724
2026-07-13,STER,36.06,37.30,102.65,07-Aug-26,25.0,36.77,Aug-26,39.0,35.23,161,NordicDerivatives-pretrade-2026-07-13T1724
2026-07-13,SWEDA,23.19,23.57,361.90,07-Aug-26,25.0,23.99,14-Aug-26,32.0,22.94,220,NordicDerivatives-pretrade-2026-07-13T1724
2026-07-13,TLSN,16.08,27.53,46.26,24-Jul-26,11.0,24.06,14-Aug-26,32.0,15.72,128,NordicDerivatives-pretrade-2026-07-13T1724
2026-07-13,TRA,38.80,38.30,380.43,Aug-26,39.0,37.41,Sep-26,67.0,35.38,96,NordicDerivatives-pretrade-2026-07-13T1724
2026-07-13,TRELB,23.07,27.54,408.41,Aug-26,39.0,24.07,Dec-26,158.0,26.41,50,NordicDerivatives-pretrade-2026-07-13T1724
2026-07-13,TYRES,42.45,27.07,13.32,Dec-26,158.0,29.22,Mar-27,249.0,27.80,26,NordicDerivatives-pretrade-2026-07-13T1724
2026-07-13,VOLVB,23.46,28.65,335.32,07-Aug-26,25.0,23.85,14-Aug-26,32.0,23.34,211,NordicDerivatives-pretrade-2026-07-13T1724
2026-07-13,VSURE,51.55,49.76,10.11,Aug-26,39.0,49.04,Sep-26,67.0,45.31,116,NordicDerivatives-pretrade-2026-07-13T1724
2026-07-14,ABB,36.08,37.39,1017.11,07-Aug-26,24.0,38.58,14-Aug-26,31.0,35.75,258,NordicDerivatives-pretrade-2026-07-14T1724
2026-07-14,ADDTB,26.20,25.07,338.76,Aug-26,38.0,26.28,Sep-26,66.0,26.41,89,NordicDerivatives-pretrade-2026-07-14T1724
2026-07-14,ALFA,31.98,30.29,564.76,Aug-26,38.0,28.63,Sep-26,66.0,22.29,81,NordicDerivatives-pretrade-2026-07-14T1724
2026-07-14,ASMDEE,36.20,35.31,143.07,Aug-26,38.0,34.51,Sep-26,66.0,31.64,27,NordicDerivatives-pretrade-2026-07-14T1724
2026-07-14,ASSAB,27.26,26.46,328.50,Aug-26,38.0,25.53,Sep-26,66.0,22.52,43,NordicDerivatives-pretrade-2026-07-14T1724
2026-07-14,ATCOA,36.46,38.67,189.08,07-Aug-26,24.0,39.93,14-Aug-26,31.0,35.99,266,NordicDerivatives-pretrade-2026-07-14T1724
2026-07-14,ATCOB,36.10,38.46,165.85,Aug-26,38.0,34.00,Sep-26,66.0,30.36,81,NordicDerivatives-pretrade-2026-07-14T1724
2026-07-14,AXFO,28.42,27.80,266.64,Aug-26,38.0,27.18,Sep-26,66.0,25.09,155,NordicDerivatives-pretrade-2026-07-14T1724
2026-07-14,AZA,28.56,28.02,396.41,Aug-26,38.0,28.18,Sep-26,66.0,27.57,67,NordicDerivatives-pretrade-2026-07-14T1724
2026-07-14,AZN,22.21,30.66,1602.12,07-Aug-26,24.0,27.68,14-Aug-26,31.0,21.40,189,NordicDerivatives-pretrade-2026-07-14T1724
2026-07-14,BALDB,32.71,30.99,52.16,Aug-26,38.0,30.58,Sep-26,66.0,26.83,54,NordicDerivatives-pretrade-2026-07-14T1724
2026-07-14,BETSB,48.24,48.28,89.89,Aug-26,38.0,46.29,Sep-26,66.0,43.00,149,NordicDerivatives-pretrade-2026-07-14T1724
2026-07-14,BILL,46.87,47.38,61.56,Aug-26,38.0,43.87,Sep-26,66.0,38.64,133,NordicDerivatives-pretrade-2026-07-14T1724
2026-07-14,BOLI,35.55,46.39,531.96,07-Aug-26,24.0,47.23,14-Aug-26,31.0,33.75,225,NordicDerivatives-pretrade-2026-07-14T1724
2026-07-14,BONEX,54.72,53.60,232.31,Aug-26,38.0,53.09,Sep-26,66.0,50.38,81,NordicDerivatives-pretrade-2026-07-14T1724
2026-07-14,CAST,27.49,25.28,128.89,Aug-26,38.0,27.01,Sep-26,66.0,26.24,94,NordicDerivatives-pretrade-2026-07-14T1724
2026-07-14,COFFEE,67.14,64.67,17.80,Aug-26,38.0,59.72,Sep-26,66.0,45.49,92,NordicDerivatives-pretrade-2026-07-14T1724
2026-07-14,DOM,52.56,51.76,23.03,Aug-26,38.0,50.77,Sep-26,66.0,47.77,108,NordicDerivatives-pretrade-2026-07-14T1724
2026-07-14,EKTAB,31.53,27.27,47.42,Aug-26,38.0,37.09,Sep-26,66.0,44.52,88,NordicDerivatives-pretrade-2026-07-14T1724
2026-07-14,ELISA,26.79,27.07,36.86,Aug-26,38.0,25.88,Sep-26,66.0,24.37,39,NordicDerivatives-pretrade-2026-07-14T1724
2026-07-14,ELUXB,53.62,62.64,24.45,07-Aug-26,24.0,56.03,14-Aug-26,31.0,53.30,211,NordicDerivatives-pretrade-2026-07-14T1724
2026-07-14,EMBRAC,68.12,65.60,67.57,Aug-26,38.0,63.70,Sep-26,66.0,55.96,132,NordicDerivatives-pretrade-2026-07-14T1724
2026-07-14,EPIA,36.14,35.23,256.50,Aug-26,38.0,34.82,Sep-26,66.0,32.62,104,NordicDerivatives-pretrade-2026-07-14T1724
2026-07-14,EQT,38.71,40.80,284.36,07-Aug-26,24.0,40.42,14-Aug-26,31.0,38.48,222,NordicDerivatives-pretrade-2026-07-14T1724
2026-07-14,ERICB,27.28,29.84,98.98,07-Aug-26,24.0,29.18,14-Aug-26,31.0,27.02,220,NordicDerivatives-pretrade-2026-07-14T1724
2026-07-14,ESSITB,29.62,27.11,279.12,Aug-26,38.0,26.21,Sep-26,66.0,19.58,58,NordicDerivatives-pretrade-2026-07-14T1724
2026-07-14,EVO,37.04,38.09,691.50,07-Aug-26,24.0,39.15,14-Aug-26,31.0,36.76,220,NordicDerivatives-pretrade-2026-07-14T1724
2026-07-14,FABG,24.97,25.16,75.82,Aug-26,38.0,24.34,Sep-26,66.0,23.30,61,NordicDerivatives-pretrade-2026-07-14T1724
2026-07-14,FORTUM,35.13,34.75,20.39,Aug-26,38.0,34.70,Sep-26,66.0,34.02,28,NordicDerivatives-pretrade-2026-07-14T1724
2026-07-14,GETIB,32.98,32.81,207.58,Aug-26,38.0,31.78,Sep-26,66.0,29.77,121,NordicDerivatives-pretrade-2026-07-14T1724
2026-07-14,HEXB,39.72,37.34,80.13,Aug-26,38.0,38.72,Sep-26,66.0,37.08,169,NordicDerivatives-pretrade-2026-07-14T1724
2026-07-14,HMB,23.78,23.74,162.98,07-Aug-26,24.0,24.25,14-Aug-26,31.0,23.72,242,NordicDerivatives-pretrade-2026-07-14T1724
2026-07-14,HUH,31.83,29.12,26.16,Aug-26,38.0,30.10,Sep-26,66.0,27.12,19,NordicDerivatives-pretrade-2026-07-14T1724
2026-07-14,HUSQB,46.49,46.53,36.41,Aug-26,38.0,44.71,Sep-26,66.0,41.72,103,NordicDerivatives-pretrade-2026-07-14T1724
2026-07-14,INDUC,19.31,20.16,532.80,Aug-26,38.0,18.99,Sep-26,66.0,18.47,103,NordicDerivatives-pretrade-2026-07-14T1724
2026-07-14,INVEB,19.92,18.13,395.27,Aug-26,38.0,19.89,Sep-26,66.0,19.85,98,NordicDerivatives-pretrade-2026-07-14T1724
2026-07-14,JM,40.67,40.07,121.42,Aug-26,38.0,39.39,Dec-26,157.0,35.50,26,NordicDerivatives-pretrade-2026-07-14T1724
2026-07-14,KCR,47.81,47.31,26.96,Aug-26,38.0,44.88,Sep-26,66.0,39.78,43,NordicDerivatives-pretrade-2026-07-14T1724
2026-07-14,KEMIRA,31.96,29.25,16.91,Aug-26,38.0,30.29,Sep-26,66.0,27.42,25,NordicDerivatives-pretrade-2026-07-14T1724
2026-07-14,KESKOB,26.38,24.27,19.52,Aug-26,38.0,24.63,Sep-26,66.0,21.56,30,NordicDerivatives-pretrade-2026-07-14T1724
2026-07-14,KINB,35.69,34.55,52.09,Aug-26,38.0,36.30,Sep-26,66.0,37.25,123,NordicDerivatives-pretrade-2026-07-14T1724
2026-07-14,KNEB,31.55,25.61,49.45,Sep-26,66.0,26.17,Oct-26,94.0,24.65,20,NordicDerivatives-pretrade-2026-07-14T1724
2026-07-14,LATOB,31.73,27.82,193.34,Aug-26,38.0,30.36,Sep-26,66.0,28.04,56,NordicDerivatives-pretrade-2026-07-14T1724
2026-07-14,LIFCOB,23.89,23.20,333.75,Aug-26,38.0,23.40,Sep-26,66.0,22.60,39,NordicDerivatives-pretrade-2026-07-14T1724
2026-07-14,LUMI,52.79,53.05,243.42,Aug-26,38.0,52.81,Sep-26,66.0,52.84,195,NordicDerivatives-pretrade-2026-07-14T1724
2026-07-14,METSO,40.14,,15.58,Aug-26,38.0,39.28,Sep-26,66.0,37.89,25,NordicDerivatives-pretrade-2026-07-14T1724
2026-07-14,NCC,28.54,27.95,170.94,Aug-26,38.0,28.01,Sep-26,66.0,27.16,66,NordicDerivatives-pretrade-2026-07-14T1724
2026-07-14,NDAFI,26.40,27.62,16.79,Aug-26,38.0,25.29,Sep-26,66.0,23.42,19,NordicDerivatives-pretrade-2026-07-14T1724
2026-07-14,NDASE,22.66,27.53,186.50,07-Aug-26,24.0,25.31,14-Aug-26,31.0,22.29,272,NordicDerivatives-pretrade-2026-07-14T1724
2026-07-14,NESTE,54.62,55.22,31.03,Aug-26,38.0,53.14,Sep-26,66.0,50.71,145,NordicDerivatives-pretrade-2026-07-14T1724
2026-07-14,NEWAB,42.46,42.41,92.81,Aug-26,38.0,39.66,Sep-26,66.0,34.74,96,NordicDerivatives-pretrade-2026-07-14T1724
2026-07-14,NIBE,34.52,37.45,36.20,07-Aug-26,24.0,33.79,14-Aug-26,31.0,34.61,119,NordicDerivatives-pretrade-2026-07-14T1724
2026-07-14,NOA,77.23,75.12,10.23,Aug-26,38.0,75.35,Sep-26,66.0,72.27,52,NordicDerivatives-pretrade-2026-07-14T1724
2026-07-14,NOBA,43.15,41.26,86.66,Aug-26,38.0,40.82,Sep-26,66.0,36.80,53,NordicDerivatives-pretrade-2026-07-14T1724
2026-07-14,NOKI,75.24,79.41,112.85,Aug-26,38.0,73.39,Sep-26,66.0,70.34,201,NordicDerivatives-pretrade-2026-07-14T1724
2026-07-14,OMXS30,15.07,14.96,3161.40,07-Aug-26,24.0,14.90,14-Aug-26,31.0,15.09,319,NordicDerivatives-pretrade-2026-07-14T1724
2026-07-14,ORNB,41.50,39.37,67.72,Aug-26,38.0,38.85,Sep-26,66.0,34.20,33,NordicDerivatives-pretrade-2026-07-14T1724
2026-07-14,SAAB,45.79,49.04,525.92,07-Aug-26,24.0,47.49,14-Aug-26,31.0,45.57,244,NordicDerivatives-pretrade-2026-07-14T1724
2026-07-14,SAGAB,25.22,27.08,166.95,Aug-26,38.0,25.60,Sep-26,66.0,26.21,42,NordicDerivatives-pretrade-2026-07-14T1724
2026-07-14,SAND,31.83,32.83,390.74,07-Aug-26,24.0,31.93,14-Aug-26,31.0,31.82,158,NordicDerivatives-pretrade-2026-07-14T1724
2026-07-14,SAVE,29.60,28.07,372.85,Aug-26,38.0,28.28,Sep-26,66.0,26.05,42,NordicDerivatives-pretrade-2026-07-14T1724
2026-07-14,SBBB,49.25,56.49,3.73,Aug-26,38.0,51.98,Sep-26,66.0,56.05,99,NordicDerivatives-pretrade-2026-07-14T1724
2026-07-14,SCAB,30.82,29.67,99.35,Aug-26,38.0,29.10,Sep-26,66.0,26.14,122,NordicDerivatives-pretrade-2026-07-14T1724
2026-07-14,SEBA,22.56,22.33,202.97,07-Aug-26,24.0,23.66,14-Aug-26,31.0,22.41,270,NordicDerivatives-pretrade-2026-07-14T1724
2026-07-14,SECUB,27.19,26.72,161.54,Aug-26,38.0,25.91,Sep-26,66.0,23.73,145,NordicDerivatives-pretrade-2026-07-14T1724
2026-07-14,SHBA,24.41,23.68,143.97,07-Aug-26,24.0,25.59,14-Aug-26,31.0,24.26,170,NordicDerivatives-pretrade-2026-07-14T1724
2026-07-14,SINCH,70.69,72.86,39.54,Aug-26,38.0,67.41,Sep-26,66.0,61.83,150,NordicDerivatives-pretrade-2026-07-14T1724
2026-07-14,SKAB,30.72,29.66,250.20,Aug-26,38.0,29.69,Sep-26,66.0,27.99,153,NordicDerivatives-pretrade-2026-07-14T1724
2026-07-14,SKFB,32.57,34.12,259.45,07-Aug-26,24.0,34.70,14-Aug-26,31.0,32.29,218,NordicDerivatives-pretrade-2026-07-14T1724
2026-07-14,SOBI,30.90,31.63,454.73,Aug-26,38.0,30.45,Sep-26,66.0,29.73,87,NordicDerivatives-pretrade-2026-07-14T1724
2026-07-14,SSABA,40.42,40.48,100.62,07-Aug-26,24.0,41.97,14-Aug-26,31.0,40.22,266,NordicDerivatives-pretrade-2026-07-14T1724
2026-07-14,SSABB,37.58,40.39,100.19,Aug-26,38.0,33.87,Sep-26,66.0,26.92,20,NordicDerivatives-pretrade-2026-07-14T1724
2026-07-14,STE,37.96,38.67,9.32,Aug-26,38.0,36.50,Sep-26,66.0,34.04,14,NordicDerivatives-pretrade-2026-07-14T1724
2026-07-14,STER,34.23,34.45,102.74,Aug-26,38.0,34.44,Sep-26,66.0,34.77,131,NordicDerivatives-pretrade-2026-07-14T1724
2026-07-14,SWEDA,23.22,22.87,365.69,07-Aug-26,24.0,24.43,14-Aug-26,31.0,23.05,243,NordicDerivatives-pretrade-2026-07-14T1724
2026-07-14,TIETO,37.26,37.49,17.95,Aug-26,38.0,35.08,Sep-26,66.0,31.32,46,NordicDerivatives-pretrade-2026-07-14T1724
2026-07-14,TLSN,23.49,26.77,46.50,07-Aug-26,24.0,25.65,14-Aug-26,31.0,23.20,252,NordicDerivatives-pretrade-2026-07-14T1724
2026-07-14,TRA,38.66,38.38,381.40,Aug-26,38.0,37.58,Sep-26,66.0,35.79,106,NordicDerivatives-pretrade-2026-07-14T1724
2026-07-14,TRELB,28.26,27.24,411.89,Aug-26,38.0,27.45,Sep-26,66.0,26.12,154,NordicDerivatives-pretrade-2026-07-14T1724
2026-07-14,TYRES,43.47,41.97,13.11,Aug-26,38.0,40.77,Sep-26,66.0,36.05,87,NordicDerivatives-pretrade-2026-07-14T1724
2026-07-14,UPM,29.73,28.28,23.35,Aug-26,38.0,28.84,Sep-26,66.0,27.35,21,NordicDerivatives-pretrade-2026-07-14T1724
2026-07-14,VALMT,37.39,39.77,21.57,Aug-26,38.0,35.36,Sep-26,66.0,31.87,35,NordicDerivatives-pretrade-2026-07-14T1724
2026-07-14,VCAR,66.15,64.30,20.23,Aug-26,38.0,60.41,Sep-26,66.0,49.95,55,NordicDerivatives-pretrade-2026-07-14T1724
2026-07-14,VOLVB,28.54,28.27,336.60,07-Aug-26,24.0,29.75,14-Aug-26,31.0,28.38,269,NordicDerivatives-pretrade-2026-07-14T1724
2026-07-14,VSURE,49.65,49.05,10.10,Aug-26,38.0,48.14,Sep-26,66.0,45.64,119,NordicDerivatives-pretrade-2026-07-14T1724
2026-07-14,WRT,50.62,49.29,30.27,Aug-26,38.0,47.85,Sep-26,66.0,43.08,28,NordicDerivatives-pretrade-2026-07-14T1724
2026-07-15,ABB,35.40,37.04,998.60,14-Aug-26,30.0,35.40,Aug-26,37.0,36.10,207,NordicDerivatives-pretrade-2026-07-15T1724
2026-07-15,ADDTB,25.70,23.34,340.95,Aug-26,37.0,24.69,Sep-26,65.0,22.72,35,NordicDerivatives-pretrade-2026-07-15T1724
2026-07-15,ALFA,28.49,30.71,561.78,Aug-26,37.0,26.96,Sep-26,65.0,23.89,84,NordicDerivatives-pretrade-2026-07-15T1724
2026-07-15,ASSAB,26.63,25.51,331.51,Aug-26,37.0,25.28,Sep-26,65.0,22.58,62,NordicDerivatives-pretrade-2026-07-15T1724
2026-07-15,ATCOA,35.91,38.36,187.20,14-Aug-26,30.0,35.91,Aug-26,37.0,35.39,232,NordicDerivatives-pretrade-2026-07-15T1724
2026-07-15,ATCOB,32.91,38.81,165.00,Aug-26,37.0,30.92,Sep-26,65.0,26.87,38,NordicDerivatives-pretrade-2026-07-15T1724
2026-07-15,AXFO,15.77,22.40,229.03,Aug-26,37.0,17.76,Sep-26,65.0,20.94,67,NordicDerivatives-pretrade-2026-07-15T1724
2026-07-15,AZN,27.74,30.61,1627.71,14-Aug-26,30.0,27.74,Aug-26,37.0,31.59,217,NordicDerivatives-pretrade-2026-07-15T1724
2026-07-15,BETSB,42.14,46.50,91.11,Aug-26,37.0,40.93,Sep-26,65.0,38.60,122,NordicDerivatives-pretrade-2026-07-15T1724
2026-07-15,BILL,46.56,45.55,62.20,Aug-26,37.0,43.99,Sep-26,65.0,38.82,119,NordicDerivatives-pretrade-2026-07-15T1724
2026-07-15,BOLI,45.49,47.62,518.88,14-Aug-26,30.0,45.49,Aug-26,37.0,48.20,276,NordicDerivatives-pretrade-2026-07-15T1724
2026-07-15,BONEX,52.15,56.00,219.60,Aug-26,37.0,51.62,Sep-26,65.0,50.63,31,NordicDerivatives-pretrade-2026-07-15T1724
2026-07-15,CAST,24.78,23.24,131.18,Aug-26,37.0,26.34,Sep-26,65.0,29.01,160,NordicDerivatives-pretrade-2026-07-15T1724
2026-07-15,DOM,38.20,48.67,23.17,Aug-26,37.0,39.52,Sep-26,65.0,41.84,99,NordicDerivatives-pretrade-2026-07-15T1724
2026-07-15,EKTAB,31.50,31.99,47.75,Aug-26,37.0,34.98,Sep-26,65.0,40.64,82,NordicDerivatives-pretrade-2026-07-15T1724
2026-07-15,ELUXB,50.91,60.90,25.25,Aug-26,37.0,50.80,Oct-26,93.0,50.51,94,NordicDerivatives-pretrade-2026-07-15T1724
2026-07-15,EPIA,35.53,35.88,254.10,Aug-26,37.0,34.47,Sep-26,65.0,32.43,83,NordicDerivatives-pretrade-2026-07-15T1724
2026-07-15,EQT,37.52,39.45,290.69,14-Aug-26,30.0,37.52,Aug-26,37.0,37.95,195,NordicDerivatives-pretrade-2026-07-15T1724
2026-07-15,ERICB,29.65,29.76,97.53,14-Aug-26,30.0,29.65,Aug-26,37.0,30.13,234,NordicDerivatives-pretrade-2026-07-15T1724
2026-07-15,ESSITB,28.19,26.32,280.01,Aug-26,37.0,26.00,Sep-26,65.0,21.38,63,NordicDerivatives-pretrade-2026-07-15T1724
2026-07-15,EVO,31.71,38.26,702.45,14-Aug-26,30.0,31.71,Aug-26,37.0,36.76,183,NordicDerivatives-pretrade-2026-07-15T1724
2026-07-15,FABG,11.16,26.02,75.54,Oct-26,93.0,20.36,Dec-26,156.0,21.69,15,NordicDerivatives-pretrade-2026-07-15T1724
2026-07-15,GETIB,32.58,32.82,206.87,Aug-26,37.0,31.54,Sep-26,65.0,29.54,108,NordicDerivatives-pretrade-2026-07-15T1724
2026-07-15,HEXB,35.08,36.21,80.60,Aug-26,37.0,33.63,Sep-26,65.0,30.77,96,NordicDerivatives-pretrade-2026-07-15T1724
2026-07-15,HMB,21.52,23.91,162.55,14-Aug-26,30.0,21.52,Aug-26,37.0,25.43,153,NordicDerivatives-pretrade-2026-07-15T1724
2026-07-15,HOLMB,22.99,21.95,304.26,Aug-26,37.0,22.69,Sep-26,65.0,22.12,160,NordicDerivatives-pretrade-2026-07-15T1724
2026-07-15,HUSQB,32.06,43.53,36.99,Aug-26,37.0,30.92,Dec-26,156.0,26.89,24,NordicDerivatives-pretrade-2026-07-15T1724
2026-07-15,INDUC,20.86,19.79,528.65,Aug-26,37.0,20.83,Sep-26,65.0,20.78,137,NordicDerivatives-pretrade-2026-07-15T1724
2026-07-15,INVEB,18.93,18.86,393.39,Aug-26,37.0,18.74,Sep-26,65.0,18.37,84,NordicDerivatives-pretrade-2026-07-15T1724
2026-07-15,KCR,42.53,46.61,26.90,Aug-26,37.0,40.57,Oct-26,93.0,35.00,16,NordicDerivatives-pretrade-2026-07-15T1724
2026-07-15,KINB,36.00,34.37,51.66,Aug-26,37.0,35.90,Sep-26,65.0,35.70,114,NordicDerivatives-pretrade-2026-07-15T1724
2026-07-15,LATOB,27.31,27.12,194.50,Aug-26,37.0,27.47,Sep-26,65.0,27.76,54,NordicDerivatives-pretrade-2026-07-15T1724
2026-07-15,LIFCOB,17.93,22.56,329.59,Aug-26,37.0,19.36,Sep-26,65.0,21.76,28,NordicDerivatives-pretrade-2026-07-15T1724
2026-07-15,LUMI,52.88,52.94,237.99,Aug-26,37.0,52.90,Sep-26,65.0,52.92,197,NordicDerivatives-pretrade-2026-07-15T1724
2026-07-15,NCC,23.58,25.50,173.86,Aug-26,37.0,24.51,Sep-26,65.0,26.14,74,NordicDerivatives-pretrade-2026-07-15T1724
2026-07-15,NDASE,23.38,28.01,185.88,14-Aug-26,30.0,23.38,Aug-26,37.0,22.98,175,NordicDerivatives-pretrade-2026-07-15T1724
2026-07-15,NESTE,44.18,55.42,31.11,Aug-26,37.0,42.44,Sep-26,65.0,39.01,15,NordicDerivatives-pretrade-2026-07-15T1724
2026-07-15,NEWAB,37.69,42.62,92.96,Aug-26,37.0,36.72,Sep-26,65.0,34.87,94,NordicDerivatives-pretrade-2026-07-15T1724
2026-07-15,NOKI,76.22,82.75,108.29,Aug-26,37.0,74.07,Sep-26,65.0,69.95,201,NordicDerivatives-pretrade-2026-07-15T1724
2026-07-15,OCTV,38.41,55.18,160.54,Aug-26,37.0,40.15,Sep-26,65.0,43.17,63,NordicDerivatives-pretrade-2026-07-15T1724
2026-07-15,OMXS30,14.85,15.45,3155.15,14-Aug-26,30.0,14.85,Aug-26,37.0,15.22,282,NordicDerivatives-pretrade-2026-07-15T1724
2026-07-15,SAAB,45.27,47.83,522.57,07-Aug-26,23.0,43.18,Aug-26,37.0,46.53,166,NordicDerivatives-pretrade-2026-07-15T1724
2026-07-15,SAGAB,23.66,25.15,170.08,Aug-26,37.0,24.42,Sep-26,65.0,25.76,42,NordicDerivatives-pretrade-2026-07-15T1724
2026-07-15,SAND,32.29,32.91,384.23,14-Aug-26,30.0,32.29,Aug-26,37.0,32.48,197,NordicDerivatives-pretrade-2026-07-15T1724
2026-07-15,SAVE,29.26,28.32,371.48,Aug-26,37.0,28.44,Sep-26,65.0,26.88,61,NordicDerivatives-pretrade-2026-07-15T1724
2026-07-15,SCAB,28.11,29.11,100.29,Aug-26,37.0,27.63,Sep-26,65.0,26.72,115,NordicDerivatives-pretrade-2026-07-15T1724
2026-07-15,SECUB,25.40,26.33,162.10,Aug-26,37.0,24.33,Sep-26,65.0,22.21,141,NordicDerivatives-pretrade-2026-07-15T1724
2026-07-15,SHBA,15.97,18.19,138.59,24-Jul-26,9.0,18.49,Aug-26,37.0,15.75,55,NordicDerivatives-pretrade-2026-07-15T1724
2026-07-15,SINCH,71.08,73.65,39.50,Aug-26,37.0,67.36,Sep-26,65.0,59.91,120,NordicDerivatives-pretrade-2026-07-15T1724
2026-07-15,SIVE,177.18,220.94,38.51,Aug-26,37.0,175.78,Sep-26,65.0,173.18,203,NordicDerivatives-pretrade-2026-07-15T1724
2026-07-15,SKAB,29.76,30.10,253.74,Aug-26,37.0,29.04,Sep-26,65.0,27.66,153,NordicDerivatives-pretrade-2026-07-15T1724
2026-07-15,SKFB,31.25,33.44,260.85,14-Aug-26,30.0,31.25,Aug-26,37.0,33.41,190,NordicDerivatives-pretrade-2026-07-15T1724
2026-07-15,SOBI,21.84,31.93,456.54,Aug-26,37.0,23.77,Sep-26,65.0,26.97,29,NordicDerivatives-pretrade-2026-07-15T1724
2026-07-15,SSABA,35.69,40.11,100.30,14-Aug-26,30.0,35.69,Aug-26,37.0,40.26,213,NordicDerivatives-pretrade-2026-07-15T1724
2026-07-15,SSABB,38.58,40.43,99.79,Aug-26,37.0,37.28,Sep-26,65.0,34.77,57,NordicDerivatives-pretrade-2026-07-15T1724
2026-07-15,STER,36.09,34.73,103.45,24-Jul-26,9.0,49.24,Aug-26,37.0,34.81,167,NordicDerivatives-pretrade-2026-07-15T1724
2026-07-15,SWEDA,21.93,22.68,366.48,14-Aug-26,30.0,21.93,Aug-26,37.0,23.28,218,NordicDerivatives-pretrade-2026-07-15T1724
2026-07-15,TLSN,25.83,,45.87,24-Jul-26,9.0,21.23,Aug-26,37.0,26.17,111,NordicDerivatives-pretrade-2026-07-15T1724
2026-07-15,TRA,36.80,36.86,392.91,Aug-26,37.0,35.95,Sep-26,65.0,34.34,101,NordicDerivatives-pretrade-2026-07-15T1724
2026-07-15,TRELB,28.44,27.63,411.82,Aug-26,37.0,27.71,Sep-26,65.0,26.31,149,NordicDerivatives-pretrade-2026-07-15T1724
2026-07-15,VALMT,38.50,44.46,21.41,Oct-26,93.0,28.22,Dec-26,156.0,25.78,12,NordicDerivatives-pretrade-2026-07-15T1724
2026-07-15,VOLVB,28.47,29.01,337.98,14-Aug-26,30.0,28.47,Aug-26,37.0,28.57,264,NordicDerivatives-pretrade-2026-07-15T1724
2026-07-15,VSURE,47.73,48.52,10.18,Aug-26,37.0,46.96,Sep-26,65.0,45.52,121,NordicDerivatives-pretrade-2026-07-15T1724
2026-07-15,WRT,41.49,49.10,30.20,Aug-26,37.0,40.84,Sep-26,65.0,39.61,15,NordicDerivatives-pretrade-2026-07-15T1724
2026-07-16,ABB,28.15,30.05,941.32,14-Aug-26,29.0,27.76,Aug-26,36.0,29.96,189,NordicDerivatives-pretrade-2026-07-16T1724
2026-07-16,ADDTB,22.83,22.39,350.92,Aug-26,36.0,23.24,Sep-26,64.0,24.13,49,NordicDerivatives-pretrade-2026-07-16T1724
2026-07-16,ALFA,31.84,30.34,565.35,Aug-26,36.0,30.38,Sep-26,64.0,26.93,102,NordicDerivatives-pretrade-2026-07-16T1724
2026-07-16,ASSAB,24.01,25.00,333.06,Aug-26,36.0,23.87,Sep-26,64.0,23.58,68,NordicDerivatives-pretrade-2026-07-16T1724
2026-07-16,ATCOA,28.29,28.89,194.75,14-Aug-26,29.0,28.07,Aug-26,36.0,29.34,222,NordicDerivatives-pretrade-2026-07-16T1724
2026-07-16,ATCOB,21.98,28.24,172.43,Aug-26,36.0,20.63,Sep-26,64.0,17.34,23,NordicDerivatives-pretrade-2026-07-16T1724
2026-07-16,AXFO,22.00,18.87,229.08,Aug-26,36.0,20.92,Sep-26,64.0,18.34,66,NordicDerivatives-pretrade-2026-07-16T1724
2026-07-16,AZN,24.13,30.20,1641.73,14-Aug-26,29.0,22.56,Aug-26,36.0,30.59,175,NordicDerivatives-pretrade-2026-07-16T1724
2026-07-16,BETSB,41.87,43.86,90.74,Aug-26,36.0,40.45,Sep-26,64.0,37.14,125,NordicDerivatives-pretrade-2026-07-16T1724
2026-07-16,BILL,42.97,45.92,64.31,Aug-26,36.0,40.84,Sep-26,64.0,35.74,66,NordicDerivatives-pretrade-2026-07-16T1724
2026-07-16,BOLI,44.69,47.22,515.20,14-Aug-26,29.0,44.23,Aug-26,36.0,46.85,262,NordicDerivatives-pretrade-2026-07-16T1724
2026-07-16,BONEX,36.27,49.75,208.05,Aug-26,36.0,38.49,Oct-26,92.0,44.57,16,NordicDerivatives-pretrade-2026-07-16T1724
2026-07-16,CAST,25.64,23.46,129.98,Aug-26,36.0,25.45,Sep-26,64.0,25.05,112,NordicDerivatives-pretrade-2026-07-16T1724
2026-07-16,DOM,37.64,49.51,23.00,Aug-26,36.0,39.05,Sep-26,64.0,41.96,80,NordicDerivatives-pretrade-2026-07-16T1724
2026-07-16,EKTAB,33.67,31.99,47.77,Aug-26,36.0,37.59,Sep-26,64.0,44.97,106,NordicDerivatives-pretrade-2026-07-16T1724
2026-07-16,ELISA,15.06,22.00,34.55,Sep-26,64.0,19.52,Oct-26,92.0,20.56,12,NordicDerivatives-pretrade-2026-07-16T1724
2026-07-16,ELUXB,32.65,62.74,24.60,Aug-26,36.0,36.93,Oct-26,92.0,47.64,84,NordicDerivatives-pretrade-2026-07-16T1724
2026-07-16,EPIA,35.11,35.82,249.99,Aug-26,36.0,34.29,Sep-26,64.0,32.41,75,NordicDerivatives-pretrade-2026-07-16T1724
2026-07-16,EQT,39.95,39.80,286.79,Aug-26,36.0,39.02,Sep-26,64.0,36.90,113,NordicDerivatives-pretrade-2026-07-16T1724
2026-07-16,ERICB,28.09,28.21,95.97,14-Aug-26,29.0,27.81,Aug-26,36.0,29.45,229,NordicDerivatives-pretrade-2026-07-16T1724
2026-07-16,ESSITB,20.70,19.98,273.35,Aug-26,36.0,20.27,Sep-26,64.0,19.29,113,NordicDerivatives-pretrade-2026-07-16T1724
2026-07-16,EVO,34.68,35.27,688.92,14-Aug-26,29.0,34.69,Aug-26,36.0,34.62,184,NordicDerivatives-pretrade-2026-07-16T1724
2026-07-16,GETIB,31.64,32.08,210.70,Aug-26,36.0,30.94,Sep-26,64.0,29.35,93,NordicDerivatives-pretrade-2026-07-16T1724
2026-07-16,HEXB,32.88,35.30,80.49,Aug-26,36.0,32.78,Sep-26,64.0,32.56,132,NordicDerivatives-pretrade-2026-07-16T1724
2026-07-16,HMB,24.90,23.99,163.76,24-Jul-26,8.0,18.15,Aug-26,36.0,25.25,120,NordicDerivatives-pretrade-2026-07-16T1724
2026-07-16,HOLMB,23.16,21.43,306.05,Aug-26,36.0,22.98,Sep-26,64.0,22.58,160,NordicDerivatives-pretrade-2026-07-16T1724
2026-07-16,HUSQB,44.09,42.68,37.65,Aug-26,36.0,43.28,Sep-26,64.0,41.44,182,NordicDerivatives-pretrade-2026-07-16T1724
2026-07-16,INDUC,17.54,19.42,527.58,Aug-26,36.0,17.68,Sep-26,64.0,17.98,88,NordicDerivatives-pretrade-2026-07-16T1724
2026-07-16,INVEB,17.21,16.69,395.01,Aug-26,36.0,17.31,Sep-26,64.0,17.54,75,NordicDerivatives-pretrade-2026-07-16T1724
2026-07-16,KINB,34.31,34.93,51.54,Aug-26,36.0,34.67,Sep-26,64.0,35.44,112,NordicDerivatives-pretrade-2026-07-16T1724
2026-07-16,LATOB,26.49,26.30,197.90,Aug-26,36.0,26.68,Sep-26,64.0,27.09,52,NordicDerivatives-pretrade-2026-07-16T1724
2026-07-16,LIFCOB,18.70,20.85,336.16,Aug-26,36.0,18.67,Sep-26,64.0,18.60,23,NordicDerivatives-pretrade-2026-07-16T1724
2026-07-16,LUMI,52.33,52.68,231.90,Aug-26,36.0,52.52,Sep-26,64.0,52.93,195,NordicDerivatives-pretrade-2026-07-16T1724
2026-07-16,NCC,25.70,25.41,171.69,Aug-26,36.0,25.77,Sep-26,64.0,25.91,76,NordicDerivatives-pretrade-2026-07-16T1724
2026-07-16,NDASE,20.00,22.78,187.88,14-Aug-26,29.0,19.77,Aug-26,36.0,21.06,127,NordicDerivatives-pretrade-2026-07-16T1724
2026-07-16,NEWAB,37.62,42.12,93.82,Aug-26,36.0,36.76,Sep-26,64.0,34.80,92,NordicDerivatives-pretrade-2026-07-16T1724
2026-07-16,NOKI,76.09,74.57,100.41,Aug-26,36.0,75.78,Sep-26,64.0,75.09,336,NordicDerivatives-pretrade-2026-07-16T1724
2026-07-16,NOKIA,65.00,75.70,100.66,07-Aug-26,22.0,70.72,14-Aug-26,29.0,65.57,138,NordicDerivatives-pretrade-2026-07-16T1724
2026-07-16,OCTV,48.68,54.21,160.20,Aug-26,36.0,48.55,Sep-26,64.0,48.29,83,NordicDerivatives-pretrade-2026-07-16T1724
2026-07-16,OMXS30,27.03,16.63,3135.94,14-Aug-26,29.0,26.72,Aug-26,36.0,28.53,555,NordicDerivatives-pretrade-2026-07-16T1724
2026-07-16,SAAB,45.03,47.60,518.12,14-Aug-26,29.0,44.81,Aug-26,36.0,46.11,193,NordicDerivatives-pretrade-2026-07-16T1724
2026-07-16,SAGAB,20.71,23.37,172.36,Aug-26,36.0,21.91,Sep-26,64.0,24.33,30,NordicDerivatives-pretrade-2026-07-16T1724
2026-07-16,SAND,32.65,33.18,376.33,14-Aug-26,29.0,32.66,Aug-26,36.0,32.60,201,NordicDerivatives-pretrade-2026-07-16T1724
2026-07-16,SAVE,29.39,29.53,369.52,Aug-26,36.0,28.72,Sep-26,64.0,27.20,39,NordicDerivatives-pretrade-2026-07-16T1724
2026-07-16,SCAB,28.35,28.97,101.06,Aug-26,36.0,27.80,Sep-26,64.0,26.55,113,NordicDerivatives-pretrade-2026-07-16T1724
2026-07-16,SEBA,18.10,18.48,216.00,07-Aug-26,22.0,16.62,Aug-26,36.0,18.74,135,NordicDerivatives-pretrade-2026-07-16T1724
2026-07-16,SECUB,26.31,26.40,163.23,Aug-26,36.0,25.00,Sep-26,64.0,21.87,102,NordicDerivatives-pretrade-2026-07-16T1724
2026-07-16,SHBA,17.17,14.51,140.51,Sep-26,64.0,18.14,Oct-26,92.0,18.40,73,NordicDerivatives-pretrade-2026-07-16T1724
2026-07-16,SINCH,70.34,71.91,39.54,Aug-26,36.0,67.20,Sep-26,64.0,59.76,141,NordicDerivatives-pretrade-2026-07-16T1724
2026-07-16,SKAB,29.77,29.69,252.89,Aug-26,36.0,29.02,Sep-26,64.0,27.33,144,NordicDerivatives-pretrade-2026-07-16T1724
2026-07-16,SKFB,31.69,32.24,262.40,14-Aug-26,29.0,31.61,Aug-26,36.0,32.05,205,NordicDerivatives-pretrade-2026-07-16T1724
2026-07-16,SOBI,27.08,27.17,466.01,Aug-26,36.0,27.09,Sep-26,64.0,27.13,93,NordicDerivatives-pretrade-2026-07-16T1724
2026-07-16,SSABA,31.12,40.01,100.25,14-Aug-26,29.0,30.41,Aug-26,36.0,34.37,72,NordicDerivatives-pretrade-2026-07-16T1724
2026-07-16,SSABB,29.17,39.77,99.81,Aug-26,36.0,30.28,Sep-26,64.0,32.59,34,NordicDerivatives-pretrade-2026-07-16T1724
2026-07-16,STER,34.53,34.15,104.49,Aug-26,36.0,34.65,Sep-26,64.0,34.90,119,NordicDerivatives-pretrade-2026-07-16T1724
2026-07-16,SWEDA,21.89,22.23,371.80,14-Aug-26,29.0,21.57,Aug-26,36.0,23.34,200,NordicDerivatives-pretrade-2026-07-16T1724
2026-07-16,TRA,36.23,36.49,391.22,Aug-26,36.0,35.59,Sep-26,64.0,34.16,103,NordicDerivatives-pretrade-2026-07-16T1724
2026-07-16,TRELB,23.92,25.05,414.75,Aug-26,36.0,23.91,Sep-26,64.0,23.89,125,NordicDerivatives-pretrade-2026-07-16T1724
2026-07-16,TYRES,39.93,28.36,12.88,Oct-26,92.0,30.74,Dec-26,155.0,28.58,37,NordicDerivatives-pretrade-2026-07-16T1724
2026-07-16,VOLVB,28.65,27.74,340.15,Aug-26,36.0,28.18,Sep-26,64.0,27.13,150,NordicDerivatives-pretrade-2026-07-16T1724
2026-07-16,VSURE,44.18,41.83,10.64,Aug-26,36.0,43.56,Sep-26,64.0,42.18,121,NordicDerivatives-pretrade-2026-07-16T1724
2026-07-17,ABB,28.52,28.47,943.54,14-Aug-26,28.0,28.55,Aug-26,35.0,28.47,223,NordicDerivatives-pretrade-2026-07-17T1724
2026-07-17,ADDTB,24.52,23.71,341.61,Aug-26,35.0,24.69,Sep-26,63.0,25.14,48,NordicDerivatives-pretrade-2026-07-17T1724
2026-07-17,ALFA,26.01,29.49,562.31,Aug-26,35.0,25.77,Sep-26,63.0,25.10,22,NordicDerivatives-pretrade-2026-07-17T1724
2026-07-17,ASSAB,21.48,21.18,347.80,Aug-26,35.0,21.53,Sep-26,63.0,21.69,67,NordicDerivatives-pretrade-2026-07-17T1724
2026-07-17,ATCOA,24.40,26.49,194.80,14-Aug-26,28.0,24.45,Aug-26,35.0,24.28,162,NordicDerivatives-pretrade-2026-07-17T1724
2026-07-17,ATCOB,23.82,26.45,172.89,Aug-26,35.0,23.47,Sep-26,63.0,22.50,32,NordicDerivatives-pretrade-2026-07-17T1724
2026-07-17,AXFO,23.21,26.38,229.49,Sep-26,63.0,21.08,Oct-26,91.0,20.44,121,NordicDerivatives-pretrade-2026-07-17T1724
2026-07-17,AZA,16.11,27.20,381.08,Aug-26,35.0,18.52,Oct-26,91.0,25.53,16,NordicDerivatives-pretrade-2026-07-17T1724
2026-07-17,AZN,22.82,29.02,1636.21,14-Aug-26,28.0,21.62,Aug-26,35.0,25.07,146,NordicDerivatives-pretrade-2026-07-17T1724
2026-07-17,BILL,35.70,31.68,68.56,Aug-26,35.0,32.72,Sep-26,63.0,22.95,94,NordicDerivatives-pretrade-2026-07-17T1724
2026-07-17,BOLI,44.56,47.61,501.40,14-Aug-26,28.0,43.74,Aug-26,35.0,46.17,193,NordicDerivatives-pretrade-2026-07-17T1724
2026-07-17,BONEX,36.30,48.56,199.23,Aug-26,35.0,37.67,Oct-26,91.0,42.35,14,NordicDerivatives-pretrade-2026-07-17T1724
2026-07-17,CAST,21.39,21.56,130.69,Aug-26,35.0,21.65,Sep-26,63.0,22.33,65,NordicDerivatives-pretrade-2026-07-17T1724
2026-07-17,DOM,33.55,44.39,22.82,Aug-26,35.0,34.43,Sep-26,63.0,36.67,56,NordicDerivatives-pretrade-2026-07-17T1724
2026-07-17,EKTAB,28.28,33.64,46.92,Aug-26,35.0,28.88,Sep-26,63.0,30.42,40,NordicDerivatives-pretrade-2026-07-17T1724
2026-07-17,ELUXB,58.29,,23.89,Aug-26,35.0,54.79,Sep-26,63.0,44.14,91,NordicDerivatives-pretrade-2026-07-17T1724
2026-07-17,EMBRAC,50.84,59.42,66.06,Aug-26,35.0,51.62,Sep-26,63.0,53.65,123,NordicDerivatives-pretrade-2026-07-17T1724
2026-07-17,EPIA,32.61,37.75,233.78,Aug-26,35.0,32.01,Sep-26,63.0,30.36,77,NordicDerivatives-pretrade-2026-07-17T1724
2026-07-17,EQT,32.45,32.31,319.83,Aug-26,35.0,32.19,Sep-26,63.0,31.46,136,NordicDerivatives-pretrade-2026-07-17T1724
2026-07-17,ERICB,26.62,28.83,95.54,14-Aug-26,28.0,25.65,Aug-26,35.0,28.47,181,NordicDerivatives-pretrade-2026-07-17T1724
2026-07-17,ESSITB,18.60,18.63,282.66,Aug-26,35.0,18.42,Sep-26,63.0,17.95,44,NordicDerivatives-pretrade-2026-07-17T1724
2026-07-17,EVO,20.17,26.58,689.75,31-Jul-26,14.0,20.31,Aug-26,35.0,20.15,43,NordicDerivatives-pretrade-2026-07-17T1724
2026-07-17,GETIB,25.18,24.74,233.53,Aug-26,35.0,24.42,Sep-26,63.0,22.26,62,NordicDerivatives-pretrade-2026-07-17T1724
2026-07-17,HEXB,26.24,34.99,78.96,Aug-26,35.0,25.82,Oct-26,91.0,24.19,14,NordicDerivatives-pretrade-2026-07-17T1724
2026-07-17,HMB,23.30,23.51,164.20,Aug-26,35.0,23.38,Sep-26,63.0,23.57,63,NordicDerivatives-pretrade-2026-07-17T1724
2026-07-17,HOLMB,22.50,20.71,309.40,Aug-26,35.0,22.27,Sep-26,63.0,21.65,160,NordicDerivatives-pretrade-2026-07-17T1724
2026-07-17,INDUC,20.59,19.86,518.94,Aug-26,35.0,20.73,Sep-26,63.0,21.09,138,NordicDerivatives-pretrade-2026-07-17T1724
2026-07-17,INVEB,16.44,11.33,396.53,Aug-26,35.0,16.84,Sep-26,63.0,17.86,67,NordicDerivatives-pretrade-2026-07-17T1724
2026-07-17,KINB,33.97,34.82,49.63,Aug-26,35.0,34.84,Sep-26,63.0,37.05,114,NordicDerivatives-pretrade-2026-07-17T1724
2026-07-17,LATOB,26.39,25.22,198.01,Aug-26,35.0,26.95,Sep-26,63.0,28.41,54,NordicDerivatives-pretrade-2026-07-17T1724
2026-07-17,LUMI,52.33,52.44,226.90,Aug-26,35.0,51.96,Sep-26,63.0,50.94,174,NordicDerivatives-pretrade-2026-07-17T1724
2026-07-17,METSO,35.06,42.00,15.24,Aug-26,35.0,34.41,Sep-26,63.0,32.59,12,NordicDerivatives-pretrade-2026-07-17T1724
2026-07-17,NCC,22.01,24.19,170.00,Aug-26,35.0,23.20,Sep-26,63.0,26.12,65,NordicDerivatives-pretrade-2026-07-17T1724
2026-07-17,NDASE,19.17,22.38,187.12,14-Aug-26,28.0,19.19,Aug-26,35.0,19.11,113,NordicDerivatives-pretrade-2026-07-17T1724
2026-07-17,NESTE,41.72,53.95,32.54,Aug-26,35.0,42.07,Sep-26,63.0,43.00,16,NordicDerivatives-pretrade-2026-07-17T1724
2026-07-17,NEWAB,28.71,39.03,93.31,Aug-26,35.0,30.72,Sep-26,63.0,35.53,84,NordicDerivatives-pretrade-2026-07-17T1724
2026-07-17,NOBA,42.35,43.18,82.34,Aug-26,35.0,41.44,Sep-26,63.0,38.89,79,NordicDerivatives-pretrade-2026-07-17T1724
2026-07-17,NOKI,78.86,76.19,97.18,Aug-26,35.0,78.78,Sep-26,63.0,78.58,341,NordicDerivatives-pretrade-2026-07-17T1724
2026-07-17,NOKIA,65.29,74.83,97.60,07-Aug-26,21.0,71.81,14-Aug-26,28.0,66.42,161,NordicDerivatives-pretrade-2026-07-17T1724
2026-07-17,OCTV,56.07,52.51,160.25,Aug-26,35.0,54.13,Sep-26,63.0,48.58,127,NordicDerivatives-pretrade-2026-07-17T1724
2026-07-17,OMXS30,25.70,19.43,3139.13,14-Aug-26,28.0,25.40,Aug-26,35.0,26.28,448,NordicDerivatives-pretrade-2026-07-17T1724
2026-07-17,ORNB,38.45,29.22,78.20,Oct-26,91.0,30.48,Dec-26,154.0,28.61,14,NordicDerivatives-pretrade-2026-07-17T1724
2026-07-17,SAAB,37.53,39.75,567.30,14-Aug-26,28.0,36.05,Aug-26,35.0,40.33,158,NordicDerivatives-pretrade-2026-07-17T1724
2026-07-17,SAGAB,19.33,24.42,170.13,Aug-26,35.0,18.71,Sep-26,63.0,16.95,13,NordicDerivatives-pretrade-2026-07-17T1724
2026-07-17,SAND,29.99,31.79,341.39,14-Aug-26,28.0,28.71,Aug-26,35.0,32.39,131,NordicDerivatives-pretrade-2026-07-17T1724
2026-07-17,SAVE,22.81,23.76,369.66,Aug-26,35.0,22.99,Sep-26,63.0,23.45,41,NordicDerivatives-pretrade-2026-07-17T1724
2026-07-17,SCAB,26.99,26.84,102.67,Aug-26,35.0,26.49,Sep-26,63.0,25.10,110,NordicDerivatives-pretrade-2026-07-17T1724
2026-07-17,SEBA,11.58,17.69,215.84,Aug-26,35.0,13.63,Dec-26,154.0,20.60,36,NordicDerivatives-pretrade-2026-07-17T1724
2026-07-17,SECUB,24.76,25.28,164.89,Aug-26,35.0,23.11,Sep-26,63.0,18.00,52,NordicDerivatives-pretrade-2026-07-17T1724
2026-07-17,SHBA,15.96,16.41,139.56,Aug-26,35.0,16.55,Sep-26,63.0,18.03,79,NordicDerivatives-pretrade-2026-07-17T1724
2026-07-17,SINCH,54.08,69.71,38.87,Aug-26,35.0,52.18,Oct-26,91.0,44.47,25,NordicDerivatives-pretrade-2026-07-17T1724
2026-07-17,SKAB,22.07,24.86,253.85,Aug-26,35.0,22.05,Sep-26,63.0,22.02,64,NordicDerivatives-pretrade-2026-07-17T1724
2026-07-17,SKFB,23.23,26.55,249.74,14-Aug-26,28.0,22.72,Aug-26,35.0,24.22,105,NordicDerivatives-pretrade-2026-07-17T1724
2026-07-17,SOBI,23.84,26.84,459.96,Aug-26,35.0,24.74,Sep-26,63.0,26.99,73,NordicDerivatives-pretrade-2026-07-17T1724
2026-07-17,SSABA,39.82,39.77,99.43,14-Aug-26,28.0,40.25,Aug-26,35.0,38.94,232,NordicDerivatives-pretrade-2026-07-17T1724
2026-07-17,SSABB,36.83,39.58,99.01,Aug-26,35.0,36.73,Sep-26,63.0,36.45,84,NordicDerivatives-pretrade-2026-07-17T1724
2026-07-17,STER,27.28,34.16,107.12,24-Jul-26,7.0,54.00,Aug-26,35.0,25.49,85,NordicDerivatives-pretrade-2026-07-17T1724
2026-07-17,SWEDA,20.09,19.54,360.00,14-Aug-26,28.0,19.57,Aug-26,35.0,21.09,198,NordicDerivatives-pretrade-2026-07-17T1724
2026-07-17,TLSN,15.69,21.88,45.85,14-Aug-26,28.0,14.80,Aug-26,35.0,17.33,112,NordicDerivatives-pretrade-2026-07-17T1724
2026-07-17,TRA,34.95,35.65,388.01,Aug-26,35.0,33.49,Sep-26,63.0,29.21,66,NordicDerivatives-pretrade-2026-07-17T1724
2026-07-17,TRELB,22.54,23.00,417.77,Aug-26,35.0,22.58,Sep-26,63.0,22.69,80,NordicDerivatives-pretrade-2026-07-17T1724
2026-07-17,VOLVB,26.06,24.46,338.35,Aug-26,35.0,25.72,Sep-26,63.0,24.80,134,NordicDerivatives-pretrade-2026-07-17T1724
2026-07-20,AAK,22.53,22.81,207.66,Aug-26,32.0,22.76,Sep-26,60.0,24.26,36,NordicDerivatives-pretrade-2026-07-20T1724
2026-07-20,ABB,29.52,28.90,948.43,14-Aug-26,25.0,29.87,Aug-26,32.0,29.41,222,NordicDerivatives-pretrade-2026-07-20T1724
2026-07-20,ADDTB,25.36,24.52,339.75,Aug-26,32.0,25.28,Sep-26,60.0,24.68,54,NordicDerivatives-pretrade-2026-07-20T1724
2026-07-20,ALFA,28.83,27.93,560.23,Aug-26,32.0,28.71,Sep-26,60.0,27.81,97,NordicDerivatives-pretrade-2026-07-20T1724
2026-07-20,ASMDEE,34.63,34.27,144.68,Aug-26,32.0,34.22,Sep-26,60.0,31.24,34,NordicDerivatives-pretrade-2026-07-20T1724
2026-07-20,ASSAB,22.27,21.76,341.86,Aug-26,32.0,22.16,Sep-26,60.0,21.35,45,NordicDerivatives-pretrade-2026-07-20T1724
2026-07-20,ATCOA,27.04,26.81,193.60,14-Aug-26,25.0,27.43,Aug-26,32.0,26.92,207,NordicDerivatives-pretrade-2026-07-20T1724
2026-07-20,ATCOB,26.37,26.48,171.10,Aug-26,32.0,26.56,Sep-26,60.0,27.86,103,NordicDerivatives-pretrade-2026-07-20T1724
2026-07-20,AXFO,18.91,18.43,236.11,Aug-26,32.0,19.48,Sep-26,60.0,23.11,193,NordicDerivatives-pretrade-2026-07-20T1724
2026-07-20,AZA,26.52,27.06,386.16,Aug-26,32.0,26.62,Sep-26,60.0,27.30,79,NordicDerivatives-pretrade-2026-07-20T1724
2026-07-20,AZN,27.00,29.17,1615.56,14-Aug-26,25.0,21.62,Aug-26,32.0,28.47,149,NordicDerivatives-pretrade-2026-07-20T1724
2026-07-20,BALDB,27.84,26.48,50.10,Aug-26,32.0,27.07,Sep-26,60.0,20.99,51,NordicDerivatives-pretrade-2026-07-20T1724
2026-07-20,BETSB,28.24,28.45,92.90,Aug-26,32.0,28.70,Sep-26,60.0,31.74,132,NordicDerivatives-pretrade-2026-07-20T1724
2026-07-20,BILL,28.69,26.83,69.17,Aug-26,32.0,28.74,Sep-26,60.0,29.07,104,NordicDerivatives-pretrade-2026-07-20T1724
2026-07-20,BOLI,44.58,44.86,505.41,14-Aug-26,25.0,44.06,Aug-26,32.0,44.74,233,NordicDerivatives-pretrade-2026-07-20T1724
2026-07-20,BONEX,44.58,47.22,200.09,Aug-26,32.0,43.88,Sep-26,60.0,38.65,31,NordicDerivatives-pretrade-2026-07-20T1724
2026-07-20,CAST,25.33,22.49,130.18,Aug-26,32.0,25.87,Sep-26,60.0,29.39,128,NordicDerivatives-pretrade-2026-07-20T1724
2026-07-20,COFFEE,59.48,59.11,17.49,Aug-26,32.0,57.98,Sep-26,60.0,46.10,104,NordicDerivatives-pretrade-2026-07-20T1724
2026-07-20,DOM,45.33,45.59,22.85,Aug-26,32.0,45.42,Sep-26,60.0,45.99,131,NordicDerivatives-pretrade-2026-07-20T1724
2026-07-20,EKTAB,36.63,35.81,46.57,Aug-26,32.0,38.02,Sep-26,60.0,46.62,114,NordicDerivatives-pretrade-2026-07-20T1724
2026-07-20,ELISA,22.58,23.02,34.72,Aug-26,32.0,22.46,Sep-26,60.0,21.61,42,NordicDerivatives-pretrade-2026-07-20T1724
2026-07-20,ELUXB,61.91,64.48,23.20,14-Aug-26,25.0,53.15,Aug-26,32.0,64.41,205,NordicDerivatives-pretrade-2026-07-20T1724
2026-07-20,EMBRAC,64.74,63.17,66.90,Aug-26,32.0,63.66,Sep-26,60.0,55.57,163,NordicDerivatives-pretrade-2026-07-20T1724
2026-07-20,EPIA,30.33,30.75,232.82,Aug-26,32.0,30.39,Sep-26,60.0,30.79,101,NordicDerivatives-pretrade-2026-07-20T1724
2026-07-20,EQT,32.76,32.05,315.92,Aug-26,32.0,32.31,Sep-26,60.0,28.90,91,NordicDerivatives-pretrade-2026-07-20T1724
2026-07-20,ERICB,27.73,27.66,94.05,14-Aug-26,25.0,28.63,Aug-26,32.0,27.44,250,NordicDerivatives-pretrade-2026-07-20T1724
2026-07-20,ESSITB,19.29,18.69,281.91,Aug-26,32.0,19.22,Sep-26,60.0,18.72,84,NordicDerivatives-pretrade-2026-07-20T1724
2026-07-20,EVO,24.29,24.76,715.21,14-Aug-26,25.0,25.44,Aug-26,32.0,23.92,144,NordicDerivatives-pretrade-2026-07-20T1724
2026-07-20,FABG,22.71,23.25,73.89,Aug-26,32.0,22.74,Sep-26,60.0,22.92,64,NordicDerivatives-pretrade-2026-07-20T1724
2026-07-20,FORTUM,34.99,34.14,19.91,Aug-26,32.0,34.89,Sep-26,60.0,34.24,37,NordicDerivatives-pretrade-2026-07-20T1724
2026-07-20,GETIB,22.89,24.16,231.37,Aug-26,32.0,23.32,Sep-26,60.0,26.16,101,NordicDerivatives-pretrade-2026-07-20T1724
2026-07-20,HEXB,36.99,35.48,79.69,Aug-26,32.0,37.03,Sep-26,60.0,37.31,150,NordicDerivatives-pretrade-2026-07-20T1724
2026-07-20,HMB,24.06,23.08,163.35,14-Aug-26,25.0,24.18,Aug-26,32.0,24.02,227,NordicDerivatives-pretrade-2026-07-20T1724
2026-07-20,HOLMB,22.32,21.24,308.26,Aug-26,32.0,22.19,Sep-26,60.0,21.23,136,NordicDerivatives-pretrade-2026-07-20T1724
2026-07-20,HUH,30.56,29.26,26.85,Aug-26,32.0,30.12,Sep-26,60.0,26.81,33,NordicDerivatives-pretrade-2026-07-20T1724
2026-07-20,HUSQB,30.57,31.16,36.86,Aug-26,32.0,31.40,Sep-26,60.0,36.68,106,NordicDerivatives-pretrade-2026-07-20T1724
2026-07-20,INDUC,21.24,20.24,518.57,Aug-26,32.0,20.99,Sep-26,60.0,19.11,120,NordicDerivatives-pretrade-2026-07-20T1724
2026-07-20,INVEB,17.09,16.18,398.56,Aug-26,32.0,17.27,Sep-26,60.0,18.49,108,NordicDerivatives-pretrade-2026-07-20T1724
2026-07-20,KCR,45.47,44.39,27.23,Aug-26,32.0,44.88,Sep-26,60.0,40.48,47,NordicDerivatives-pretrade-2026-07-20T1724
2026-07-20,KEMIRA,26.03,24.20,16.75,Aug-26,32.0,25.63,Sep-26,60.0,22.65,28,NordicDerivatives-pretrade-2026-07-20T1724
2026-07-20,KESKOB,23.54,23.45,19.85,Aug-26,32.0,23.24,Sep-26,60.0,21.06,38,NordicDerivatives-pretrade-2026-07-20T1724
2026-07-20,KINB,36.50,35.37,50.27,Aug-26,32.0,36.68,Sep-26,60.0,37.93,121,NordicDerivatives-pretrade-2026-07-20T1724
2026-07-20,KNEB,31.78,26.86,49.31,Oct-26,88.0,25.74,Dec-26,151.0,24.24,23,NordicDerivatives-pretrade-2026-07-20T1724
2026-07-20,LATOB,25.48,24.57,197.60,Aug-26,32.0,25.66,Sep-26,60.0,26.89,71,NordicDerivatives-pretrade-2026-07-20T1724
2026-07-20,LIFCOB,21.89,22.16,322.17,Aug-26,32.0,22.04,Sep-26,60.0,23.02,42,NordicDerivatives-pretrade-2026-07-20T1724
2026-07-20,LUMI,53.04,52.37,233.50,Aug-26,32.0,52.91,Sep-26,60.0,51.97,194,NordicDerivatives-pretrade-2026-07-20T1724
2026-07-20,METSB,36.42,39.75,2.75,Sep-26,60.0,33.97,Oct-26,88.0,33.15,15,NordicDerivatives-pretrade-2026-07-20T1724
2026-07-20,METSO,41.78,42.88,14.89,Aug-26,32.0,41.39,Sep-26,60.0,38.60,30,NordicDerivatives-pretrade-2026-07-20T1724
2026-07-20,MTGB,47.54,54.95,119.09,Aug-26,32.0,47.15,Sep-26,60.0,44.34,49,NordicDerivatives-pretrade-2026-07-20T1724
2026-07-20,NCC,25.20,24.72,170.17,Aug-26,32.0,25.37,Sep-26,60.0,26.53,91,NordicDerivatives-pretrade-2026-07-20T1724
2026-07-20,NDAFI,18.74,16.58,16.83,Sep-26,60.0,21.16,Oct-26,88.0,21.88,19,NordicDerivatives-pretrade-2026-07-20T1724
2026-07-20,NDASE,20.46,21.48,188.30,14-Aug-26,25.0,20.41,Aug-26,32.0,20.48,246,NordicDerivatives-pretrade-2026-07-20T1724
2026-07-20,NESTE,54.87,54.85,33.40,Aug-26,32.0,54.36,Sep-26,60.0,50.60,58,NordicDerivatives-pretrade-2026-07-20T1724
2026-07-20,NEWAB,36.96,36.97,92.25,Aug-26,32.0,36.68,Sep-26,60.0,34.68,114,NordicDerivatives-pretrade-2026-07-20T1724
2026-07-20,NIBE,42.79,42.37,36.86,14-Aug-26,25.0,30.24,Aug-26,32.0,46.02,116,NordicDerivatives-pretrade-2026-07-20T1724
2026-07-20,NOA,77.57,75.98,8.90,Aug-26,32.0,76.89,Sep-26,60.0,71.98,53,NordicDerivatives-pretrade-2026-07-20T1724
2026-07-20,NOBA,41.50,41.26,81.92,Aug-26,32.0,40.99,Sep-26,60.0,37.26,93,NordicDerivatives-pretrade-2026-07-20T1724
2026-07-20,NOKI,77.77,76.03,98.48,Aug-26,32.0,77.54,Sep-26,60.0,75.94,341,NordicDerivatives-pretrade-2026-07-20T1724
2026-07-20,NOKIA,69.56,75.87,98.44,07-Aug-26,18.0,80.28,14-Aug-26,25.0,72.94,117,NordicDerivatives-pretrade-2026-07-20T1724
2026-07-20,OCTV,57.15,53.93,156.06,Aug-26,32.0,56.23,Sep-26,60.0,49.34,145,NordicDerivatives-pretrade-2026-07-20T1724
2026-07-20,OMXS30,17.26,15.26,3136.33,14-Aug-26,25.0,15.68,Aug-26,32.0,17.72,431,NordicDerivatives-pretrade-2026-07-20T1724
2026-07-20,ORNB,50.48,34.27,74.72,Sep-26,60.0,36.62,Oct-26,88.0,30.93,39,NordicDerivatives-pretrade-2026-07-20T1724
2026-07-20,OUT,35.77,41.85,5.45,Sep-26,60.0,38.22,Oct-26,88.0,38.97,16,NordicDerivatives-pretrade-2026-07-20T1724
2026-07-20,QTCOM,139.67,73.44,24.16,Dec-26,151.0,58.71,Mar-27,242.0,44.16,38,NordicDerivatives-pretrade-2026-07-20T1724
2026-07-20,SAAB,39.56,39.19,574.19,14-Aug-26,25.0,39.48,Aug-26,32.0,39.59,201,NordicDerivatives-pretrade-2026-07-20T1724
2026-07-20,SAGAB,28.73,27.19,167.47,Aug-26,32.0,28.90,Sep-26,60.0,30.06,78,NordicDerivatives-pretrade-2026-07-20T1724
2026-07-20,SAND,31.66,32.03,335.97,14-Aug-26,25.0,32.55,Aug-26,32.0,31.38,160,NordicDerivatives-pretrade-2026-07-20T1724
2026-07-20,SAVE,25.35,24.05,366.14,Aug-26,32.0,25.15,Sep-26,60.0,23.73,50,NordicDerivatives-pretrade-2026-07-20T1724
2026-07-20,SBBB,47.74,45.90,3.20,Sep-26,60.0,48.51,Oct-26,88.0,48.75,58,NordicDerivatives-pretrade-2026-07-20T1724
2026-07-20,SCAB,28.77,27.57,101.66,Aug-26,32.0,28.53,Sep-26,60.0,26.77,120,NordicDerivatives-pretrade-2026-07-20T1724
2026-07-20,SEBA,18.73,18.58,213.04,14-Aug-26,25.0,19.18,Aug-26,32.0,18.58,209,NordicDerivatives-pretrade-2026-07-20T1724
2026-07-20,SECUB,25.13,24.72,166.83,Aug-26,32.0,24.84,Sep-26,60.0,22.71,110,NordicDerivatives-pretrade-2026-07-20T1724
2026-07-20,SHBA,16.69,16.34,139.09,14-Aug-26,25.0,16.72,Aug-26,32.0,16.68,119,NordicDerivatives-pretrade-2026-07-20T1724
2026-07-20,SINCH,62.55,63.64,38.85,Aug-26,32.0,62.29,Sep-26,60.0,60.46,149,NordicDerivatives-pretrade-2026-07-20T1724
2026-07-20,SIVE,154.62,189.65,32.27,Aug-26,32.0,155.11,Sep-26,60.0,158.48,174,NordicDerivatives-pretrade-2026-07-20T1724
2026-07-20,SKAB,23.44,23.16,256.62,Aug-26,32.0,23.44,Sep-26,60.0,23.43,136,NordicDerivatives-pretrade-2026-07-20T1724
2026-07-20,SKFB,26.82,26.77,246.48,14-Aug-26,25.0,26.04,Aug-26,32.0,27.06,153,NordicDerivatives-pretrade-2026-07-20T1724
2026-07-20,SOBI,26.54,26.06,465.39,Aug-26,32.0,26.60,Sep-26,60.0,27.02,96,NordicDerivatives-pretrade-2026-07-20T1724
2026-07-20,SSABA,39.62,39.19,98.90,14-Aug-26,25.0,36.61,Aug-26,32.0,40.52,236,NordicDerivatives-pretrade-2026-07-20T1724
2026-07-20,SSABB,41.27,39.28,98.59,Aug-26,32.0,39.67,Sep-26,60.0,25.88,83,NordicDerivatives-pretrade-2026-07-20T1724
2026-07-20,STE,34.83,33.08,9.68,Sep-26,60.0,32.27,Oct-26,88.0,31.42,15,NordicDerivatives-pretrade-2026-07-20T1724
2026-07-20,STER,36.00,34.86,106.50,14-Aug-26,25.0,37.10,Aug-26,32.0,35.65,196,NordicDerivatives-pretrade-2026-07-20T1724
2026-07-20,SWEDA,19.46,19.05,362.44,14-Aug-26,25.0,17.48,Aug-26,32.0,20.04,191,NordicDerivatives-pretrade-2026-07-20T1724
2026-07-20,TIETO,35.26,36.93,17.66,Aug-26,32.0,35.06,Sep-26,60.0,33.57,59,NordicDerivatives-pretrade-2026-07-20T1724
2026-07-20,TRA,35.81,35.86,390.22,Aug-26,32.0,35.59,Sep-26,60.0,34.03,100,NordicDerivatives-pretrade-2026-07-20T1724
2026-07-20,TRELB,23.72,23.26,410.38,Aug-26,32.0,23.75,Sep-26,60.0,23.97,136,NordicDerivatives-pretrade-2026-07-20T1724
2026-07-20,TYRES,29.66,28.31,14.56,Aug-26,32.0,29.68,Sep-26,60.0,29.83,78,NordicDerivatives-pretrade-2026-07-20T1724
2026-07-20,UPM,29.23,28.09,23.42,Aug-26,32.0,29.02,Sep-26,60.0,27.49,30,NordicDerivatives-pretrade-2026-07-20T1724
2026-07-20,VALMT,37.08,38.15,22.09,Aug-26,32.0,36.55,Sep-26,60.0,32.57,47,NordicDerivatives-pretrade-2026-07-20T1724
2026-07-20,VCAR,35.71,41.55,19.20,Aug-26,32.0,36.55,Sep-26,60.0,41.93,55,NordicDerivatives-pretrade-2026-07-20T1724
2026-07-20,VOLVB,25.70,24.82,339.86,14-Aug-26,25.0,25.86,Aug-26,32.0,25.65,230,NordicDerivatives-pretrade-2026-07-20T1724
2026-07-20,VSURE,41.50,40.95,10.88,Aug-26,32.0,41.43,Sep-26,60.0,40.93,180,NordicDerivatives-pretrade-2026-07-20T1724
2026-07-20,WRT,44.81,49.01,30.76,Aug-26,32.0,44.77,Sep-26,60.0,44.48,36,NordicDerivatives-pretrade-2026-07-20T1724
2026-07-21,AAK,22.90,23.76,202.23,Aug-26,31.0,22.82,Sep-26,59.0,21.60,29,NordicDerivatives-pretrade-2026-07-21T1724
2026-07-21,ABB,27.79,27.64,964.55,14-Aug-26,24.0,28.60,Aug-26,31.0,27.68,166,NordicDerivatives-pretrade-2026-07-21T1724
2026-07-21,ADDTB,25.34,25.66,338.34,Aug-26,31.0,25.17,Sep-26,59.0,22.47,30,NordicDerivatives-pretrade-2026-07-21T1724
2026-07-21,ALFA,25.00,24.59,565.49,Aug-26,31.0,25.00,Sep-26,59.0,24.91,98,NordicDerivatives-pretrade-2026-07-21T1724
2026-07-21,ASSAB,22.10,22.78,339.37,Aug-26,31.0,22.09,Sep-26,59.0,21.87,33,NordicDerivatives-pretrade-2026-07-21T1724
2026-07-21,ATCOA,25.95,26.60,197.65,14-Aug-26,24.0,26.89,Aug-26,31.0,25.83,178,NordicDerivatives-pretrade-2026-07-21T1724
2026-07-21,AZN,21.67,28.53,1618.03,14-Aug-26,24.0,25.21,Aug-26,31.0,21.17,143,NordicDerivatives-pretrade-2026-07-21T1724
2026-07-21,BETSB,24.46,28.47,92.04,Aug-26,31.0,24.68,Sep-26,59.0,27.63,97,NordicDerivatives-pretrade-2026-07-21T1724
2026-07-21,BILL,28.31,27.70,69.33,Aug-26,31.0,28.32,Sep-26,59.0,28.57,123,NordicDerivatives-pretrade-2026-07-21T1724
2026-07-21,BOLI,40.99,41.18,477.20,14-Aug-26,24.0,38.04,Aug-26,31.0,41.36,205,NordicDerivatives-pretrade-2026-07-21T1724
2026-07-21,CAST,27.08,23.53,129.03,Aug-26,31.0,26.80,Sep-26,59.0,22.43,107,NordicDerivatives-pretrade-2026-07-21T1724
2026-07-21,DOM,33.13,46.42,22.34,Aug-26,31.0,33.49,Sep-26,59.0,38.27,79,NordicDerivatives-pretrade-2026-07-21T1724
2026-07-21,EKTAB,33.62,37.11,46.65,Aug-26,31.0,34.24,Sep-26,59.0,42.03,97,NordicDerivatives-pretrade-2026-07-21T1724
2026-07-21,ELUXB,56.26,65.83,22.50,Aug-26,31.0,56.06,Sep-26,59.0,53.23,114,NordicDerivatives-pretrade-2026-07-21T1724
2026-07-21,EPIA,29.38,29.44,238.29,Aug-26,31.0,29.41,Sep-26,59.0,29.79,94,NordicDerivatives-pretrade-2026-07-21T1724
2026-07-21,EQT,31.64,31.80,315.92,Aug-26,31.0,31.70,Sep-26,59.0,32.57,154,NordicDerivatives-pretrade-2026-07-21T1724
2026-07-21,ERICB,27.68,27.56,93.04,14-Aug-26,24.0,28.18,Aug-26,31.0,27.62,193,NordicDerivatives-pretrade-2026-07-21T1724
2026-07-21,ESSITB,19.23,18.66,277.44,Aug-26,31.0,19.19,Sep-26,59.0,18.60,80,NordicDerivatives-pretrade-2026-07-21T1724
2026-07-21,EVO,25.91,26.24,690.78,Aug-26,31.0,26.00,Sep-26,59.0,27.23,109,NordicDerivatives-pretrade-2026-07-21T1724
2026-07-21,GETIB,23.85,24.85,232.68,Aug-26,31.0,23.83,Sep-26,59.0,23.61,100,NordicDerivatives-pretrade-2026-07-21T1724
2026-07-21,HMB,22.34,24.66,162.17,14-Aug-26,24.0,21.52,Oct-26,87.0,24.35,99,NordicDerivatives-pretrade-2026-07-21T1724
2026-07-21,HOLMB,22.12,21.33,307.89,Aug-26,31.0,22.07,Sep-26,59.0,21.35,135,NordicDerivatives-pretrade-2026-07-21T1724
2026-07-21,INDUC,18.09,20.16,519.38,Aug-26,31.0,18.07,Sep-26,59.0,17.78,75,NordicDerivatives-pretrade-2026-07-21T1724
2026-07-21,INVEB,16.69,16.49,396.84,Aug-26,31.0,16.61,Sep-26,59.0,15.42,82,NordicDerivatives-pretrade-2026-07-21T1724
2026-07-21,KINB,34.82,36.60,49.85,Aug-26,31.0,34.97,Sep-26,59.0,37.08,114,NordicDerivatives-pretrade-2026-07-21T1724
2026-07-21,LATOB,27.71,26.34,193.53,Aug-26,31.0,27.68,Sep-26,59.0,27.15,67,NordicDerivatives-pretrade-2026-07-21T1724
2026-07-21,LIFCOB,22.44,23.95,311.16,Aug-26,31.0,22.27,Sep-26,59.0,19.74,16,NordicDerivatives-pretrade-2026-07-21T1724
2026-07-21,LUMI,48.77,50.85,247.20,Aug-26,31.0,48.65,Sep-26,59.0,46.84,112,NordicDerivatives-pretrade-2026-07-21T1724
2026-07-21,MTGB,34.60,37.47,126.75,Aug-26,31.0,34.36,Sep-26,59.0,30.67,29,NordicDerivatives-pretrade-2026-07-21T1724
2026-07-21,NCC,24.67,25.42,170.73,Aug-26,31.0,24.68,Sep-26,59.0,24.76,76,NordicDerivatives-pretrade-2026-07-21T1724
2026-07-21,NDASE,18.20,,189.54,14-Aug-26,24.0,14.59,Aug-26,31.0,18.61,61,NordicDerivatives-pretrade-2026-07-21T1724
2026-07-21,NESTE,49.61,55.29,33.21,Aug-26,31.0,48.95,Sep-26,59.0,38.25,23,NordicDerivatives-pretrade-2026-07-21T1724
2026-07-21,NEWAB,41.57,39.08,92.05,Aug-26,31.0,41.08,Sep-26,59.0,33.42,112,NordicDerivatives-pretrade-2026-07-21T1724
2026-07-21,NIBE,33.94,46.57,36.45,Aug-26,31.0,33.87,Sep-26,59.0,32.95,21,NordicDerivatives-pretrade-2026-07-21T1724
2026-07-21,NOKI,65.46,77.47,103.54,Sep-26,59.0,69.24,Dec-26,150.0,71.51,178,NordicDerivatives-pretrade-2026-07-21T1724
2026-07-21,OCTV,56.80,54.47,155.26,Aug-26,31.0,56.32,Sep-26,59.0,48.88,135,NordicDerivatives-pretrade-2026-07-21T1724
2026-07-21,OMXS30,17.42,14.60,3148.14,14-Aug-26,24.0,16.35,Aug-26,31.0,17.55,401,NordicDerivatives-pretrade-2026-07-21T1724
2026-07-21,SAAB,39.33,38.55,575.75,Aug-26,31.0,39.21,Sep-26,59.0,37.35,112,NordicDerivatives-pretrade-2026-07-21T1724
2026-07-21,SAGAB,26.69,28.22,162.29,Aug-26,31.0,26.66,Sep-26,59.0,26.24,44,NordicDerivatives-pretrade-2026-07-21T1724
2026-07-21,SAND,30.79,30.86,347.20,14-Aug-26,24.0,30.75,Aug-26,31.0,30.80,166,NordicDerivatives-pretrade-2026-07-21T1724
2026-07-21,SAVE,23.67,24.22,367.54,Aug-26,31.0,23.65,Sep-26,59.0,23.33,40,NordicDerivatives-pretrade-2026-07-21T1724
2026-07-21,SCAB,26.34,27.82,100.54,Aug-26,31.0,26.30,Sep-26,59.0,25.71,98,NordicDerivatives-pretrade-2026-07-21T1724
2026-07-21,SEBA,15.08,17.69,215.85,07-Aug-26,17.0,18.06,Aug-26,31.0,14.94,77,NordicDerivatives-pretrade-2026-07-21T1724
2026-07-21,SECUB,25.77,25.28,167.12,Aug-26,31.0,25.52,Sep-26,59.0,21.65,150,NordicDerivatives-pretrade-2026-07-21T1724
2026-07-21,SHBA,16.20,16.09,141.59,Aug-26,31.0,16.27,Sep-26,59.0,17.17,94,NordicDerivatives-pretrade-2026-07-21T1724
2026-07-21,SINCH,70.93,67.27,39.11,Aug-26,31.0,70.18,Sep-26,59.0,58.45,127,NordicDerivatives-pretrade-2026-07-21T1724
2026-07-21,SIVE,169.48,177.53,39.58,Aug-26,31.0,169.27,Sep-26,59.0,166.29,193,NordicDerivatives-pretrade-2026-07-21T1724
2026-07-21,SKAB,20.76,22.17,262.41,Aug-26,31.0,20.80,Sep-26,59.0,21.46,88,NordicDerivatives-pretrade-2026-07-21T1724
2026-07-21,SKFB,27.61,26.46,250.45,14-Aug-26,24.0,24.16,Aug-26,31.0,28.02,156,NordicDerivatives-pretrade-2026-07-21T1724
2026-07-21,SOBI,24.53,26.57,465.80,Aug-26,31.0,24.54,Sep-26,59.0,24.74,65,NordicDerivatives-pretrade-2026-07-21T1724
2026-07-21,SSABA,36.42,39.70,98.60,14-Aug-26,24.0,30.87,Aug-26,31.0,37.07,74,NordicDerivatives-pretrade-2026-07-21T1724
2026-07-21,SSABB,31.67,39.18,98.22,Aug-26,31.0,31.59,Mar-27,241.0,29.60,14,NordicDerivatives-pretrade-2026-07-21T1724
2026-07-21,STER,35.51,34.68,107.85,07-Aug-26,17.0,34.86,Aug-26,31.0,35.54,108,NordicDerivatives-pretrade-2026-07-21T1724
2026-07-21,SWEDA,19.06,18.27,367.32,14-Aug-26,24.0,18.38,Aug-26,31.0,19.15,180,NordicDerivatives-pretrade-2026-07-21T1724
2026-07-21,TLSN,21.23,21.76,44.58,07-Aug-26,17.0,16.24,Aug-26,31.0,21.42,118,NordicDerivatives-pretrade-2026-07-21T1724
2026-07-21,TRA,34.89,35.75,399.84,Aug-26,31.0,34.80,Sep-26,59.0,33.59,95,NordicDerivatives-pretrade-2026-07-21T1724
2026-07-21,TRELB,20.31,23.06,412.99,Aug-26,31.0,20.53,Dec-26,150.0,25.23,47,NordicDerivatives-pretrade-2026-07-21T1724
2026-07-21,VOLVB,25.48,24.54,340.42,14-Aug-26,24.0,25.03,Aug-26,31.0,25.54,211,NordicDerivatives-pretrade-2026-07-21T1724
2026-07-21,VSURE,36.99,42.45,10.64,Aug-26,31.0,37.22,Sep-26,59.0,40.26,106,NordicDerivatives-pretrade-2026-07-21T1724
2026-07-21,WRT,37.64,37.91,30.10,Aug-26,31.0,37.71,Sep-26,59.0,38.67,28,NordicDerivatives-pretrade-2026-07-21T1724
2026-07-22,ABB,27.75,27.57,962.94,Aug-26,30.0,27.75,Sep-26,58.0,26.67,179,NordicDerivatives-pretrade-2026-07-22T1724
2026-07-22,ADDTB,24.09,25.37,342.44,Aug-26,30.0,24.09,Sep-26,58.0,23.16,30,NordicDerivatives-pretrade-2026-07-22T1724
2026-07-22,ALFA,24.16,23.57,572.68,Aug-26,30.0,24.16,Sep-26,58.0,24.28,67,NordicDerivatives-pretrade-2026-07-22T1724
2026-07-22,ASSAB,21.59,22.20,344.32,Aug-26,30.0,21.59,Sep-26,58.0,21.47,32,NordicDerivatives-pretrade-2026-07-22T1724
2026-07-22,ATCOA,26.80,26.31,200.65,Aug-26,30.0,26.80,Sep-26,58.0,27.09,177,NordicDerivatives-pretrade-2026-07-22T1724
2026-07-22,ATCOB,18.36,25.90,177.15,Aug-26,30.0,18.36,Sep-26,58.0,18.44,15,NordicDerivatives-pretrade-2026-07-22T1724
2026-07-22,AZN,29.85,29.67,1647.80,Aug-26,30.0,29.85,Sep-26,58.0,28.72,181,NordicDerivatives-pretrade-2026-07-22T1724
2026-07-22,BETSB,24.66,28.65,91.93,Aug-26,30.0,24.66,Sep-26,58.0,27.63,96,NordicDerivatives-pretrade-2026-07-22T1724
2026-07-22,BILL,26.97,25.69,72.46,Aug-26,30.0,26.97,Sep-26,58.0,27.16,99,NordicDerivatives-pretrade-2026-07-22T1724
2026-07-22,BOLI,40.99,39.61,496.33,Aug-26,30.0,40.99,Sep-26,58.0,39.58,216,NordicDerivatives-pretrade-2026-07-22T1724
2026-07-22,CAST,26.64,23.17,129.85,Aug-26,30.0,26.64,Sep-26,58.0,29.30,130,NordicDerivatives-pretrade-2026-07-22T1724
2026-07-22,DOM,35.94,46.74,22.53,Aug-26,30.0,35.94,Sep-26,58.0,39.83,82,NordicDerivatives-pretrade-2026-07-22T1724
2026-07-22,EKTAB,33.80,36.71,46.61,Aug-26,30.0,33.80,Sep-26,58.0,42.66,98,NordicDerivatives-pretrade-2026-07-22T1724
2026-07-22,ELUXB,53.83,66.80,22.85,Aug-26,30.0,53.83,Sep-26,58.0,52.18,115,NordicDerivatives-pretrade-2026-07-22T1724
2026-07-22,EPIA,29.29,29.00,245.37,Aug-26,30.0,29.29,Sep-26,58.0,26.25,89,NordicDerivatives-pretrade-2026-07-22T1724
2026-07-22,EQT,31.78,32.94,311.70,Aug-26,30.0,31.78,Sep-26,58.0,31.06,78,NordicDerivatives-pretrade-2026-07-22T1724
2026-07-22,ERICB,27.54,27.41,92.75,Aug-26,30.0,27.54,Sep-26,58.0,29.50,178,NordicDerivatives-pretrade-2026-07-22T1724
2026-07-22,ESSITB,19.18,18.34,280.15,Aug-26,30.0,19.18,Sep-26,58.0,18.30,76,NordicDerivatives-pretrade-2026-07-22T1724
2026-07-22,EVO,25.86,26.43,693.94,Aug-26,30.0,25.86,Sep-26,58.0,27.50,115,NordicDerivatives-pretrade-2026-07-22T1724
2026-07-22,FORTUM,28.20,30.27,20.86,Aug-26,30.0,28.20,Sep-26,58.0,28.83,25,NordicDerivatives-pretrade-2026-07-22T1724
2026-07-22,GETIB,24.62,23.72,232.39,Aug-26,30.0,24.62,Sep-26,58.0,23.13,103,NordicDerivatives-pretrade-2026-07-22T1724
2026-07-22,HEXB,26.56,35.56,80.19,Aug-26,30.0,26.56,Sep-26,58.0,33.72,56,NordicDerivatives-pretrade-2026-07-22T1724
2026-07-22,HMB,23.46,,163.40,Aug-26,30.0,23.46,Sep-26,58.0,20.14,182,NordicDerivatives-pretrade-2026-07-22T1724
2026-07-22,HOLMB,24.22,21.64,316.55,Aug-26,30.0,24.22,Sep-26,58.0,22.38,166,NordicDerivatives-pretrade-2026-07-22T1724
2026-07-22,INDUC,17.66,19.21,526.81,Aug-26,30.0,17.66,Sep-26,58.0,17.59,78,NordicDerivatives-pretrade-2026-07-22T1724
2026-07-22,INVEB,16.87,15.87,402.36,Aug-26,30.0,16.87,Sep-26,58.0,17.78,97,NordicDerivatives-pretrade-2026-07-22T1724
2026-07-22,KINB,34.93,35.42,50.65,Aug-26,30.0,34.93,Sep-26,58.0,36.35,113,NordicDerivatives-pretrade-2026-07-22T1724
2026-07-22,LATOB,27.05,25.78,196.43,Aug-26,30.0,27.05,Sep-26,58.0,26.79,69,NordicDerivatives-pretrade-2026-07-22T1724
2026-07-22,LUMI,47.85,49.97,256.32,Aug-26,30.0,47.85,Sep-26,58.0,45.97,112,NordicDerivatives-pretrade-2026-07-22T1724
2026-07-22,MTGB,25.08,32.85,126.15,Aug-26,30.0,25.08,Sep-26,58.0,29.00,16,NordicDerivatives-pretrade-2026-07-22T1724
2026-07-22,NCC,25.74,24.57,172.15,Aug-26,30.0,25.74,Sep-26,58.0,25.91,92,NordicDerivatives-pretrade-2026-07-22T1724
2026-07-22,NDASE,18.63,21.80,191.87,Aug-26,30.0,18.63,Dec-26,149.0,21.34,73,NordicDerivatives-pretrade-2026-07-22T1724
2026-07-22,NEWAB,41.10,39.39,91.91,Aug-26,30.0,41.10,Sep-26,58.0,33.52,113,NordicDerivatives-pretrade-2026-07-22T1724
2026-07-22,NOKI,70.65,78.95,100.66,Sep-26,58.0,71.29,Dec-26,149.0,71.70,179,NordicDerivatives-pretrade-2026-07-22T1724
2026-07-22,OMXS30,24.62,14.70,3169.13,Aug-26,30.0,24.62,Sep-26,58.0,27.15,411,NordicDerivatives-pretrade-2026-07-22T1724
2026-07-22,SAAB,32.67,39.43,588.62,Aug-26,30.0,32.67,Sep-26,58.0,33.24,89,NordicDerivatives-pretrade-2026-07-22T1724
2026-07-22,SAGAB,27.31,27.79,163.95,Aug-26,30.0,27.31,Sep-26,58.0,26.50,45,NordicDerivatives-pretrade-2026-07-22T1724
2026-07-22,SAND,29.93,30.61,349.45,Aug-26,30.0,29.93,Sep-26,58.0,30.39,149,NordicDerivatives-pretrade-2026-07-22T1724
2026-07-22,SAVE,23.12,24.08,369.20,Aug-26,30.0,23.12,Sep-26,58.0,23.46,39,NordicDerivatives-pretrade-2026-07-22T1724
2026-07-22,SBBB,36.53,41.20,3.10,Sep-26,58.0,45.90,Oct-26,86.0,48.74,62,NordicDerivatives-pretrade-2026-07-22T1724
2026-07-22,SCAB,23.30,23.04,106.48,Aug-26,30.0,23.30,Sep-26,58.0,23.72,109,NordicDerivatives-pretrade-2026-07-22T1724
2026-07-22,SEBA,18.69,18.48,217.61,Aug-26,30.0,18.69,Sep-26,58.0,16.86,113,NordicDerivatives-pretrade-2026-07-22T1724
2026-07-22,SECUB,23.13,25.17,169.76,Aug-26,30.0,23.13,Sep-26,58.0,21.78,100,NordicDerivatives-pretrade-2026-07-22T1724
2026-07-22,SHBA,10.03,,142.91,Aug-26,30.0,10.03,Sep-26,58.0,14.57,73,NordicDerivatives-pretrade-2026-07-22T1724
2026-07-22,SINCH,45.88,46.30,37.47,Aug-26,30.0,45.88,Sep-26,58.0,44.03,118,NordicDerivatives-pretrade-2026-07-22T1724
2026-07-22,SIVE,165.48,179.77,36.65,Aug-26,30.0,165.48,Sep-26,58.0,163.26,182,NordicDerivatives-pretrade-2026-07-22T1724
2026-07-22,SKAB,20.40,22.16,263.33,Aug-26,30.0,20.40,Sep-26,58.0,21.40,93,NordicDerivatives-pretrade-2026-07-22T1724
2026-07-22,SKFB,26.57,25.70,255.30,Aug-26,30.0,26.57,Sep-26,58.0,26.87,166,NordicDerivatives-pretrade-2026-07-22T1724
2026-07-22,SOBI,25.99,26.62,463.59,Aug-26,30.0,25.99,Sep-26,58.0,25.46,76,NordicDerivatives-pretrade-2026-07-22T1724
2026-07-22,SSABA,34.58,34.33,97.34,Aug-26,30.0,34.58,Sep-26,58.0,34.38,186,NordicDerivatives-pretrade-2026-07-22T1724
2026-07-22,SSABB,33.75,32.59,97.26,Aug-26,30.0,33.75,Sep-26,58.0,33.67,107,NordicDerivatives-pretrade-2026-07-22T1724
2026-07-22,STER,35.26,33.40,110.92,Aug-26,30.0,35.26,Sep-26,58.0,34.78,113,NordicDerivatives-pretrade-2026-07-22T1724
2026-07-22,SWEDA,14.93,17.91,369.61,Aug-26,30.0,14.93,Sep-26,58.0,19.54,125,NordicDerivatives-pretrade-2026-07-22T1724
2026-07-22,TLSN,22.77,21.68,44.82,Aug-26,30.0,22.77,Sep-26,58.0,18.47,59,NordicDerivatives-pretrade-2026-07-22T1724
2026-07-22,TRELB,22.13,22.67,417.71,Aug-26,30.0,22.13,Sep-26,58.0,22.10,90,NordicDerivatives-pretrade-2026-07-22T1724
2026-07-22,VOLVB,24.68,24.05,347.82,Aug-26,30.0,24.68,Sep-26,58.0,25.04,208,NordicDerivatives-pretrade-2026-07-22T1724
2026-07-22,VSURE,40.28,41.86,11.28,Aug-26,30.0,40.28,Sep-26,58.0,39.68,115,NordicDerivatives-pretrade-2026-07-22T1724
2026-07-22,WRT,34.63,35.49,30.49,Aug-26,30.0,34.63,Sep-26,58.0,36.11,29,NordicDerivatives-pretrade-2026-07-22T1724
2026-07-23,AAK,22.70,25.50,198.25,Aug-26,29.0,22.65,Sep-26,57.0,23.51,18,NordicDerivatives-pretrade-2026-07-23T1724
2026-07-23,ABB,29.13,28.41,956.68,Aug-26,29.0,29.18,Sep-26,57.0,28.55,229,NordicDerivatives-pretrade-2026-07-23T1724
2026-07-23,ADDTB,26.14,26.20,339.45,Aug-26,29.0,26.17,Sep-26,57.0,25.81,61,NordicDerivatives-pretrade-2026-07-23T1724
2026-07-23,ALFA,24.01,23.60,575.14,Aug-26,29.0,23.99,Sep-26,57.0,24.29,81,NordicDerivatives-pretrade-2026-07-23T1724
2026-07-23,ASSAB,22.30,22.20,342.10,Aug-26,29.0,22.30,Sep-26,57.0,22.24,61,NordicDerivatives-pretrade-2026-07-23T1724
2026-07-23,ATCOA,27.26,26.95,199.70,Aug-26,29.0,27.22,Sep-26,57.0,27.85,167,NordicDerivatives-pretrade-2026-07-23T1724
2026-07-23,ATCOB,21.08,26.74,177.09,Aug-26,29.0,21.18,Sep-26,57.0,19.69,26,NordicDerivatives-pretrade-2026-07-23T1724
2026-07-23,AXFO,18.65,19.41,232.98,Aug-26,29.0,18.91,Oct-26,85.0,12.81,32,NordicDerivatives-pretrade-2026-07-23T1724
2026-07-23,AZN,29.88,29.50,1649.19,Aug-26,29.0,29.95,Sep-26,57.0,28.94,170,NordicDerivatives-pretrade-2026-07-23T1724
2026-07-23,BETSB,25.75,28.88,90.02,Aug-26,29.0,25.65,Sep-26,57.0,27.11,95,NordicDerivatives-pretrade-2026-07-23T1724
2026-07-23,BILL,28.78,27.09,70.32,Aug-26,29.0,28.79,Sep-26,57.0,28.63,120,NordicDerivatives-pretrade-2026-07-23T1724
2026-07-23,BOLI,40.32,40.25,478.50,Aug-26,29.0,40.33,Sep-26,57.0,40.14,192,NordicDerivatives-pretrade-2026-07-23T1724
2026-07-23,CAST,26.92,22.65,130.46,Aug-26,29.0,26.73,Sep-26,57.0,29.38,133,NordicDerivatives-pretrade-2026-07-23T1724
2026-07-23,DOM,38.07,49.80,21.93,Aug-26,29.0,37.88,Sep-26,57.0,40.55,93,NordicDerivatives-pretrade-2026-07-23T1724
2026-07-23,EKTAB,34.74,37.68,46.04,Aug-26,29.0,34.06,Sep-26,57.0,42.98,92,NordicDerivatives-pretrade-2026-07-23T1724
2026-07-23,ELUXB,55.32,67.47,22.12,Aug-26,29.0,55.59,Sep-26,57.0,51.46,112,NordicDerivatives-pretrade-2026-07-23T1724
2026-07-23,EPIA,30.09,29.32,243.89,Aug-26,29.0,30.07,Sep-26,57.0,30.32,135,NordicDerivatives-pretrade-2026-07-23T1724
2026-07-23,EQT,34.60,33.66,310.19,Aug-26,29.0,34.61,Sep-26,57.0,34.42,132,NordicDerivatives-pretrade-2026-07-23T1724
2026-07-23,ERICB,27.20,27.56,91.15,Aug-26,29.0,27.09,Sep-26,57.0,28.58,180,NordicDerivatives-pretrade-2026-07-23T1724
2026-07-23,ESSITB,19.81,19.11,274.06,Aug-26,29.0,19.87,Sep-26,57.0,18.91,73,NordicDerivatives-pretrade-2026-07-23T1724
2026-07-23,EVO,26.46,25.97,692.23,Aug-26,29.0,26.51,Sep-26,57.0,25.79,102,NordicDerivatives-pretrade-2026-07-23T1724
2026-07-23,GETIB,23.55,24.45,229.39,Aug-26,29.0,23.57,Sep-26,57.0,23.33,86,NordicDerivatives-pretrade-2026-07-23T1724
2026-07-23,HEXB,27.71,,79.43,Aug-26,29.0,27.45,Sep-26,57.0,31.02,109,NordicDerivatives-pretrade-2026-07-23T1724
2026-07-23,HMB,23.96,23.18,162.48,Aug-26,29.0,23.93,Sep-26,57.0,24.41,195,NordicDerivatives-pretrade-2026-07-23T1724
2026-07-23,HOLMB,22.51,23.54,306.70,Aug-26,29.0,22.59,Sep-26,57.0,21.43,115,NordicDerivatives-pretrade-2026-07-23T1724
2026-07-23,HUSQB,28.58,34.00,36.75,Aug-26,29.0,28.54,Sep-26,57.0,29.14,45,NordicDerivatives-pretrade-2026-07-23T1724
2026-07-23,INDUC,18.80,20.00,522.82,Aug-26,29.0,18.82,Sep-26,57.0,18.46,96,NordicDerivatives-pretrade-2026-07-23T1724
2026-07-23,INVEB,17.01,17.00,397.84,Aug-26,29.0,17.02,Sep-26,57.0,16.84,72,NordicDerivatives-pretrade-2026-07-23T1724
2026-07-23,KCR,63.67,51.32,28.37,Dec-26,148.0,34.42,Mar-27,239.0,30.12,12,NordicDerivatives-pretrade-2026-07-23T1724
2026-07-23,KEMIRA,25.95,25.15,16.28,Aug-26,29.0,26.20,Sep-26,57.0,22.32,12,NordicDerivatives-pretrade-2026-07-23T1724
2026-07-23,KINB,34.17,35.82,49.60,Aug-26,29.0,34.00,Sep-26,57.0,36.45,108,NordicDerivatives-pretrade-2026-07-23T1724
2026-07-23,LATOB,25.06,26.64,193.28,Aug-26,29.0,25.02,Sep-26,57.0,25.56,46,NordicDerivatives-pretrade-2026-07-23T1724
2026-07-23,LIFCOB,22.03,24.24,310.16,Aug-26,29.0,22.03,Sep-26,57.0,22.13,18,NordicDerivatives-pretrade-2026-07-23T1724
2026-07-23,LUMI,51.05,49.53,250.83,Aug-26,29.0,51.12,Sep-26,57.0,50.13,200,NordicDerivatives-pretrade-2026-07-23T1724
2026-07-23,MTGB,32.06,33.91,121.98,Aug-26,29.0,32.04,Sep-26,57.0,32.32,32,NordicDerivatives-pretrade-2026-07-23T1724
2026-07-23,NCC,25.03,26.25,169.66,Aug-26,29.0,25.01,Sep-26,57.0,25.19,75,NordicDerivatives-pretrade-2026-07-23T1724
2026-07-23,NDASE,21.16,22.01,189.40,Aug-26,29.0,21.17,Sep-26,57.0,21.04,182,NordicDerivatives-pretrade-2026-07-23T1724
2026-07-23,NEWAB,35.50,39.74,90.55,Aug-26,29.0,35.85,Sep-26,57.0,30.21,68,NordicDerivatives-pretrade-2026-07-23T1724
2026-07-23,NIBE,33.06,45.94,36.75,Aug-26,29.0,32.68,Sep-26,57.0,37.93,32,NordicDerivatives-pretrade-2026-07-23T1724
2026-07-23,NOKI,66.06,61.65,95.87,Aug-26,29.0,65.80,Sep-26,57.0,69.48,330,NordicDerivatives-pretrade-2026-07-23T1724
2026-07-23,NOKIA,58.88,61.12,95.79,07-Aug-26,15.0,63.12,14-Aug-26,22.0,60.45,106,NordicDerivatives-pretrade-2026-07-23T1724
2026-07-23,OCTV,53.21,53.85,152.52,Aug-26,29.0,53.56,Sep-26,57.0,48.02,104,NordicDerivatives-pretrade-2026-07-23T1724
2026-07-23,OMXS30,17.72,16.68,3162.89,Aug-26,29.0,17.65,Sep-26,57.0,18.67,408,NordicDerivatives-pretrade-2026-07-23T1724
2026-07-23,QTCOM,137.31,78.52,23.14,Dec-26,148.0,57.75,Mar-27,239.0,42.81,29,NordicDerivatives-pretrade-2026-07-23T1724
2026-07-23,SAAB,39.89,39.27,597.14,Aug-26,29.0,39.94,Sep-26,57.0,39.27,178,NordicDerivatives-pretrade-2026-07-23T1724
2026-07-23,SAGAB,28.14,29.51,161.27,Aug-26,29.0,28.15,Sep-26,57.0,27.93,46,NordicDerivatives-pretrade-2026-07-23T1724
2026-07-23,SAND,28.31,31.15,343.90,Aug-26,29.0,28.29,Sep-26,57.0,28.54,93,NordicDerivatives-pretrade-2026-07-23T1724
2026-07-23,SAVE,24.27,25.01,359.37,Aug-26,29.0,24.27,Sep-26,57.0,24.28,38,NordicDerivatives-pretrade-2026-07-23T1724
2026-07-23,SCAB,25.17,24.21,103.38,Aug-26,29.0,25.25,Sep-26,57.0,23.98,119,NordicDerivatives-pretrade-2026-07-23T1724
2026-07-23,SEBA,18.72,19.65,215.56,Aug-26,29.0,18.69,Sep-26,57.0,19.19,110,NordicDerivatives-pretrade-2026-07-23T1724
2026-07-23,SECUB,26.35,26.82,169.98,Aug-26,29.0,26.61,Sep-26,57.0,22.56,80,NordicDerivatives-pretrade-2026-07-23T1724
2026-07-23,SHBA,17.37,17.45,141.66,Aug-26,29.0,17.36,Sep-26,57.0,17.50,91,NordicDerivatives-pretrade-2026-07-23T1724
2026-07-23,SINCH,45.90,45.10,36.50,Aug-26,29.0,45.98,Sep-26,57.0,44.74,118,NordicDerivatives-pretrade-2026-07-23T1724
2026-07-23,SIVE,156.37,193.33,32.90,Aug-26,29.0,156.24,Sep-26,57.0,158.06,146,NordicDerivatives-pretrade-2026-07-23T1724
2026-07-23,SKAB,22.47,22.09,260.41,Aug-26,29.0,22.43,Sep-26,57.0,23.00,135,NordicDerivatives-pretrade-2026-07-23T1724
2026-07-23,SKFB,25.88,26.24,254.30,Aug-26,29.0,25.80,Sep-26,57.0,26.90,161,NordicDerivatives-pretrade-2026-07-23T1724
2026-07-23,SOBI,26.94,26.82,460.05,Aug-26,29.0,26.93,Sep-26,57.0,27.10,87,NordicDerivatives-pretrade-2026-07-23T1724
2026-07-23,SSABA,35.02,34.55,96.25,Aug-26,29.0,35.06,Sep-26,57.0,34.54,180,NordicDerivatives-pretrade-2026-07-23T1724
2026-07-23,SSABB,31.38,34.77,96.26,Aug-26,29.0,31.28,Sep-26,57.0,32.65,63,NordicDerivatives-pretrade-2026-07-23T1724
2026-07-23,STER,30.07,29.73,99.31,Aug-26,29.0,29.88,Sep-26,57.0,32.53,113,NordicDerivatives-pretrade-2026-07-23T1724
2026-07-23,SWEDA,19.32,18.99,366.56,Aug-26,29.0,19.33,Sep-26,57.0,19.14,161,NordicDerivatives-pretrade-2026-07-23T1724
2026-07-23,TLSN,23.13,21.73,44.59,Aug-26,29.0,23.15,Sep-26,57.0,22.85,161,NordicDerivatives-pretrade-2026-07-23T1724
2026-07-23,TRA,32.41,32.06,440.53,Aug-26,29.0,32.36,Sep-26,57.0,33.05,111,NordicDerivatives-pretrade-2026-07-23T1724
2026-07-23,TRELB,24.11,23.30,414.12,Aug-26,29.0,24.12,Sep-26,57.0,23.98,145,NordicDerivatives-pretrade-2026-07-23T1724
2026-07-23,VALMT,37.75,38.72,22.04,Aug-26,29.0,38.04,Sep-26,57.0,33.44,47,NordicDerivatives-pretrade-2026-07-23T1724
2026-07-23,VOLVB,24.01,23.52,351.40,Aug-26,29.0,23.96,Sep-26,57.0,24.64,207,NordicDerivatives-pretrade-2026-07-23T1724
2026-07-23,VSURE,43.37,42.94,11.07,Aug-26,29.0,43.57,Sep-26,57.0,40.58,112,NordicDerivatives-pretrade-2026-07-23T1724
2026-07-24,ABB,28.79,28.70,950.34,Aug-26,28.0,29.05,28-Aug-26,35.0,28.27,241,NordicDerivatives-pretrade-2026-07-24T1724
2026-07-24,ADDTB,25.88,25.66,342.14,Aug-26,28.0,25.93,Sep-26,56.0,25.54,47,NordicDerivatives-pretrade-2026-07-24T1724
2026-07-24,ALFA,24.07,23.45,575.01,Aug-26,28.0,24.03,Sep-26,56.0,24.33,92,NordicDerivatives-pretrade-2026-07-24T1724
2026-07-24,ASSAB,21.07,21.59,347.89,Aug-26,28.0,20.97,Sep-26,56.0,21.71,52,NordicDerivatives-pretrade-2026-07-24T1724
2026-07-24,ATCOA,23.98,27.54,203.85,Aug-26,28.0,24.48,28-Aug-26,35.0,22.95,141,NordicDerivatives-pretrade-2026-07-24T1724
2026-07-24,ATCOB,24.05,27.42,179.84,Aug-26,28.0,23.95,Sep-26,56.0,24.65,23,NordicDerivatives-pretrade-2026-07-24T1724
2026-07-24,AXFO,19.08,19.44,235.05,Aug-26,28.0,19.17,Sep-26,56.0,18.54,45,NordicDerivatives-pretrade-2026-07-24T1724
2026-07-24,AZN,30.22,29.82,1639.74,Aug-26,28.0,30.41,Sep-26,56.0,28.94,108,NordicDerivatives-pretrade-2026-07-24T1724
2026-07-24,BETSB,24.51,28.27,92.28,Aug-26,28.0,24.04,Sep-26,56.0,27.38,64,NordicDerivatives-pretrade-2026-07-24T1724
2026-07-24,BILL,27.43,27.11,71.78,Aug-26,28.0,27.39,Sep-26,56.0,27.67,115,NordicDerivatives-pretrade-2026-07-24T1724
2026-07-24,BOLI,40.60,39.69,481.42,Aug-26,28.0,40.47,Sep-26,56.0,41.41,234,NordicDerivatives-pretrade-2026-07-24T1724
2026-07-24,CAST,21.81,22.35,130.75,Aug-26,28.0,20.41,Sep-26,56.0,29.33,118,NordicDerivatives-pretrade-2026-07-24T1724
2026-07-24,DOM,37.90,46.65,22.23,Aug-26,28.0,37.47,Sep-26,56.0,40.58,74,NordicDerivatives-pretrade-2026-07-24T1724
2026-07-24,EKTAB,34.34,37.28,46.78,Aug-26,28.0,32.89,Sep-26,56.0,42.55,93,NordicDerivatives-pretrade-2026-07-24T1724
2026-07-24,ELUXB,55.44,65.73,22.75,Aug-26,28.0,55.87,Sep-26,56.0,52.53,108,NordicDerivatives-pretrade-2026-07-24T1724
2026-07-24,EMBRAC,69.42,66.51,65.05,Aug-26,28.0,71.13,Sep-26,56.0,57.08,166,NordicDerivatives-pretrade-2026-07-24T1724
2026-07-24,EPIA,30.03,28.79,248.96,Aug-26,28.0,30.04,Sep-26,56.0,29.97,136,NordicDerivatives-pretrade-2026-07-24T1724
2026-07-24,EQT,31.13,32.96,316.41,Aug-26,28.0,31.47,Sep-26,56.0,28.81,83,NordicDerivatives-pretrade-2026-07-24T1724
2026-07-24,ERICB,27.22,27.28,91.37,Aug-26,28.0,27.52,28-Aug-26,35.0,26.60,242,NordicDerivatives-pretrade-2026-07-24T1724
2026-07-24,ESSITB,19.21,18.64,276.97,Aug-26,28.0,19.28,Sep-26,56.0,18.76,75,NordicDerivatives-pretrade-2026-07-24T1724
2026-07-24,EVO,28.12,25.90,696.81,Aug-26,28.0,28.16,Sep-26,56.0,27.79,116,NordicDerivatives-pretrade-2026-07-24T1724
2026-07-24,GETIB,23.22,24.53,229.12,Aug-26,28.0,23.17,Sep-26,56.0,23.49,93,NordicDerivatives-pretrade-2026-07-24T1724
2026-07-24,HMB,22.61,22.96,163.71,Aug-26,28.0,23.76,28-Aug-26,35.0,20.12,208,NordicDerivatives-pretrade-2026-07-24T1724
2026-07-24,HOLMB,23.48,22.68,310.88,Aug-26,28.0,23.62,Sep-26,56.0,22.55,139,NordicDerivatives-pretrade-2026-07-24T1724
2026-07-24,INDUC,17.48,19.28,531.62,Aug-26,28.0,17.67,Sep-26,56.0,16.15,64,NordicDerivatives-pretrade-2026-07-24T1724
2026-07-24,INVEB,16.60,16.36,404.04,Aug-26,28.0,16.39,Sep-26,56.0,17.95,84,NordicDerivatives-pretrade-2026-07-24T1724
2026-07-24,KCR,34.25,36.21,25.76,Aug-26,28.0,34.71,Oct-26,84.0,29.74,30,NordicDerivatives-pretrade-2026-07-24T1724
2026-07-24,KINB,33.75,34.72,50.45,Aug-26,28.0,33.40,Sep-26,56.0,35.95,107,NordicDerivatives-pretrade-2026-07-24T1724
2026-07-24,KNEB,12.11,3.76,49.08,Dec-26,147.0,22.49,Mar-27,238.0,23.26,14,NordicDerivatives-pretrade-2026-07-24T1724
2026-07-24,LATOB,27.21,25.95,196.87,Aug-26,28.0,27.25,Sep-26,56.0,26.98,68,NordicDerivatives-pretrade-2026-07-24T1724
2026-07-24,LUMI,50.87,49.27,251.92,Aug-26,28.0,51.10,Sep-26,56.0,49.38,199,NordicDerivatives-pretrade-2026-07-24T1724
2026-07-24,METSO,31.38,35.68,16.77,Aug-26,28.0,31.66,Sep-26,56.0,29.45,13,NordicDerivatives-pretrade-2026-07-24T1724
2026-07-24,MTGB,25.12,32.74,125.26,Aug-26,28.0,25.00,Sep-26,56.0,25.88,15,NordicDerivatives-pretrade-2026-07-24T1724
2026-07-24,NCC,26.34,25.26,170.50,Aug-26,28.0,26.33,Sep-26,56.0,26.39,89,NordicDerivatives-pretrade-2026-07-24T1724
2026-07-24,NDASE,18.20,20.35,188.40,Aug-26,28.0,19.87,28-Aug-26,35.0,14.29,116,NordicDerivatives-pretrade-2026-07-24T1724
2026-07-24,NESTE,44.43,43.82,31.18,Aug-26,28.0,44.89,Sep-26,56.0,41.36,40,NordicDerivatives-pretrade-2026-07-24T1724
2026-07-24,NEWAB,41.35,39.21,92.14,Aug-26,28.0,42.25,Sep-26,56.0,34.94,115,NordicDerivatives-pretrade-2026-07-24T1724
2026-07-24,NIBE,35.63,44.12,37.10,Aug-26,28.0,36.34,Sep-26,56.0,30.57,25,NordicDerivatives-pretrade-2026-07-24T1724
2026-07-24,NOKI,67.58,65.91,90.88,Aug-26,28.0,67.20,Sep-26,56.0,70.01,331,NordicDerivatives-pretrade-2026-07-24T1724
2026-07-24,NOKIA,57.12,60.63,90.86,07-Aug-26,14.0,57.34,14-Aug-26,21.0,57.21,111,NordicDerivatives-pretrade-2026-07-24T1724
2026-07-24,OCTV,66.41,53.25,160.10,Dec-26,147.0,40.47,Mar-27,238.0,36.96,19,NordicDerivatives-pretrade-2026-07-24T1724
2026-07-24,OMXS30,19.67,15.77,3188.82,Aug-26,28.0,19.53,Sep-26,56.0,20.62,435,NordicDerivatives-pretrade-2026-07-24T1724
2026-07-24,QTCOM,131.85,76.22,23.34,Dec-26,147.0,56.14,Mar-27,238.0,41.91,29,NordicDerivatives-pretrade-2026-07-24T1724
2026-07-24,SAAB,38.79,39.47,588.20,Aug-26,28.0,39.89,28-Aug-26,35.0,36.50,185,NordicDerivatives-pretrade-2026-07-24T1724
2026-07-24,SAND,28.71,30.77,348.79,Aug-26,28.0,28.97,Sep-26,56.0,26.99,75,NordicDerivatives-pretrade-2026-07-24T1724
2026-07-24,SAVE,23.22,24.36,365.35,Aug-26,28.0,23.20,Sep-26,56.0,23.34,37,NordicDerivatives-pretrade-2026-07-24T1724
2026-07-24,SCAB,23.14,23.16,105.07,Aug-26,28.0,23.08,Sep-26,56.0,23.55,107,NordicDerivatives-pretrade-2026-07-24T1724
2026-07-24,SEBA,18.97,18.93,218.14,Aug-26,28.0,18.80,Dec-26,147.0,20.74,91,NordicDerivatives-pretrade-2026-07-24T1724
2026-07-24,SECUB,16.89,22.20,152.62,Aug-26,28.0,16.68,Sep-26,56.0,18.24,109,NordicDerivatives-pretrade-2026-07-24T1724
2026-07-24,SHBA,15.76,16.85,143.38,Aug-26,28.0,15.51,Sep-26,56.0,17.31,102,NordicDerivatives-pretrade-2026-07-24T1724
2026-07-24,SINCH,43.95,42.49,38.43,Aug-26,28.0,44.05,Sep-26,56.0,43.29,130,NordicDerivatives-pretrade-2026-07-24T1724
2026-07-24,SIVE,155.89,191.93,30.54,Aug-26,28.0,155.99,Sep-26,56.0,155.26,137,NordicDerivatives-pretrade-2026-07-24T1724
2026-07-24,SKAB,22.56,22.37,263.54,Aug-26,28.0,22.41,Sep-26,56.0,23.47,136,NordicDerivatives-pretrade-2026-07-24T1724
2026-07-24,SKFB,25.32,25.76,255.45,Aug-26,28.0,26.63,28-Aug-26,35.0,22.47,128,NordicDerivatives-pretrade-2026-07-24T1724
2026-07-24,SOBI,23.63,27.17,458.02,Aug-26,28.0,23.32,Sep-26,56.0,25.55,61,NordicDerivatives-pretrade-2026-07-24T1724
2026-07-24,SSABA,33.07,33.58,100.94,Aug-26,28.0,34.01,28-Aug-26,35.0,31.13,197,NordicDerivatives-pretrade-2026-07-24T1724
2026-07-24,SSABB,28.75,33.37,100.81,Aug-26,28.0,28.93,Sep-26,56.0,27.52,27,NordicDerivatives-pretrade-2026-07-24T1724
2026-07-24,STER,30.12,28.57,103.86,Aug-26,28.0,30.17,Sep-26,56.0,29.74,105,NordicDerivatives-pretrade-2026-07-24T1724
2026-07-24,SWEDA,18.06,17.79,370.47,Aug-26,28.0,18.89,28-Aug-26,35.0,16.29,170,NordicDerivatives-pretrade-2026-07-24T1724
2026-07-24,TLSN,21.72,21.76,44.59,Aug-26,28.0,23.23,28-Aug-26,35.0,18.31,184,NordicDerivatives-pretrade-2026-07-24T1724
2026-07-24,TRA,31.86,31.64,436.38,Aug-26,28.0,31.93,Sep-26,56.0,31.43,101,NordicDerivatives-pretrade-2026-07-24T1724
2026-07-24,TRELB,22.47,22.84,419.01,Aug-26,28.0,22.26,Sep-26,56.0,23.78,62,NordicDerivatives-pretrade-2026-07-24T1724
2026-07-24,VALMT,35.65,34.33,26.88,Sep-26,56.0,30.59,Oct-26,84.0,28.40,31,NordicDerivatives-pretrade-2026-07-24T1724
2026-07-24,VOLVB,23.71,23.56,354.23,Aug-26,28.0,23.75,28-Aug-26,35.0,23.64,260,NordicDerivatives-pretrade-2026-07-24T1724
2026-07-24,VSURE,46.11,43.78,10.80,Aug-26,28.0,46.65,Sep-26,56.0,42.44,124,NordicDerivatives-pretrade-2026-07-24T1724
2026-07-27,AAK,24.02,26.15,197.35,Aug-26,25.0,24.62,Sep-26,53.0,22.65,28,NordicDerivatives-pretrade-2026-07-27T1724
2026-07-27,ABB,28.61,29.20,939.54,Aug-26,25.0,29.72,28-Aug-26,32.0,28.25,195,NordicDerivatives-pretrade-2026-07-27T1724
2026-07-27,ADDTB,26.30,25.98,342.10,Aug-26,25.0,26.85,Sep-26,53.0,25.08,39,NordicDerivatives-pretrade-2026-07-27T1724
2026-07-27,ALFA,24.77,24.12,569.46,Aug-26,25.0,24.74,Sep-26,53.0,24.82,97,NordicDerivatives-pretrade-2026-07-27T1724
2026-07-27,ASSAB,22.18,22.01,349.81,Aug-26,25.0,21.85,Sep-26,53.0,22.89,77,NordicDerivatives-pretrade-2026-07-27T1724
2026-07-27,ATCOA,27.71,27.92,201.50,Aug-26,25.0,28.15,28-Aug-26,32.0,27.57,226,NordicDerivatives-pretrade-2026-07-27T1724
2026-07-27,ATCOB,23.79,28.09,177.76,Aug-26,25.0,23.03,Sep-26,53.0,25.36,32,NordicDerivatives-pretrade-2026-07-27T1724
2026-07-27,AXFO,19.72,19.65,239.47,Aug-26,25.0,18.77,Sep-26,53.0,21.65,152,NordicDerivatives-pretrade-2026-07-27T1724
2026-07-27,AZN,23.31,26.66,1674.19,Aug-26,25.0,27.14,28-Aug-26,32.0,21.98,137,NordicDerivatives-pretrade-2026-07-27T1724
2026-07-27,BALDB,10.17,23.11,51.60,Oct-26,81.0,22.30,Dec-26,144.0,24.47,15,NordicDerivatives-pretrade-2026-07-27T1724
2026-07-27,BETSB,25.03,29.26,93.48,Aug-26,25.0,23.26,Sep-26,53.0,28.49,64,NordicDerivatives-pretrade-2026-07-27T1724
2026-07-27,BILL,26.14,25.93,74.57,Aug-26,25.0,25.86,Sep-26,53.0,26.72,96,NordicDerivatives-pretrade-2026-07-27T1724
2026-07-27,BOLI,30.55,,475.94,Aug-26,25.0,40.75,28-Aug-26,32.0,26.57,198,NordicDerivatives-pretrade-2026-07-27T1724
2026-07-27,CAST,28.03,22.22,132.27,Aug-26,25.0,27.38,Sep-26,53.0,29.41,132,NordicDerivatives-pretrade-2026-07-27T1724
2026-07-27,DOM,38.01,47.94,22.99,Aug-26,25.0,37.50,Sep-26,53.0,39.08,82,NordicDerivatives-pretrade-2026-07-27T1724
2026-07-27,EKTAB,35.35,38.78,48.60,Aug-26,25.0,31.58,Sep-26,53.0,42.40,93,NordicDerivatives-pretrade-2026-07-27T1724
2026-07-27,ELUXB,53.15,63.22,24.40,Aug-26,25.0,54.45,Sep-26,53.0,50.24,76,NordicDerivatives-pretrade-2026-07-27T1724
2026-07-27,EPIA,30.51,29.50,246.59,Aug-26,25.0,30.52,Sep-26,53.0,30.48,112,NordicDerivatives-pretrade-2026-07-27T1724
2026-07-27,EQT,31.33,32.93,321.52,Aug-26,25.0,32.95,28-Aug-26,32.0,30.80,161,NordicDerivatives-pretrade-2026-07-27T1724
2026-07-27,ERICB,26.98,27.07,93.45,Aug-26,25.0,27.67,28-Aug-26,32.0,26.76,231,NordicDerivatives-pretrade-2026-07-27T1724
2026-07-27,ESSITB,18.98,18.54,280.60,Aug-26,25.0,19.19,Sep-26,53.0,18.53,85,NordicDerivatives-pretrade-2026-07-27T1724
2026-07-27,EVO,28.44,31.89,743.08,Aug-26,25.0,26.26,28-Aug-26,32.0,29.09,95,NordicDerivatives-pretrade-2026-07-27T1724
2026-07-27,GETIB,25.04,24.56,229.79,Aug-26,25.0,25.22,Sep-26,53.0,24.64,106,NordicDerivatives-pretrade-2026-07-27T1724
2026-07-27,HEXB,26.78,34.46,84.62,Aug-26,25.0,25.72,Sep-26,53.0,28.94,31,NordicDerivatives-pretrade-2026-07-27T1724
2026-07-27,HMB,22.41,22.53,169.18,Aug-26,25.0,22.78,28-Aug-26,32.0,22.29,197,NordicDerivatives-pretrade-2026-07-27T1724
2026-07-27,HOLMB,22.55,21.76,317.77,Aug-26,25.0,22.96,Sep-26,53.0,21.62,142,NordicDerivatives-pretrade-2026-07-27T1724
2026-07-27,INDUC,19.36,20.19,538.25,Aug-26,25.0,19.93,Sep-26,53.0,18.07,82,NordicDerivatives-pretrade-2026-07-27T1724
2026-07-27,INVEB,18.12,17.30,407.96,Aug-26,25.0,17.74,Sep-26,53.0,18.92,91,NordicDerivatives-pretrade-2026-07-27T1724
2026-07-27,KINB,33.63,34.66,51.60,Aug-26,25.0,32.78,Sep-26,53.0,35.42,107,NordicDerivatives-pretrade-2026-07-27T1724
2026-07-27,KNEB,13.23,,50.40,Dec-26,144.0,22.24,Mar-27,235.0,22.96,14,NordicDerivatives-pretrade-2026-07-27T1724
2026-07-27,LATOB,27.01,26.10,198.81,Aug-26,25.0,27.27,Sep-26,53.0,26.44,63,NordicDerivatives-pretrade-2026-07-27T1724
2026-07-27,LIFCOB,22.31,24.07,314.40,Aug-26,25.0,22.44,Sep-26,53.0,22.04,15,NordicDerivatives-pretrade-2026-07-27T1724
2026-07-27,LUMI,51.07,49.49,242.81,Aug-26,25.0,51.88,Sep-26,53.0,49.26,195,NordicDerivatives-pretrade-2026-07-27T1724
2026-07-27,NCC,24.89,25.54,170.09,Aug-26,25.0,24.99,Sep-26,53.0,24.65,69,NordicDerivatives-pretrade-2026-07-27T1724
2026-07-27,NDASE,16.44,19.92,191.45,Aug-26,25.0,19.33,28-Aug-26,32.0,15.43,126,NordicDerivatives-pretrade-2026-07-27T1724
2026-07-27,NESTE,40.47,41.27,29.86,Aug-26,25.0,40.34,Sep-26,53.0,40.75,31,NordicDerivatives-pretrade-2026-07-27T1724
2026-07-27,NEWAB,41.35,39.17,93.49,Aug-26,25.0,44.06,Sep-26,53.0,34.75,115,NordicDerivatives-pretrade-2026-07-27T1724
2026-07-27,NIBE,38.79,45.08,37.22,Aug-26,25.0,39.97,Sep-26,53.0,36.10,42,NordicDerivatives-pretrade-2026-07-27T1724
2026-07-27,OCTV,57.24,60.30,164.62,Dec-26,144.0,39.95,Mar-27,235.0,37.74,30,NordicDerivatives-pretrade-2026-07-27T1724
2026-07-27,OMXS30,15.94,15.45,3200.28,Aug-26,25.0,19.78,28-Aug-26,32.0,14.53,404,NordicDerivatives-pretrade-2026-07-27T1724
2026-07-27,SAAB,36.79,39.70,600.90,Aug-26,25.0,40.65,28-Aug-26,32.0,35.50,164,NordicDerivatives-pretrade-2026-07-27T1724
2026-07-27,SAGAB,26.25,26.88,165.97,Aug-26,25.0,26.34,Sep-26,53.0,26.05,47,NordicDerivatives-pretrade-2026-07-27T1724
2026-07-27,SAND,30.44,29.92,351.81,Aug-26,25.0,30.67,28-Aug-26,32.0,30.37,178,NordicDerivatives-pretrade-2026-07-27T1724
2026-07-27,SAVE,24.09,24.63,367.00,Aug-26,25.0,24.36,Sep-26,53.0,23.50,37,NordicDerivatives-pretrade-2026-07-27T1724
2026-07-27,SCAB,22.73,24.00,107.90,Aug-26,25.0,22.32,Sep-26,53.0,23.61,99,NordicDerivatives-pretrade-2026-07-27T1724
2026-07-27,SEBA,17.97,18.73,220.57,Aug-26,25.0,19.16,Sep-26,53.0,15.09,101,NordicDerivatives-pretrade-2026-07-27T1724
2026-07-27,SECUB,19.66,18.31,157.03,Aug-26,25.0,20.33,Sep-26,53.0,18.12,125,NordicDerivatives-pretrade-2026-07-27T1724
2026-07-27,SHBA,15.43,16.47,144.90,Aug-26,25.0,14.80,Sep-26,53.0,16.73,88,NordicDerivatives-pretrade-2026-07-27T1724
2026-07-27,SINCH,45.10,43.20,39.43,Aug-26,25.0,45.68,Sep-26,53.0,43.82,126,NordicDerivatives-pretrade-2026-07-27T1724
2026-07-27,SIVE,158.06,190.63,30.54,Aug-26,25.0,164.92,Sep-26,53.0,142.05,141,NordicDerivatives-pretrade-2026-07-27T1724
2026-07-27,SKAB,22.01,21.92,263.85,Aug-26,25.0,21.80,Sep-26,53.0,22.45,135,NordicDerivatives-pretrade-2026-07-27T1724
2026-07-27,SKFB,26.81,26.01,255.95,Aug-26,25.0,26.91,Sep-26,53.0,26.58,119,NordicDerivatives-pretrade-2026-07-27T1724
2026-07-27,SOBI,25.71,27.01,463.74,Aug-26,25.0,25.92,Sep-26,53.0,25.26,74,NordicDerivatives-pretrade-2026-07-27T1724
2026-07-27,SSABA,30.90,34.19,99.05,Aug-26,25.0,35.40,28-Aug-26,32.0,29.35,180,NordicDerivatives-pretrade-2026-07-27T1724
2026-07-27,SSABB,26.78,34.28,99.05,Aug-26,25.0,24.73,Sep-26,53.0,30.77,26,NordicDerivatives-pretrade-2026-07-27T1724
2026-07-27,STER,30.54,28.54,106.34,Aug-26,25.0,30.27,Sep-26,53.0,31.12,112,NordicDerivatives-pretrade-2026-07-27T1724
2026-07-27,SWEDA,18.42,18.29,374.30,Aug-26,25.0,19.16,28-Aug-26,32.0,18.18,150,NordicDerivatives-pretrade-2026-07-27T1724
2026-07-27,TLSN,23.11,21.33,45.13,Aug-26,25.0,23.05,Sep-26,53.0,23.26,135,NordicDerivatives-pretrade-2026-07-27T1724
2026-07-27,TRA,30.31,31.43,434.02,Aug-26,25.0,30.03,Sep-26,53.0,30.89,84,NordicDerivatives-pretrade-2026-07-27T1724
2026-07-27,TRELB,22.65,22.81,423.06,Aug-26,25.0,22.55,Sep-26,53.0,22.86,87,NordicDerivatives-pretrade-2026-07-27T1724
2026-07-27,VALMT,26.86,27.35,26.30,Oct-26,81.0,26.05,Dec-26,144.0,25.84,23,NordicDerivatives-pretrade-2026-07-27T1724
2026-07-27,VOLVB,24.61,24.47,356.74,Aug-26,25.0,24.96,28-Aug-26,32.0,24.50,233,NordicDerivatives-pretrade-2026-07-27T1724
2026-07-27,VSURE,44.80,44.38,10.95,Aug-26,25.0,45.77,Sep-26,53.0,42.61,112,NordicDerivatives-pretrade-2026-07-27T1724
2026-07-28,AAK,20.21,24.44,200.35,Aug-26,24.0,19.90,Oct-26,80.0,20.97,15,NordicDerivatives-pretrade-2026-07-28T1724
2026-07-28,ABB,29.95,29.62,916.16,Aug-26,24.0,30.20,Sep-26,52.0,29.51,196,NordicDerivatives-pretrade-2026-07-28T1724
2026-07-28,ADDTB,23.60,25.52,344.45,Aug-26,24.0,24.18,Sep-26,52.0,22.59,28,NordicDerivatives-pretrade-2026-07-28T1724
2026-07-28,ALFA,25.01,24.71,559.22,Aug-26,24.0,24.97,Sep-26,52.0,25.09,70,NordicDerivatives-pretrade-2026-07-28T1724
2026-07-28,ASSAB,21.32,21.12,355.34,Aug-26,24.0,21.15,Sep-26,52.0,21.60,28,NordicDerivatives-pretrade-2026-07-28T1724
2026-07-28,ATCOA,24.99,27.72,195.93,Aug-26,24.0,23.88,Sep-26,52.0,26.75,127,NordicDerivatives-pretrade-2026-07-28T1724
2026-07-28,AXFO,22.05,21.20,243.88,Aug-26,24.0,21.39,Sep-26,52.0,23.13,161,NordicDerivatives-pretrade-2026-07-28T1724
2026-07-28,AZN,27.54,26.12,1666.65,Aug-26,24.0,27.59,Sep-26,52.0,27.46,117,NordicDerivatives-pretrade-2026-07-28T1724
2026-07-28,BETSB,23.35,28.68,93.54,Aug-26,24.0,20.28,Sep-26,52.0,27.79,66,NordicDerivatives-pretrade-2026-07-28T1724
2026-07-28,BILL,25.16,24.41,76.40,Aug-26,24.0,24.95,Sep-26,52.0,25.53,113,NordicDerivatives-pretrade-2026-07-28T1724
2026-07-28,BOLI,28.54,39.90,466.32,Aug-26,24.0,27.51,Sep-26,52.0,30.20,111,NordicDerivatives-pretrade-2026-07-28T1724
2026-07-28,CAST,23.23,21.70,133.85,Aug-26,24.0,23.81,Sep-26,52.0,22.21,92,NordicDerivatives-pretrade-2026-07-28T1724
2026-07-28,DOM,37.02,44.89,23.72,Aug-26,24.0,36.16,Sep-26,52.0,38.42,88,NordicDerivatives-pretrade-2026-07-28T1724
2026-07-28,EKTAB,34.62,38.60,48.73,Aug-26,24.0,30.45,Sep-26,52.0,40.71,89,NordicDerivatives-pretrade-2026-07-28T1724
2026-07-28,ELUXB,53.04,61.27,24.95,Aug-26,24.0,59.03,28-Aug-26,31.0,52.21,187,NordicDerivatives-pretrade-2026-07-28T1724
2026-07-28,EPIA,30.85,29.29,241.45,Aug-26,24.0,30.85,Sep-26,52.0,30.84,133,NordicDerivatives-pretrade-2026-07-28T1724
2026-07-28,EQT,30.86,32.04,324.92,Aug-26,24.0,32.42,Sep-26,52.0,28.01,105,NordicDerivatives-pretrade-2026-07-28T1724
2026-07-28,ERICB,25.24,26.85,95.50,Aug-26,24.0,27.46,28-Aug-26,31.0,24.94,236,NordicDerivatives-pretrade-2026-07-28T1724
2026-07-28,ESSITB,19.42,18.23,281.33,Aug-26,24.0,20.02,Sep-26,52.0,18.37,90,NordicDerivatives-pretrade-2026-07-28T1724
2026-07-28,EVO,27.17,31.16,745.97,Aug-26,24.0,24.53,28-Aug-26,31.0,27.49,110,NordicDerivatives-pretrade-2026-07-28T1724
2026-07-28,GETIB,22.50,23.85,234.84,Aug-26,24.0,23.02,Sep-26,52.0,21.60,70,NordicDerivatives-pretrade-2026-07-28T1724
2026-07-28,HMB,22.23,22.26,171.15,Aug-26,24.0,22.15,28-Aug-26,31.0,22.24,182,NordicDerivatives-pretrade-2026-07-28T1724
2026-07-28,HOLMB,21.92,20.97,322.58,Aug-26,24.0,22.38,Sep-26,52.0,21.10,141,NordicDerivatives-pretrade-2026-07-28T1724
2026-07-28,INDUC,19.63,20.29,538.74,Aug-26,24.0,20.39,Sep-26,52.0,18.27,86,NordicDerivatives-pretrade-2026-07-28T1724
2026-07-28,INVEB,16.95,17.07,407.45,Aug-26,24.0,16.25,Oct-26,80.0,18.58,47,NordicDerivatives-pretrade-2026-07-28T1724
2026-07-28,KINB,33.85,33.62,52.75,Aug-26,24.0,32.90,Sep-26,52.0,35.39,105,NordicDerivatives-pretrade-2026-07-28T1724
2026-07-28,LATOB,26.32,25.27,202.35,Aug-26,24.0,26.26,Sep-26,52.0,26.42,61,NordicDerivatives-pretrade-2026-07-28T1724
2026-07-28,LUMI,51.85,50.15,237.88,Aug-26,24.0,53.07,Sep-26,52.0,49.72,193,NordicDerivatives-pretrade-2026-07-28T1724
2026-07-28,METSO,36.52,35.04,15.86,Sep-26,52.0,31.38,Oct-26,80.0,28.59,18,NordicDerivatives-pretrade-2026-07-28T1724
2026-07-28,MTGB,28.18,32.66,127.03,Aug-26,24.0,29.09,Sep-26,52.0,26.57,20,NordicDerivatives-pretrade-2026-07-28T1724
2026-07-28,NCC,26.24,25.64,169.99,Aug-26,24.0,26.21,Sep-26,52.0,26.29,85,NordicDerivatives-pretrade-2026-07-28T1724
2026-07-28,NDASE,14.98,19.69,189.87,Aug-26,24.0,17.28,28-Aug-26,31.0,14.65,58,NordicDerivatives-pretrade-2026-07-28T1724
2026-07-28,NEWAB,40.59,38.95,94.65,Aug-26,24.0,43.79,Sep-26,52.0,34.51,114,NordicDerivatives-pretrade-2026-07-28T1724
2026-07-28,NOKI,52.75,65.87,86.40,Aug-26,24.0,47.74,Sep-26,52.0,60.28,206,NordicDerivatives-pretrade-2026-07-28T1724
2026-07-28,OCTV,59.37,64.00,169.79,Dec-26,143.0,40.59,Mar-27,234.0,38.12,31,NordicDerivatives-pretrade-2026-07-28T1724
2026-07-28,OMXS30,15.94,15.12,3220.58,Aug-26,24.0,20.35,28-Aug-26,31.0,15.28,425,NordicDerivatives-pretrade-2026-07-28T1724
2026-07-28,QTCOM,135.40,73.71,25.27,Dec-26,143.0,58.60,Mar-27,234.0,43.54,37,NordicDerivatives-pretrade-2026-07-28T1724
2026-07-28,SAAB,39.91,39.08,611.71,Aug-26,24.0,40.12,Sep-26,52.0,39.56,127,NordicDerivatives-pretrade-2026-07-28T1724
2026-07-28,SAGAB,25.09,26.29,167.11,Aug-26,24.0,25.10,Sep-26,52.0,25.07,35,NordicDerivatives-pretrade-2026-07-28T1724
2026-07-28,SAND,30.24,30.00,348.70,Aug-26,24.0,30.31,28-Aug-26,31.0,30.23,161,NordicDerivatives-pretrade-2026-07-28T1724
2026-07-28,SAVE,23.79,25.01,364.58,Aug-26,24.0,23.66,Sep-26,52.0,24.00,36,NordicDerivatives-pretrade-2026-07-28T1724
2026-07-28,SCAB,22.08,22.14,109.97,Aug-26,24.0,22.19,Sep-26,52.0,21.89,98,NordicDerivatives-pretrade-2026-07-28T1724
2026-07-28,SEBA,11.80,,219.25,Aug-26,24.0,19.28,28-Aug-26,31.0,10.45,127,NordicDerivatives-pretrade-2026-07-28T1724
2026-07-28,SECUB,18.05,19.14,159.50,Aug-26,24.0,18.02,Sep-26,52.0,18.10,81,NordicDerivatives-pretrade-2026-07-28T1724
2026-07-28,SHBA,14.26,16.74,143.74,Aug-26,24.0,12.21,Sep-26,52.0,17.19,78,NordicDerivatives-pretrade-2026-07-28T1724
2026-07-28,SINCH,43.07,43.34,39.95,Aug-26,24.0,43.69,Sep-26,52.0,42.01,115,NordicDerivatives-pretrade-2026-07-28T1724
2026-07-28,SIVE,152.00,197.48,27.89,Aug-26,24.0,160.47,Sep-26,52.0,136.48,158,NordicDerivatives-pretrade-2026-07-28T1724
2026-07-28,SKAB,21.69,21.13,267.26,Aug-26,24.0,21.59,Sep-26,52.0,21.87,128,NordicDerivatives-pretrade-2026-07-28T1724
2026-07-28,SKFB,25.40,25.40,260.39,Aug-26,24.0,24.52,Sep-26,52.0,26.84,100,NordicDerivatives-pretrade-2026-07-28T1724
2026-07-28,SOBI,26.08,26.86,468.90,Aug-26,24.0,26.29,Sep-26,52.0,25.73,75,NordicDerivatives-pretrade-2026-07-28T1724
2026-07-28,SSABA,28.26,33.15,102.05,Aug-26,24.0,34.51,28-Aug-26,31.0,27.35,165,NordicDerivatives-pretrade-2026-07-28T1724
2026-07-28,SSABB,26.11,33.80,101.77,Sep-26,52.0,28.65,Oct-26,80.0,29.78,20,NordicDerivatives-pretrade-2026-07-28T1724
2026-07-28,STER,29.01,27.99,107.70,Aug-26,24.0,29.12,Sep-26,52.0,28.82,144,NordicDerivatives-pretrade-2026-07-28T1724
2026-07-28,SWEDA,18.33,17.95,373.22,Aug-26,24.0,18.56,28-Aug-26,31.0,18.30,139,NordicDerivatives-pretrade-2026-07-28T1724
2026-07-28,TLSN,20.54,,45.77,Aug-26,24.0,19.21,Sep-26,52.0,22.60,97,NordicDerivatives-pretrade-2026-07-28T1724
2026-07-28,TRA,32.41,32.64,439.38,Aug-26,24.0,32.66,Sep-26,52.0,31.98,99,NordicDerivatives-pretrade-2026-07-28T1724
2026-07-28,TRELB,22.50,22.72,424.75,Aug-26,24.0,22.12,Sep-26,52.0,23.14,90,NordicDerivatives-pretrade-2026-07-28T1724
2026-07-28,VOLVB,23.75,23.72,363.71,Aug-26,24.0,23.85,28-Aug-26,31.0,23.74,224,NordicDerivatives-pretrade-2026-07-28T1724
2026-07-28,VSURE,42.53,43.34,11.10,Aug-26,24.0,46.86,Sep-26,52.0,33.96,99,NordicDerivatives-pretrade-2026-07-28T1724
2026-07-28,WRT,36.32,37.10,29.34,Aug-26,24.0,35.16,Sep-26,52.0,38.19,29,NordicDerivatives-pretrade-2026-07-28T1724
2026-07-29,AAK,23.34,23.93,202.05,Aug-26,23.0,23.06,Sep-26,51.0,23.71,41,NordicDerivatives-pretrade-2026-07-29T1724
2026-07-29,ABB,21.93,29.33,906.79,28-Aug-26,30.0,21.93,Sep-26,51.0,29.57,216,NordicDerivatives-pretrade-2026-07-29T1724
2026-07-29,ADDTB,24.54,25.47,340.06,Aug-26,23.0,24.66,Sep-26,51.0,24.37,36,NordicDerivatives-pretrade-2026-07-29T1724
2026-07-29,ALFA,24.40,25.18,548.96,Aug-26,23.0,24.63,Sep-26,51.0,24.10,58,NordicDerivatives-pretrade-2026-07-29T1724
2026-07-29,ASSAB,21.89,21.30,352.73,Aug-26,23.0,21.43,Sep-26,51.0,22.49,78,NordicDerivatives-pretrade-2026-07-29T1724
2026-07-29,ATCOA,24.29,27.68,194.30,28-Aug-26,30.0,24.29,Sep-26,51.0,26.86,129,NordicDerivatives-pretrade-2026-07-29T1724
2026-07-29,ATCOB,22.68,27.90,172.19,Aug-26,23.0,21.84,Sep-26,51.0,23.76,19,NordicDerivatives-pretrade-2026-07-29T1724
2026-07-29,AXFO,18.13,,245.19,Aug-26,23.0,19.46,Sep-26,51.0,16.16,75,NordicDerivatives-pretrade-2026-07-29T1724
2026-07-29,AZN,23.67,25.42,1689.13,Aug-26,23.0,25.54,Sep-26,51.0,20.87,90,NordicDerivatives-pretrade-2026-07-29T1724
2026-07-29,BETSB,24.52,28.16,93.96,Aug-26,23.0,23.44,Sep-26,51.0,25.90,47,NordicDerivatives-pretrade-2026-07-29T1724
2026-07-29,BILL,25.37,25.07,75.78,Aug-26,23.0,24.99,Sep-26,51.0,25.86,114,NordicDerivatives-pretrade-2026-07-29T1724
2026-07-29,BOLI,34.74,39.39,464.55,28-Aug-26,30.0,34.74,Sep-26,51.0,34.89,177,NordicDerivatives-pretrade-2026-07-29T1724
2026-07-29,CAST,27.86,21.91,133.30,Aug-26,23.0,27.30,Sep-26,51.0,28.61,132,NordicDerivatives-pretrade-2026-07-29T1724
2026-07-29,DOM,35.13,46.58,23.92,Aug-26,23.0,32.96,Sep-26,51.0,37.85,72,NordicDerivatives-pretrade-2026-07-29T1724
2026-07-29,EKTAB,35.58,40.06,48.67,Aug-26,23.0,30.71,Sep-26,51.0,41.26,87,NordicDerivatives-pretrade-2026-07-29T1724
2026-07-29,ELUXB,22.54,51.44,30.40,28-Aug-26,30.0,22.54,Sep-26,51.0,48.94,99,NordicDerivatives-pretrade-2026-07-29T1724
2026-07-29,EPIA,31.83,30.69,237.16,Aug-26,23.0,31.93,Sep-26,51.0,31.70,116,NordicDerivatives-pretrade-2026-07-29T1724
2026-07-29,EQT,32.02,32.08,321.80,Aug-26,23.0,33.07,Sep-26,51.0,30.54,99,NordicDerivatives-pretrade-2026-07-29T1724
2026-07-29,ERICB,21.84,26.57,96.40,28-Aug-26,30.0,21.84,Sep-26,51.0,28.34,198,NordicDerivatives-pretrade-2026-07-29T1724
2026-07-29,ESSITB,19.37,18.40,279.89,Aug-26,23.0,20.01,Sep-26,51.0,18.46,78,NordicDerivatives-pretrade-2026-07-29T1724
2026-07-29,EVO,27.93,28.46,752.94,Aug-26,23.0,30.76,Sep-26,51.0,23.56,87,NordicDerivatives-pretrade-2026-07-29T1724
2026-07-29,GETIB,23.20,23.26,237.60,Aug-26,23.0,23.63,Sep-26,51.0,22.60,83,NordicDerivatives-pretrade-2026-07-29T1724
2026-07-29,HEXB,36.56,33.42,96.38,Aug-26,23.0,35.71,Sep-26,51.0,37.67,122,NordicDerivatives-pretrade-2026-07-29T1724
2026-07-29,HMB,20.28,21.56,174.17,28-Aug-26,30.0,20.28,Sep-26,51.0,23.43,181,NordicDerivatives-pretrade-2026-07-29T1724
2026-07-29,HOLMB,22.61,21.16,321.51,Aug-26,23.0,23.13,Sep-26,51.0,21.88,150,NordicDerivatives-pretrade-2026-07-29T1724
2026-07-29,INDUC,18.94,20.33,537.07,Aug-26,23.0,20.14,Sep-26,51.0,17.18,72,NordicDerivatives-pretrade-2026-07-29T1724
2026-07-29,INVEB,18.71,18.08,408.57,Aug-26,23.0,18.27,Sep-26,51.0,19.28,83,NordicDerivatives-pretrade-2026-07-29T1724
2026-07-29,KINB,32.82,33.04,52.95,Aug-26,23.0,31.89,Sep-26,51.0,34.04,104,NordicDerivatives-pretrade-2026-07-29T1724
2026-07-29,LATOB,27.14,25.68,200.46,Aug-26,23.0,27.17,Sep-26,51.0,27.09,64,NordicDerivatives-pretrade-2026-07-29T1724
2026-07-29,LUMI,38.08,51.31,237.26,Aug-26,23.0,35.33,Sep-26,51.0,41.51,87,NordicDerivatives-pretrade-2026-07-29T1724
2026-07-29,NCC,26.75,25.80,168.26,Aug-26,23.0,26.81,Sep-26,51.0,26.67,85,NordicDerivatives-pretrade-2026-07-29T1724
2026-07-29,NDASE,17.24,19.99,188.60,28-Aug-26,30.0,17.24,Sep-26,51.0,18.88,141,NordicDerivatives-pretrade-2026-07-29T1724
2026-07-29,NEWAB,41.61,38.94,94.70,Aug-26,23.0,45.59,Sep-26,51.0,35.51,114,NordicDerivatives-pretrade-2026-07-29T1724
2026-07-29,NIBE,42.74,,37.60,Aug-26,23.0,44.47,Sep-26,51.0,40.29,33,NordicDerivatives-pretrade-2026-07-29T1724
2026-07-29,NOA,63.34,62.71,7.59,Aug-26,23.0,63.62,Sep-26,51.0,62.98,38,NordicDerivatives-pretrade-2026-07-29T1724
2026-07-29,NOKI,48.11,66.56,83.49,Aug-26,23.0,42.86,Sep-26,51.0,54.41,140,NordicDerivatives-pretrade-2026-07-29T1724
2026-07-29,OCTV,85.56,58.29,170.90,Dec-26,142.0,39.74,Mar-27,233.0,31.28,24,NordicDerivatives-pretrade-2026-07-29T1724
2026-07-29,OMXS30,15.72,15.99,3215.78,28-Aug-26,30.0,15.72,Sep-26,51.0,17.59,415,NordicDerivatives-pretrade-2026-07-29T1724
2026-07-29,SAAB,37.86,41.16,597.66,28-Aug-26,30.0,37.86,Sep-26,51.0,42.03,177,NordicDerivatives-pretrade-2026-07-29T1724
2026-07-29,SAGAB,24.41,26.61,166.76,Aug-26,23.0,23.49,Sep-26,51.0,25.61,37,NordicDerivatives-pretrade-2026-07-29T1724
2026-07-29,SAND,28.08,29.85,347.17,28-Aug-26,30.0,28.08,Sep-26,51.0,31.23,151,NordicDerivatives-pretrade-2026-07-29T1724
2026-07-29,SAVE,24.43,24.81,363.62,Aug-26,23.0,24.77,Sep-26,51.0,23.97,37,NordicDerivatives-pretrade-2026-07-29T1724
2026-07-29,SCAB,20.47,22.24,109.10,Aug-26,23.0,21.77,Sep-26,51.0,18.57,89,NordicDerivatives-pretrade-2026-07-29T1724
2026-07-29,SEBA,18.92,18.80,218.95,28-Aug-26,30.0,18.92,Sep-26,51.0,19.73,173,NordicDerivatives-pretrade-2026-07-29T1724
2026-07-29,SECUB,19.00,19.05,158.48,Aug-26,23.0,19.53,Sep-26,51.0,18.26,82,NordicDerivatives-pretrade-2026-07-29T1724
2026-07-29,SHBA,17.39,16.86,143.38,Aug-26,23.0,17.50,Sep-26,51.0,17.24,73,NordicDerivatives-pretrade-2026-07-29T1724
2026-07-29,SINCH,43.66,43.09,40.62,Aug-26,23.0,44.68,Sep-26,51.0,42.23,115,NordicDerivatives-pretrade-2026-07-29T1724
2026-07-29,SIVE,159.32,204.47,26.63,Aug-26,23.0,164.51,Sep-26,51.0,152.01,156,NordicDerivatives-pretrade-2026-07-29T1724
2026-07-29,SKAB,22.02,21.58,263.83,Aug-26,23.0,22.00,Sep-26,51.0,22.06,124,NordicDerivatives-pretrade-2026-07-29T1724
2026-07-29,SKFB,25.09,25.48,256.50,28-Aug-26,30.0,25.09,Sep-26,51.0,27.60,159,NordicDerivatives-pretrade-2026-07-29T1724
2026-07-29,SOBI,24.95,26.54,474.88,Aug-26,23.0,24.82,Sep-26,51.0,25.12,65,NordicDerivatives-pretrade-2026-07-29T1724
2026-07-29,SSABA,25.61,33.92,99.50,28-Aug-26,30.0,25.61,Sep-26,51.0,34.59,163,NordicDerivatives-pretrade-2026-07-29T1724
2026-07-29,STER,29.14,27.91,109.10,Aug-26,23.0,28.89,Sep-26,51.0,29.48,97,NordicDerivatives-pretrade-2026-07-29T1724
2026-07-29,SWEDA,18.16,18.24,374.61,28-Aug-26,30.0,18.16,Sep-26,51.0,19.32,144,NordicDerivatives-pretrade-2026-07-29T1724
2026-07-29,TLSN,19.09,20.65,45.61,28-Aug-26,30.0,19.09,Sep-26,51.0,22.23,188,NordicDerivatives-pretrade-2026-07-29T1724
2026-07-29,TRA,32.16,32.51,444.94,Aug-26,23.0,32.29,Sep-26,51.0,31.98,97,NordicDerivatives-pretrade-2026-07-29T1724
2026-07-29,TRELB,22.65,22.81,420.54,Aug-26,23.0,22.48,Sep-26,51.0,22.88,86,NordicDerivatives-pretrade-2026-07-29T1724
2026-07-29,VOLVB,23.74,23.76,363.96,28-Aug-26,30.0,23.74,Sep-26,51.0,23.77,208,NordicDerivatives-pretrade-2026-07-29T1724
2026-07-29,VSURE,43.57,41.87,11.34,Aug-26,23.0,44.34,Dec-26,142.0,41.51,54,NordicDerivatives-pretrade-2026-07-29T1724
2026-07-29,WRT,52.13,39.54,28.95,Sep-26,51.0,38.91,Oct-26,79.0,30.08,14,NordicDerivatives-pretrade-2026-07-29T1724
2026-07-30,AAK,20.60,21.36,209.41,Aug-26,22.0,19.49,Sep-26,50.0,21.76,31,NordicDerivatives-pretrade-2026-07-30T1724
2026-07-30,ABB,27.37,27.45,930.24,28-Aug-26,29.0,27.31,Sep-26,50.0,28.11,225,NordicDerivatives-pretrade-2026-07-30T1724
2026-07-30,ADDTB,23.45,25.31,343.19,Aug-26,22.0,23.37,Sep-26,50.0,23.53,27,NordicDerivatives-pretrade-2026-07-30T1724
2026-07-30,ALFA,24.05,24.43,559.16,Aug-26,22.0,24.68,Sep-26,50.0,23.34,72,NordicDerivatives-pretrade-2026-07-30T1724
2026-07-30,ASSAB,21.93,21.18,352.37,Aug-26,22.0,21.52,Sep-26,50.0,22.37,68,NordicDerivatives-pretrade-2026-07-30T1724
2026-07-30,ATCOA,27.54,27.36,199.55,28-Aug-26,29.0,27.48,Sep-26,50.0,28.32,185,NordicDerivatives-pretrade-2026-07-30T1724
2026-07-30,ATCOB,21.60,27.45,175.38,Aug-26,22.0,19.56,Sep-26,50.0,23.64,15,NordicDerivatives-pretrade-2026-07-30T1724
2026-07-30,AXFO,18.56,21.48,245.01,Aug-26,22.0,19.41,Sep-26,50.0,17.59,87,NordicDerivatives-pretrade-2026-07-30T1724
2026-07-30,AZN,17.97,26.20,1626.30,28-Aug-26,29.0,17.01,Sep-26,50.0,26.66,107,NordicDerivatives-pretrade-2026-07-30T1724
2026-07-30,BETSB,24.21,27.84,93.26,Aug-26,22.0,22.55,Sep-26,50.0,25.91,78,NordicDerivatives-pretrade-2026-07-30T1724
2026-07-30,BILL,26.51,25.67,76.93,Aug-26,22.0,26.95,Sep-26,50.0,26.01,114,NordicDerivatives-pretrade-2026-07-30T1724
2026-07-30,BOLI,38.30,38.62,475.54,28-Aug-26,29.0,38.08,Sep-26,50.0,40.81,222,NordicDerivatives-pretrade-2026-07-30T1724
2026-07-30,CAST,20.75,22.01,133.55,Aug-26,22.0,20.53,Oct-26,78.0,21.11,45,NordicDerivatives-pretrade-2026-07-30T1724
2026-07-30,DOM,36.11,46.47,24.39,Aug-26,22.0,33.31,Sep-26,50.0,38.95,83,NordicDerivatives-pretrade-2026-07-30T1724
2026-07-30,EKTAB,35.46,40.05,48.89,Aug-26,22.0,29.52,Sep-26,50.0,41.00,85,NordicDerivatives-pretrade-2026-07-30T1724
2026-07-30,ELUXB,40.83,48.93,28.55,Aug-26,22.0,40.71,Sep-26,50.0,40.96,72,NordicDerivatives-pretrade-2026-07-30T1724
2026-07-30,EPIA,30.92,29.46,242.93,Aug-26,22.0,31.37,Sep-26,50.0,30.43,115,NordicDerivatives-pretrade-2026-07-30T1724
2026-07-30,EQT,28.41,32.00,317.93,Aug-26,22.0,31.69,Sep-26,50.0,24.31,92,NordicDerivatives-pretrade-2026-07-30T1724
2026-07-30,ERICB,25.61,26.67,93.35,28-Aug-26,29.0,25.36,Sep-26,50.0,28.35,201,NordicDerivatives-pretrade-2026-07-30T1724
2026-07-30,ESSITB,19.40,18.26,278.20,Aug-26,22.0,19.91,Sep-26,50.0,18.82,86,NordicDerivatives-pretrade-2026-07-30T1724
2026-07-30,EVO,22.76,29.26,738.65,28-Aug-26,29.0,22.20,Sep-26,50.0,28.43,97,NordicDerivatives-pretrade-2026-07-30T1724
2026-07-30,FORTUM,22.48,30.26,19.39,Sep-26,50.0,27.83,Oct-26,78.0,30.33,16,NordicDerivatives-pretrade-2026-07-30T1724
2026-07-30,GETIB,23.61,23.02,236.46,Aug-26,22.0,23.78,Sep-26,50.0,23.41,81,NordicDerivatives-pretrade-2026-07-30T1724
2026-07-30,HEXB,26.16,32.16,95.44,Aug-26,22.0,23.71,Oct-26,78.0,29.85,43,NordicDerivatives-pretrade-2026-07-30T1724
2026-07-30,HMB,19.70,21.62,173.75,28-Aug-26,29.0,19.35,Sep-26,50.0,23.42,172,NordicDerivatives-pretrade-2026-07-30T1724
2026-07-30,HOLMB,22.03,20.59,323.74,Aug-26,22.0,22.43,Sep-26,50.0,21.57,146,NordicDerivatives-pretrade-2026-07-30T1724
2026-07-30,INDUC,15.45,19.68,541.92,Aug-26,22.0,15.86,Sep-26,50.0,15.00,50,NordicDerivatives-pretrade-2026-07-30T1724
2026-07-30,INVEB,18.21,18.00,408.34,Aug-26,22.0,18.33,Sep-26,50.0,18.08,79,NordicDerivatives-pretrade-2026-07-30T1724
2026-07-30,KINB,32.64,33.09,52.58,Aug-26,22.0,31.52,Sep-26,50.0,33.84,105,NordicDerivatives-pretrade-2026-07-30T1724
2026-07-30,LATOB,26.67,25.72,199.55,Aug-26,22.0,27.00,Sep-26,50.0,26.30,62,NordicDerivatives-pretrade-2026-07-30T1724
2026-07-30,LUMI,49.38,50.98,238.11,Aug-26,22.0,51.36,Sep-26,50.0,47.10,121,NordicDerivatives-pretrade-2026-07-30T1724
2026-07-30,METSO,36.60,34.53,16.15,Sep-26,50.0,33.83,Oct-26,78.0,32.24,20,NordicDerivatives-pretrade-2026-07-30T1724
2026-07-30,MTGB,28.93,31.77,129.96,Aug-26,22.0,30.40,Sep-26,50.0,27.22,20,NordicDerivatives-pretrade-2026-07-30T1724
2026-07-30,NCC,25.45,24.79,170.45,Aug-26,22.0,25.13,Sep-26,50.0,25.79,84,NordicDerivatives-pretrade-2026-07-30T1724
2026-07-30,NDASE,16.72,9.88,190.80,Sep-26,50.0,19.00,Dec-26,141.0,20.98,61,NordicDerivatives-pretrade-2026-07-30T1724
2026-07-30,NEWAB,41.75,38.81,94.75,Aug-26,22.0,46.41,Sep-26,50.0,35.94,114,NordicDerivatives-pretrade-2026-07-30T1724
2026-07-30,NIBE,40.94,43.00,37.68,Aug-26,22.0,43.19,Sep-26,50.0,38.30,33,NordicDerivatives-pretrade-2026-07-30T1724
2026-07-30,NOKI,53.43,66.61,87.25,Aug-26,22.0,48.82,Sep-26,50.0,58.07,134,NordicDerivatives-pretrade-2026-07-30T1724
2026-07-30,OMXS30,15.50,15.27,3236.85,28-Aug-26,29.0,15.04,Sep-26,50.0,20.04,383,NordicDerivatives-pretrade-2026-07-30T1724
2026-07-30,SAAB,41.88,41.04,589.63,Aug-26,22.0,42.12,Sep-26,50.0,41.61,151,NordicDerivatives-pretrade-2026-07-30T1724
2026-07-30,SAGAB,22.47,25.85,166.90,Aug-26,22.0,23.38,Sep-26,50.0,21.43,20,NordicDerivatives-pretrade-2026-07-30T1724
2026-07-30,SAND,29.19,28.98,356.49,28-Aug-26,29.0,29.12,Sep-26,50.0,30.05,147,NordicDerivatives-pretrade-2026-07-30T1724
2026-07-30,SAVE,24.03,24.38,366.95,Aug-26,22.0,23.32,Sep-26,50.0,24.80,36,NordicDerivatives-pretrade-2026-07-30T1724
2026-07-30,SCAB,22.60,22.04,108.45,Aug-26,22.0,23.19,Sep-26,50.0,21.92,106,NordicDerivatives-pretrade-2026-07-30T1724
2026-07-30,SEBA,15.99,17.62,221.93,28-Aug-26,29.0,15.70,Sep-26,50.0,19.01,133,NordicDerivatives-pretrade-2026-07-30T1724
2026-07-30,SECUB,19.06,19.32,156.25,Aug-26,22.0,19.97,Sep-26,50.0,18.00,73,NordicDerivatives-pretrade-2026-07-30T1724
2026-07-30,SHBA,16.85,16.24,144.30,Aug-26,22.0,16.68,Sep-26,50.0,17.03,83,NordicDerivatives-pretrade-2026-07-30T1724
2026-07-30,SINCH,45.29,45.16,39.30,Aug-26,22.0,46.14,Sep-26,50.0,44.33,106,NordicDerivatives-pretrade-2026-07-30T1724
2026-07-30,SIVE,167.88,188.08,29.43,Aug-26,22.0,177.07,Sep-26,50.0,157.15,175,NordicDerivatives-pretrade-2026-07-30T1724
2026-07-30,SKAB,21.29,20.94,267.50,Aug-26,22.0,20.92,Sep-26,50.0,21.68,112,NordicDerivatives-pretrade-2026-07-30T1724
2026-07-30,SKFB,24.87,25.18,257.05,28-Aug-26,29.0,24.72,Sep-26,50.0,26.54,155,NordicDerivatives-pretrade-2026-07-30T1724
2026-07-30,SOBI,25.09,26.32,473.73,Aug-26,22.0,25.44,Sep-26,50.0,24.69,58,NordicDerivatives-pretrade-2026-07-30T1724
2026-07-30,SSABA,34.10,33.52,100.04,Aug-26,22.0,34.71,Sep-26,50.0,33.42,141,NordicDerivatives-pretrade-2026-07-30T1724
2026-07-30,STER,29.17,27.45,110.61,Aug-26,22.0,29.04,Sep-26,50.0,29.30,87,NordicDerivatives-pretrade-2026-07-30T1724
2026-07-30,SWEDA,18.09,18.04,379.01,28-Aug-26,29.0,18.00,Sep-26,50.0,19.10,134,NordicDerivatives-pretrade-2026-07-30T1724
2026-07-30,TLSN,19.46,20.88,44.89,28-Aug-26,29.0,19.19,Sep-26,50.0,22.31,181,NordicDerivatives-pretrade-2026-07-30T1724
2026-07-30,TRA,30.65,31.19,444.69,Aug-26,22.0,30.10,Sep-26,50.0,31.25,90,NordicDerivatives-pretrade-2026-07-30T1724
2026-07-30,TRELB,22.43,23.07,424.07,Aug-26,22.0,21.07,Dec-26,141.0,25.13,44,NordicDerivatives-pretrade-2026-07-30T1724
2026-07-30,VOLVB,23.26,23.23,365.38,28-Aug-26,29.0,23.33,Sep-26,50.0,22.42,161,NordicDerivatives-pretrade-2026-07-30T1724
2026-07-30,VSURE,38.10,34.92,10.85,Aug-26,22.0,38.44,Sep-26,50.0,37.73,112,NordicDerivatives-pretrade-2026-07-30T1724
2026-07-31,ABB,27.16,26.53,941.90,28-Aug-26,28.0,27.02,Sep-26,49.0,27.95,234,NordicDerivatives-pretrade-2026-07-31T1724
2026-07-31,ADDTB,24.31,25.15,347.14,Aug-26,21.0,23.84,Sep-26,49.0,24.73,32,NordicDerivatives-pretrade-2026-07-31T1724
2026-07-31,ALFA,23.31,23.57,567.02,Aug-26,21.0,23.90,Sep-26,49.0,22.77,58,NordicDerivatives-pretrade-2026-07-31T1724
2026-07-31,ASSAB,21.41,20.49,355.06,Aug-26,21.0,20.84,Sep-26,49.0,21.92,69,NordicDerivatives-pretrade-2026-07-31T1724
2026-07-31,ATCOA,25.16,25.11,201.85,28-Aug-26,28.0,24.91,Sep-26,49.0,26.45,138,NordicDerivatives-pretrade-2026-07-31T1724
2026-07-31,ATCOB,23.27,26.38,176.77,Aug-26,21.0,22.03,Oct-26,77.0,24.93,16,NordicDerivatives-pretrade-2026-07-31T1724
2026-07-31,AXFO,21.35,21.37,242.79,Aug-26,21.0,19.59,Sep-26,49.0,22.82,157,NordicDerivatives-pretrade-2026-07-31T1724
2026-07-31,AZN,26.02,25.62,1619.33,Aug-26,21.0,25.57,Sep-26,49.0,26.42,98,NordicDerivatives-pretrade-2026-07-31T1724
2026-07-31,BETSB,24.67,27.50,92.30,Aug-26,21.0,23.24,Sep-26,49.0,25.89,67,NordicDerivatives-pretrade-2026-07-31T1724
2026-07-31,BILL,26.43,25.16,76.20,Aug-26,21.0,26.91,Sep-26,49.0,25.98,115,NordicDerivatives-pretrade-2026-07-31T1724
2026-07-31,BOLI,38.94,39.11,476.92,28-Aug-26,28.0,38.64,Sep-26,49.0,40.54,246,NordicDerivatives-pretrade-2026-07-31T1724
2026-07-31,CAST,27.61,21.10,133.67,Aug-26,21.0,26.99,Sep-26,49.0,28.16,131,NordicDerivatives-pretrade-2026-07-31T1724
2026-07-31,DOM,36.12,45.04,23.83,Aug-26,21.0,31.41,Sep-26,49.0,39.90,81,NordicDerivatives-pretrade-2026-07-31T1724
2026-07-31,EKTAB,36.40,40.54,48.45,Aug-26,21.0,28.97,Sep-26,49.0,42.00,85,NordicDerivatives-pretrade-2026-07-31T1724
2026-07-31,ELISA,33.00,29.76,34.91,Dec-26,140.0,19.87,Mar-27,231.0,17.90,16,NordicDerivatives-pretrade-2026-07-31T1724
2026-07-31,ELUXB,39.18,47.70,27.92,07-Aug-26,7.0,30.42,Sep-26,49.0,40.09,60,NordicDerivatives-pretrade-2026-07-31T1724
2026-07-31,EPIA,30.36,28.40,245.10,Aug-26,21.0,30.88,Sep-26,49.0,29.88,116,NordicDerivatives-pretrade-2026-07-31T1724
2026-07-31,EQT,29.13,30.77,325.55,28-Aug-26,28.0,28.78,Sep-26,49.0,30.96,148,NordicDerivatives-pretrade-2026-07-31T1724
2026-07-31,ERICB,28.08,26.75,94.10,Aug-26,21.0,27.54,Sep-26,49.0,28.56,201,NordicDerivatives-pretrade-2026-07-31T1724
2026-07-31,ESSITB,18.45,17.65,278.38,Sep-26,49.0,18.34,Oct-26,77.0,18.27,73,NordicDerivatives-pretrade-2026-07-31T1724
2026-07-31,EVO,29.02,28.66,729.72,28-Aug-26,28.0,28.84,Sep-26,49.0,29.98,181,NordicDerivatives-pretrade-2026-07-31T1724
2026-07-31,GETIB,22.80,23.08,237.08,Aug-26,21.0,22.08,Sep-26,49.0,23.43,75,NordicDerivatives-pretrade-2026-07-31T1724
2026-07-31,HEXB,27.90,32.39,94.17,Aug-26,21.0,24.30,Dec-26,140.0,33.52,35,NordicDerivatives-pretrade-2026-07-31T1724
2026-07-31,HMB,20.33,21.46,174.31,28-Aug-26,28.0,19.73,Sep-26,49.0,23.33,132,NordicDerivatives-pretrade-2026-07-31T1724
2026-07-31,HOLMB,21.54,20.45,323.87,Aug-26,21.0,22.03,Sep-26,49.0,21.09,142,NordicDerivatives-pretrade-2026-07-31T1724
2026-07-31,INDUC,16.30,19.31,546.94,Aug-26,21.0,16.98,Sep-26,49.0,15.67,61,NordicDerivatives-pretrade-2026-07-31T1724
2026-07-31,INVEB,18.24,17.65,413.07,Aug-26,21.0,17.62,Sep-26,49.0,18.79,70,NordicDerivatives-pretrade-2026-07-31T1724
2026-07-31,KINB,30.69,32.02,52.85,Aug-26,21.0,29.65,Sep-26,49.0,31.60,96,NordicDerivatives-pretrade-2026-07-31T1724
2026-07-31,LATOB,26.53,25.11,201.80,Aug-26,21.0,26.71,Sep-26,49.0,26.37,61,NordicDerivatives-pretrade-2026-07-31T1724
2026-07-31,LUMI,52.65,50.12,237.08,Aug-26,21.0,54.49,Sep-26,49.0,50.93,193,NordicDerivatives-pretrade-2026-07-31T1724
2026-07-31,MTGB,29.91,31.42,130.00,Aug-26,21.0,29.77,Sep-26,49.0,30.04,30,NordicDerivatives-pretrade-2026-07-31T1724
2026-07-31,NCC,25.29,24.34,170.30,Aug-26,21.0,24.95,Sep-26,49.0,25.59,84,NordicDerivatives-pretrade-2026-07-31T1724
2026-07-31,NDASE,14.87,19.46,190.13,28-Aug-26,28.0,14.49,Sep-26,49.0,16.83,95,NordicDerivatives-pretrade-2026-07-31T1724
2026-07-31,NEWAB,41.73,38.79,94.70,Aug-26,21.0,47.31,Sep-26,49.0,35.94,112,NordicDerivatives-pretrade-2026-07-31T1724
2026-07-31,NIBE,34.35,,38.37,Aug-26,21.0,30.66,Sep-26,49.0,37.38,23,NordicDerivatives-pretrade-2026-07-31T1724
2026-07-31,OCTV,70.42,59.17,172.72,Dec-26,140.0,42.73,Mar-27,231.0,38.59,36,NordicDerivatives-pretrade-2026-07-31T1724
2026-07-31,OMXS30,16.18,14.71,3263.04,28-Aug-26,28.0,14.08,Sep-26,49.0,24.62,367,NordicDerivatives-pretrade-2026-07-31T1724
2026-07-31,QTCOM,98.46,72.06,25.25,Dec-26,140.0,49.84,Mar-27,231.0,41.35,23,NordicDerivatives-pretrade-2026-07-31T1724
2026-07-31,SAAB,33.95,39.90,600.15,28-Aug-26,28.0,32.65,Sep-26,49.0,40.28,159,NordicDerivatives-pretrade-2026-07-31T1724
2026-07-31,SAND,28.64,28.53,357.72,28-Aug-26,28.0,28.53,Sep-26,49.0,29.23,159,NordicDerivatives-pretrade-2026-07-31T1724
2026-07-31,SAVE,23.48,24.18,366.02,Aug-26,21.0,22.88,Sep-26,49.0,24.01,33,NordicDerivatives-pretrade-2026-07-31T1724
2026-07-31,SCAB,22.93,22.36,108.55,Aug-26,21.0,23.41,Sep-26,49.0,22.49,104,NordicDerivatives-pretrade-2026-07-31T1724
2026-07-31,SEBA,17.82,17.56,224.12,28-Aug-26,28.0,17.50,Sep-26,49.0,19.46,140,NordicDerivatives-pretrade-2026-07-31T1724
2026-07-31,SECUB,17.58,19.91,153.74,Aug-26,21.0,21.42,Sep-26,49.0,13.16,81,NordicDerivatives-pretrade-2026-07-31T1724
2026-07-31,SHBA,16.46,15.73,146.03,Aug-26,21.0,16.25,Sep-26,49.0,16.66,80,NordicDerivatives-pretrade-2026-07-31T1724
2026-07-31,SINCH,44.02,43.58,40.11,Aug-26,21.0,44.13,Sep-26,49.0,43.91,114,NordicDerivatives-pretrade-2026-07-31T1724
2026-07-31,SIVE,184.76,195.87,29.80,Aug-26,21.0,193.67,Sep-26,49.0,176.31,188,NordicDerivatives-pretrade-2026-07-31T1724
2026-07-31,SKAB,21.22,20.72,268.39,Aug-26,21.0,20.50,Sep-26,49.0,21.86,125,NordicDerivatives-pretrade-2026-07-31T1724
2026-07-31,SKFB,25.88,25.37,257.85,Aug-26,21.0,25.45,Sep-26,49.0,26.27,126,NordicDerivatives-pretrade-2026-07-31T1724
2026-07-31,SOBI,25.51,26.22,471.99,Aug-26,21.0,25.34,Sep-26,49.0,25.67,72,NordicDerivatives-pretrade-2026-07-31T1724
2026-07-31,SSABA,28.12,32.89,100.22,28-Aug-26,28.0,26.87,Sep-26,49.0,34.09,177,NordicDerivatives-pretrade-2026-07-31T1724
2026-07-31,SSABB,27.82,32.76,100.23,Aug-26,21.0,29.70,Sep-26,49.0,26.00,27,NordicDerivatives-pretrade-2026-07-31T1724
2026-07-31,STER,27.76,28.16,109.90,28-Aug-26,28.0,28.29,Sep-26,49.0,24.70,161,NordicDerivatives-pretrade-2026-07-31T1724
2026-07-31,SWEDA,17.48,17.18,381.92,28-Aug-26,28.0,17.24,Sep-26,49.0,18.69,150,NordicDerivatives-pretrade-2026-07-31T1724
2026-07-31,TLSN,15.73,21.71,44.13,28-Aug-26,28.0,14.03,Sep-26,49.0,22.82,118,NordicDerivatives-pretrade-2026-07-31T1724
2026-07-31,TRA,30.74,31.12,445.84,Aug-26,21.0,30.51,Sep-26,49.0,30.95,91,NordicDerivatives-pretrade-2026-07-31T1724
2026-07-31,TRELB,21.95,22.20,426.77,Aug-26,21.0,20.90,Sep-26,49.0,22.86,59,NordicDerivatives-pretrade-2026-07-31T1724
2026-07-31,VOLVB,22.81,23.18,365.57,28-Aug-26,28.0,22.73,Sep-26,49.0,23.26,200,NordicDerivatives-pretrade-2026-07-31T1724
2026-07-31,VSURE,35.25,33.94,10.86,Aug-26,21.0,34.62,Sep-26,49.0,35.81,96,NordicDerivatives-pretrade-2026-07-31T1724
2026-08-03,ABB,27.20,26.56,945.28,Aug-26,18.0,26.89,Sep-26,46.0,27.36,174,NordicDerivatives-pretrade-2026-08-03T1724
2026-08-03,ADDTB,23.47,23.74,352.81,Aug-26,18.0,23.85,Sep-26,46.0,23.28,27,NordicDerivatives-pretrade-2026-08-03T1724
2026-08-03,ALFA,24.57,23.83,567.28,Aug-26,18.0,24.97,Sep-26,46.0,24.35,72,NordicDerivatives-pretrade-2026-08-03T1724
2026-08-03,ASMDEE,32.54,32.49,147.56,Aug-26,18.0,36.63,Sep-26,46.0,30.18,22,NordicDerivatives-pretrade-2026-08-03T1724
2026-08-03,ASSAB,21.01,20.39,359.80,Aug-26,18.0,20.64,Sep-26,46.0,21.19,68,NordicDerivatives-pretrade-2026-08-03T1724
2026-08-03,ATCOA,25.74,25.71,203.00,28-Aug-26,25.0,25.32,Sep-26,46.0,26.46,193,NordicDerivatives-pretrade-2026-08-03T1724
2026-08-03,AXFO,22.83,23.83,243.67,Aug-26,18.0,19.82,Dec-26,137.0,25.92,50,NordicDerivatives-pretrade-2026-08-03T1724
2026-08-03,AZN,31.41,29.18,1467.16,Aug-26,18.0,31.78,Sep-26,46.0,31.21,122,NordicDerivatives-pretrade-2026-08-03T1724
2026-08-03,BETSB,24.27,27.59,92.20,Aug-26,18.0,21.56,Sep-26,46.0,25.57,82,NordicDerivatives-pretrade-2026-08-03T1724
2026-08-03,BILL,25.65,25.20,77.54,Aug-26,18.0,26.42,Sep-26,46.0,25.24,113,NordicDerivatives-pretrade-2026-08-03T1724
2026-08-03,BOLI,37.68,39.36,475.44,28-Aug-26,25.0,37.32,Sep-26,46.0,38.31,184,NordicDerivatives-pretrade-2026-08-03T1724
2026-08-03,CAST,22.04,20.93,134.92,Aug-26,18.0,27.94,Sep-26,46.0,18.21,104,NordicDerivatives-pretrade-2026-08-03T1724
2026-08-03,DOM,36.53,45.67,24.37,Aug-26,18.0,33.30,Sep-26,46.0,38.10,78,NordicDerivatives-pretrade-2026-08-03T1724
2026-08-03,EKTAB,38.19,41.05,49.06,Aug-26,18.0,28.93,Sep-26,46.0,42.22,88,NordicDerivatives-pretrade-2026-08-03T1724
2026-08-03,ELUXB,39.41,49.42,27.87,14-Aug-26,11.0,27.88,Sep-26,46.0,41.35,87,NordicDerivatives-pretrade-2026-08-03T1724
2026-08-03,EMBRAC,67.66,63.58,67.20,Aug-26,18.0,79.77,Sep-26,46.0,60.39,164,NordicDerivatives-pretrade-2026-08-03T1724
2026-08-03,EPIA,30.23,28.50,245.92,Aug-26,18.0,30.87,Sep-26,46.0,29.89,112,NordicDerivatives-pretrade-2026-08-03T1724
2026-08-03,EQT,29.56,29.71,334.92,Aug-26,18.0,30.43,Sep-26,46.0,29.10,110,NordicDerivatives-pretrade-2026-08-03T1724
2026-08-03,ERICB,28.26,27.51,96.37,Aug-26,18.0,27.95,Sep-26,46.0,28.42,154,NordicDerivatives-pretrade-2026-08-03T1724
2026-08-03,ESSITB,18.76,18.17,276.88,Aug-26,18.0,19.38,Sep-26,46.0,18.43,82,NordicDerivatives-pretrade-2026-08-03T1724
2026-08-03,EVO,29.80,28.39,733.35,Aug-26,18.0,31.57,Sep-26,46.0,28.84,108,NordicDerivatives-pretrade-2026-08-03T1724
2026-08-03,GETIB,21.75,23.21,239.02,Aug-26,18.0,21.81,Sep-26,46.0,21.72,73,NordicDerivatives-pretrade-2026-08-03T1724
2026-08-03,HEXB,29.21,31.38,96.45,Aug-26,18.0,27.33,Oct-26,74.0,30.79,29,NordicDerivatives-pretrade-2026-08-03T1724
2026-08-03,HMB,21.82,21.32,177.75,28-Aug-26,25.0,21.31,Sep-26,46.0,22.68,189,NordicDerivatives-pretrade-2026-08-03T1724
2026-08-03,HOLMB,22.06,21.52,327.19,Aug-26,18.0,23.53,Sep-26,46.0,21.25,141,NordicDerivatives-pretrade-2026-08-03T1724
2026-08-03,INDUC,17.56,18.96,555.06,Aug-26,18.0,17.83,Sep-26,46.0,17.42,58,NordicDerivatives-pretrade-2026-08-03T1724
2026-08-03,INVEB,17.02,17.28,416.90,Aug-26,18.0,17.22,Sep-26,46.0,16.91,78,NordicDerivatives-pretrade-2026-08-03T1724
2026-08-03,KINB,29.48,30.93,54.50,Aug-26,18.0,26.54,Sep-26,46.0,30.91,89,NordicDerivatives-pretrade-2026-08-03T1724
2026-08-03,LATOB,26.01,25.04,203.05,Aug-26,18.0,26.70,Sep-26,46.0,25.64,56,NordicDerivatives-pretrade-2026-08-03T1724
2026-08-03,LUMI,48.57,51.25,236.43,Aug-26,18.0,53.05,Sep-26,46.0,46.07,117,NordicDerivatives-pretrade-2026-08-03T1724
2026-08-03,METSO,39.21,33.35,16.25,Sep-26,46.0,31.09,Oct-26,74.0,23.71,12,NordicDerivatives-pretrade-2026-08-03T1724
2026-08-03,NCC,25.82,24.63,170.10,Aug-26,18.0,25.80,Sep-26,46.0,25.82,84,NordicDerivatives-pretrade-2026-08-03T1724
2026-08-03,NDASE,18.79,20.05,191.54,Aug-26,18.0,16.22,Oct-26,74.0,20.82,85,NordicDerivatives-pretrade-2026-08-03T1724
2026-08-03,NESTE,35.95,39.58,29.99,Sep-26,46.0,35.62,Oct-26,74.0,35.38,16,NordicDerivatives-pretrade-2026-08-03T1724
2026-08-03,NEWAB,33.95,39.12,94.00,Aug-26,18.0,40.29,Sep-26,46.0,30.11,55,NordicDerivatives-pretrade-2026-08-03T1724
2026-08-03,NOKI,58.87,65.89,89.11,Aug-26,18.0,57.49,Sep-26,46.0,59.59,218,NordicDerivatives-pretrade-2026-08-03T1724
2026-08-03,OMXS30,18.10,14.12,3262.51,28-Aug-26,25.0,13.26,Sep-26,46.0,24.33,330,NordicDerivatives-pretrade-2026-08-03T1724
2026-08-03,SAAB,37.10,39.61,615.82,28-Aug-26,25.0,37.17,Sep-26,46.0,36.99,113,NordicDerivatives-pretrade-2026-08-03T1724
2026-08-03,SAND,27.28,27.77,356.85,28-Aug-26,25.0,27.41,Sep-26,46.0,27.05,99,NordicDerivatives-pretrade-2026-08-03T1724
2026-08-03,SAVE,23.67,24.45,361.74,Aug-26,18.0,23.27,Sep-26,46.0,23.88,32,NordicDerivatives-pretrade-2026-08-03T1724
2026-08-03,SCAB,22.31,22.06,111.25,Aug-26,18.0,22.10,Sep-26,46.0,22.42,99,NordicDerivatives-pretrade-2026-08-03T1724
2026-08-03,SEBA,17.27,18.05,225.78,Aug-26,18.0,16.02,Sep-26,46.0,17.89,93,NordicDerivatives-pretrade-2026-08-03T1724
2026-08-03,SECUB,19.69,19.12,155.85,Aug-26,18.0,21.14,Sep-26,46.0,18.89,124,NordicDerivatives-pretrade-2026-08-03T1724
2026-08-03,SHBA,16.07,16.08,146.95,Aug-26,18.0,15.22,Sep-26,46.0,16.50,75,NordicDerivatives-pretrade-2026-08-03T1724
2026-08-03,SINCH,43.55,44.47,40.51,Aug-26,18.0,43.90,Sep-26,46.0,43.37,108,NordicDerivatives-pretrade-2026-08-03T1724
2026-08-03,SIVE,188.04,193.22,30.20,Aug-26,18.0,205.28,Sep-26,46.0,178.38,167,NordicDerivatives-pretrade-2026-08-03T1724
2026-08-03,SKAB,21.63,21.19,269.26,Aug-26,18.0,21.20,Sep-26,46.0,21.85,112,NordicDerivatives-pretrade-2026-08-03T1724
2026-08-03,SKFB,24.01,24.68,264.48,Aug-26,18.0,27.33,Sep-26,46.0,22.08,82,NordicDerivatives-pretrade-2026-08-03T1724
2026-08-03,SOBI,28.73,28.96,437.04,Aug-26,18.0,30.03,Sep-26,46.0,28.03,77,NordicDerivatives-pretrade-2026-08-03T1724
2026-08-03,SSABA,31.12,33.55,101.69,Aug-26,18.0,34.25,Sep-26,46.0,29.35,131,NordicDerivatives-pretrade-2026-08-03T1724
2026-08-03,STER,30.15,28.49,110.52,Aug-26,18.0,29.76,Sep-26,46.0,30.35,123,NordicDerivatives-pretrade-2026-08-03T1724
2026-08-03,SWEDA,17.83,17.40,384.05,28-Aug-26,25.0,17.65,Sep-26,46.0,18.16,163,NordicDerivatives-pretrade-2026-08-03T1724
2026-08-03,TLSN,22.64,21.84,44.61,Aug-26,18.0,22.77,Sep-26,46.0,22.58,94,NordicDerivatives-pretrade-2026-08-03T1724
2026-08-03,TRA,31.90,30.58,449.11,Aug-26,18.0,30.56,Sep-26,46.0,32.57,126,NordicDerivatives-pretrade-2026-08-03T1724
2026-08-03,TRELB,23.32,22.68,436.35,Aug-26,18.0,23.74,Sep-26,46.0,23.10,133,NordicDerivatives-pretrade-2026-08-03T1724
2026-08-03,VOLVB,23.19,22.86,370.04,28-Aug-26,25.0,22.83,Sep-26,46.0,23.80,195,NordicDerivatives-pretrade-2026-08-03T1724
2026-08-03,VSURE,36.73,36.68,10.64,Aug-26,18.0,38.54,Sep-26,46.0,35.75,85,NordicDerivatives-pretrade-2026-08-03T1724
2026-08-04,AAK,21.18,23.04,204.40,Aug-26,17.0,20.80,Sep-26,45.0,21.35,31,NordicDerivatives-pretrade-2026-08-04T1724
2026-08-04,ABB,25.83,26.01,964.57,Aug-26,17.0,26.08,Sep-26,45.0,25.72,105,NordicDerivatives-pretrade-2026-08-04T1724
2026-08-04,ADDTB,23.30,24.00,356.71,Aug-26,17.0,23.93,Sep-26,45.0,23.02,26,NordicDerivatives-pretrade-2026-08-04T1724
2026-08-04,ALFA,21.33,22.93,572.20,Aug-26,17.0,22.78,Sep-26,45.0,20.66,38,NordicDerivatives-pretrade-2026-08-04T1724
2026-08-04,ASSAB,19.03,19.89,364.66,Aug-26,17.0,17.76,Sep-26,45.0,19.56,32,NordicDerivatives-pretrade-2026-08-04T1724
2026-08-04,ATCOA,25.07,24.94,208.85,28-Aug-26,24.0,24.38,Sep-26,45.0,25.96,181,NordicDerivatives-pretrade-2026-08-04T1724
2026-08-04,ATCOB,25.32,25.43,182.28,Aug-26,17.0,23.85,Sep-26,45.0,25.94,95,NordicDerivatives-pretrade-2026-08-04T1724
2026-08-04,AZN,26.75,28.38,1498.33,28-Aug-26,24.0,25.59,Sep-26,45.0,28.23,122,NordicDerivatives-pretrade-2026-08-04T1724
2026-08-04,BETSB,23.49,27.82,92.33,Sep-26,45.0,25.30,Oct-26,73.0,26.60,50,NordicDerivatives-pretrade-2026-08-04T1724
2026-08-04,BILL,25.11,24.95,78.01,Aug-26,17.0,25.17,Sep-26,45.0,25.08,90,NordicDerivatives-pretrade-2026-08-04T1724
2026-08-04,BOLI,37.47,38.82,498.99,28-Aug-26,24.0,37.53,Sep-26,45.0,37.40,177,NordicDerivatives-pretrade-2026-08-04T1724
2026-08-04,CAST,22.80,19.58,136.36,Aug-26,17.0,26.31,Sep-26,45.0,21.09,106,NordicDerivatives-pretrade-2026-08-04T1724
2026-08-04,DOM,35.71,44.77,24.90,Aug-26,17.0,34.66,Sep-26,45.0,36.15,70,NordicDerivatives-pretrade-2026-08-04T1724
2026-08-04,EKTAB,38.67,42.01,49.32,Aug-26,17.0,28.55,Sep-26,45.0,42.33,86,NordicDerivatives-pretrade-2026-08-04T1724
2026-08-04,ELUXB,39.19,47.81,28.95,Aug-26,17.0,34.15,Sep-26,45.0,41.19,85,NordicDerivatives-pretrade-2026-08-04T1724
2026-08-04,EMBRAC,68.88,64.02,67.36,Aug-26,17.0,82.37,Sep-26,45.0,62.08,159,NordicDerivatives-pretrade-2026-08-04T1724
2026-08-04,EPIA,28.75,27.57,252.13,Aug-26,17.0,29.19,Sep-26,45.0,28.56,110,NordicDerivatives-pretrade-2026-08-04T1724
2026-08-04,EQT,24.65,28.46,340.47,Aug-26,17.0,26.36,Sep-26,45.0,23.87,58,NordicDerivatives-pretrade-2026-08-04T1724
2026-08-04,ERICB,26.22,27.51,98.23,Aug-26,17.0,25.41,Sep-26,45.0,26.56,124,NordicDerivatives-pretrade-2026-08-04T1724
2026-08-04,ESSITB,14.38,15.42,278.11,Sep-26,45.0,16.89,Dec-27,500.0,20.70,19,NordicDerivatives-pretrade-2026-08-04T1724
2026-08-04,EVO,28.15,27.57,741.99,Aug-26,17.0,27.99,Sep-26,45.0,28.22,105,NordicDerivatives-pretrade-2026-08-04T1724
2026-08-04,GETIB,20.11,21.78,240.98,Sep-26,45.0,21.33,Oct-26,73.0,22.22,62,NordicDerivatives-pretrade-2026-08-04T1724
2026-08-04,HMB,19.52,21.06,179.42,28-Aug-26,24.0,19.04,Sep-26,45.0,20.14,149,NordicDerivatives-pretrade-2026-08-04T1724
2026-08-04,HOLMB,22.42,20.92,328.83,Aug-26,17.0,23.68,Sep-26,45.0,21.85,173,NordicDerivatives-pretrade-2026-08-04T1724
2026-08-04,INDUC,19.29,18.72,562.89,Aug-26,17.0,18.96,Sep-26,45.0,19.44,112,NordicDerivatives-pretrade-2026-08-04T1724
2026-08-04,INVEB,16.65,16.57,423.31,Aug-26,17.0,16.77,Sep-26,45.0,16.60,45,NordicDerivatives-pretrade-2026-08-04T1724
2026-08-04,KINB,30.61,29.78,55.45,Aug-26,17.0,31.24,Sep-26,45.0,30.33,101,NordicDerivatives-pretrade-2026-08-04T1724
2026-08-04,LATOB,26.36,24.99,203.84,Aug-26,17.0,26.74,Sep-26,45.0,26.19,55,NordicDerivatives-pretrade-2026-08-04T1724
2026-08-04,LUMI,48.67,50.76,247.47,Aug-26,17.0,52.46,Sep-26,45.0,46.92,112,NordicDerivatives-pretrade-2026-08-04T1724
2026-08-04,NCC,24.52,24.37,171.60,Aug-26,17.0,24.29,Sep-26,45.0,24.62,79,NordicDerivatives-pretrade-2026-08-04T1724
2026-08-04,NDASE,20.42,22.04,192.49,Oct-26,73.0,20.74,Dec-26,136.0,20.85,60,NordicDerivatives-pretrade-2026-08-04T1724
2026-08-04,NESTE,35.59,38.44,29.18,Sep-26,45.0,36.16,Oct-26,73.0,36.59,19,NordicDerivatives-pretrade-2026-08-04T1724
2026-08-04,NEWAB,40.99,38.68,94.75,Aug-26,17.0,50.36,Sep-26,45.0,36.16,106,NordicDerivatives-pretrade-2026-08-04T1724
2026-08-04,NIBE,38.10,41.68,40.18,Aug-26,17.0,38.14,Sep-26,45.0,38.09,36,NordicDerivatives-pretrade-2026-08-04T1724
2026-08-04,NOKI,63.19,68.71,94.39,Aug-26,17.0,62.98,Sep-26,45.0,63.29,218,NordicDerivatives-pretrade-2026-08-04T1724
2026-08-04,OCTV,33.71,47.34,183.10,Aug-26,17.0,32.45,Sep-26,45.0,34.25,58,NordicDerivatives-pretrade-2026-08-04T1724
2026-08-04,OMXS30,15.79,14.01,3328.61,28-Aug-26,24.0,13.76,Sep-26,45.0,18.15,348,NordicDerivatives-pretrade-2026-08-04T1724
2026-08-04,QTCOM,101.77,73.92,25.79,Dec-26,136.0,54.26,Mar-27,227.0,45.86,26,NordicDerivatives-pretrade-2026-08-04T1724
2026-08-04,SAAB,33.53,39.18,617.81,28-Aug-26,24.0,33.91,Sep-26,45.0,33.02,73,NordicDerivatives-pretrade-2026-08-04T1724
2026-08-04,SAGAB,22.54,23.06,172.45,Aug-26,17.0,20.93,Sep-26,45.0,23.21,33,NordicDerivatives-pretrade-2026-08-04T1724
2026-08-04,SAND,28.09,27.43,369.54,28-Aug-26,24.0,27.56,Sep-26,45.0,28.78,135,NordicDerivatives-pretrade-2026-08-04T1724
2026-08-04,SAVE,24.49,24.36,359.87,Aug-26,17.0,25.12,Sep-26,45.0,24.21,33,NordicDerivatives-pretrade-2026-08-04T1724
2026-08-04,SCAB,20.83,21.46,111.80,Aug-26,17.0,20.39,Sep-26,45.0,21.02,87,NordicDerivatives-pretrade-2026-08-04T1724
2026-08-04,SEBA,17.53,16.99,227.72,28-Aug-26,24.0,17.00,Sep-26,45.0,18.21,117,NordicDerivatives-pretrade-2026-08-04T1724
2026-08-04,SECUB,18.19,18.65,155.11,Aug-26,17.0,19.47,Sep-26,45.0,17.60,59,NordicDerivatives-pretrade-2026-08-04T1724
2026-08-04,SHBA,15.73,14.00,148.34,Sep-26,45.0,16.37,Oct-26,73.0,16.84,68,NordicDerivatives-pretrade-2026-08-04T1724
2026-08-04,SINCH,45.80,45.47,40.90,Aug-26,17.0,48.83,Sep-26,45.0,44.42,114,NordicDerivatives-pretrade-2026-08-04T1724
2026-08-04,SIVE,177.77,173.52,36.75,Aug-26,17.0,156.67,Sep-26,45.0,186.22,146,NordicDerivatives-pretrade-2026-08-04T1724
2026-08-04,SKAB,21.07,20.32,272.77,Aug-26,17.0,21.22,Sep-26,45.0,21.00,98,NordicDerivatives-pretrade-2026-08-04T1724
2026-08-04,SKFB,25.03,23.95,266.90,Aug-26,17.0,24.40,Sep-26,45.0,25.30,95,NordicDerivatives-pretrade-2026-08-04T1724
2026-08-04,SOBI,24.29,28.11,436.63,Aug-26,17.0,25.69,Sep-26,45.0,23.65,52,NordicDerivatives-pretrade-2026-08-04T1724
2026-08-04,SSABA,27.81,,104.79,Aug-26,17.0,29.94,Sep-26,45.0,26.82,103,NordicDerivatives-pretrade-2026-08-04T1724
2026-08-04,STER,28.82,27.95,110.67,28-Aug-26,24.0,27.85,Sep-26,45.0,30.07,151,NordicDerivatives-pretrade-2026-08-04T1724
2026-08-04,SWEDA,17.70,17.23,388.64,28-Aug-26,24.0,17.20,Sep-26,45.0,18.35,160,NordicDerivatives-pretrade-2026-08-04T1724
2026-08-04,TLSN,22.21,22.21,43.88,Aug-26,17.0,23.18,Sep-26,45.0,21.77,98,NordicDerivatives-pretrade-2026-08-04T1724
2026-08-04,TRA,30.35,30.17,446.98,Aug-26,17.0,29.66,Sep-26,45.0,30.64,89,NordicDerivatives-pretrade-2026-08-04T1724
2026-08-04,TRELB,21.23,21.90,439.86,Aug-26,17.0,20.80,Sep-26,45.0,21.41,53,NordicDerivatives-pretrade-2026-08-04T1724
2026-08-04,VOLVB,23.20,23.20,371.10,28-Aug-26,24.0,22.63,Sep-26,45.0,23.95,197,NordicDerivatives-pretrade-2026-08-04T1724
2026-08-04,VSURE,28.50,35.82,10.69,Aug-26,17.0,36.72,Sep-26,45.0,24.06,44,NordicDerivatives-pretrade-2026-08-04T1724
2026-08-05,AAK,21.03,23.16,203.00,Aug-26,16.0,20.00,Sep-26,44.0,21.39,25,NordicDerivatives-pretrade-2026-08-05T1724
2026-08-05,ABB,25.64,25.80,965.84,Aug-26,16.0,25.99,Sep-26,44.0,25.51,104,NordicDerivatives-pretrade-2026-08-05T1724
2026-08-05,ADDTB,23.02,23.56,361.43,Aug-26,16.0,21.67,Sep-26,44.0,23.49,26,NordicDerivatives-pretrade-2026-08-05T1724
2026-08-05,ALFA,22.91,23.36,567.76,Aug-26,16.0,23.91,Sep-26,44.0,22.53,71,NordicDerivatives-pretrade-2026-08-05T1724
2026-08-05,ASSAB,18.10,19.64,366.71,Aug-26,16.0,18.70,Sep-26,44.0,17.87,24,NordicDerivatives-pretrade-2026-08-05T1724
2026-08-05,ATCOA,22.82,25.10,210.26,Aug-26,16.0,18.63,Sep-26,44.0,24.16,126,NordicDerivatives-pretrade-2026-08-05T1724
2026-08-05,AZN,26.62,27.48,1534.55,28-Aug-26,23.0,23.78,Sep-26,44.0,29.30,154,NordicDerivatives-pretrade-2026-08-05T1724
2026-08-05,BETSB,23.06,26.86,90.40,Sep-26,44.0,25.18,Oct-26,72.0,26.82,75,NordicDerivatives-pretrade-2026-08-05T1724
2026-08-05,BILL,25.86,25.49,76.54,Aug-26,16.0,26.20,Sep-26,44.0,25.73,95,NordicDerivatives-pretrade-2026-08-05T1724
2026-08-05,BOLI,35.37,40.07,512.58,Aug-26,16.0,33.33,Oct-26,72.0,36.66,98,NordicDerivatives-pretrade-2026-08-05T1724
2026-08-05,BONEX,42.73,45.16,222.49,Aug-26,16.0,43.58,Sep-26,44.0,42.41,22,NordicDerivatives-pretrade-2026-08-05T1724
2026-08-05,CAST,25.50,,136.19,Aug-26,16.0,25.23,Sep-26,44.0,25.60,136,NordicDerivatives-pretrade-2026-08-05T1724
2026-08-05,DOM,37.13,45.22,24.88,Aug-26,16.0,32.09,Sep-26,44.0,38.80,71,NordicDerivatives-pretrade-2026-08-05T1724
2026-08-05,EKTAB,37.30,42.04,49.25,Aug-26,16.0,25.88,Sep-26,44.0,40.67,85,NordicDerivatives-pretrade-2026-08-05T1724
2026-08-05,ELUXB,38.37,42.61,30.81,Aug-26,16.0,36.93,Sep-26,44.0,38.88,61,NordicDerivatives-pretrade-2026-08-05T1724
2026-08-05,EPIA,28.85,27.85,254.48,Aug-26,16.0,28.91,Sep-26,44.0,28.83,123,NordicDerivatives-pretrade-2026-08-05T1724
2026-08-05,EQT,28.47,29.67,346.00,28-Aug-26,23.0,27.79,Sep-26,44.0,29.17,124,NordicDerivatives-pretrade-2026-08-05T1724
2026-08-05,ERICB,27.15,27.08,96.31,28-Aug-26,23.0,26.30,Sep-26,44.0,28.01,193,NordicDerivatives-pretrade-2026-08-05T1724
2026-08-05,ESSITB,26.05,9.51,282.99,Oct-26,72.0,18.87,Dec-26,135.0,15.76,49,NordicDerivatives-pretrade-2026-08-05T1724
2026-08-05,EVO,28.13,28.39,732.55,28-Aug-26,23.0,28.90,Sep-26,44.0,27.30,132,NordicDerivatives-pretrade-2026-08-05T1724
2026-08-05,FORTUM,27.12,30.39,19.22,Sep-26,44.0,28.24,Oct-26,72.0,29.14,15,NordicDerivatives-pretrade-2026-08-05T1724
2026-08-05,GETIB,20.44,22.67,238.12,Aug-26,16.0,19.04,Sep-26,44.0,20.92,68,NordicDerivatives-pretrade-2026-08-05T1724
2026-08-05,HEXB,24.99,29.47,97.85,Sep-26,44.0,27.60,Dec-26,135.0,30.98,39,NordicDerivatives-pretrade-2026-08-05T1724
2026-08-05,HMB,21.70,21.30,177.76,28-Aug-26,23.0,21.33,Sep-26,44.0,22.09,165,NordicDerivatives-pretrade-2026-08-05T1724
2026-08-05,HOLMB,22.12,21.32,325.14,Aug-26,16.0,24.20,Sep-26,44.0,21.31,147,NordicDerivatives-pretrade-2026-08-05T1724
2026-08-05,INDUC,16.70,18.55,563.24,Aug-26,16.0,16.36,Sep-26,44.0,16.82,63,NordicDerivatives-pretrade-2026-08-05T1724
2026-08-05,INVEB,16.82,16.47,424.39,Aug-26,16.0,15.30,Sep-26,44.0,17.33,64,NordicDerivatives-pretrade-2026-08-05T1724
2026-08-05,KINB,20.70,24.47,55.06,Sep-26,44.0,29.06,Oct-26,72.0,34.52,84,NordicDerivatives-pretrade-2026-08-05T1724
2026-08-05,LATOB,25.76,24.90,203.51,Aug-26,16.0,26.68,Sep-26,44.0,25.41,53,NordicDerivatives-pretrade-2026-08-05T1724
2026-08-05,LIFCOB,16.31,20.65,333.99,Sep-26,44.0,19.14,Oct-26,72.0,21.21,14,NordicDerivatives-pretrade-2026-08-05T1724
2026-08-05,LUMI,45.19,50.25,262.97,Aug-26,16.0,49.55,Sep-26,44.0,43.50,79,NordicDerivatives-pretrade-2026-08-05T1724
2026-08-05,MTGB,27.79,30.81,131.25,Aug-26,16.0,28.11,Sep-26,44.0,27.67,21,NordicDerivatives-pretrade-2026-08-05T1724
2026-08-05,NCC,24.24,23.31,174.15,Aug-26,16.0,23.53,Sep-26,44.0,24.49,80,NordicDerivatives-pretrade-2026-08-05T1724
2026-08-05,NDASE,15.39,17.65,190.45,28-Aug-26,23.0,12.92,Sep-26,44.0,17.61,64,NordicDerivatives-pretrade-2026-08-05T1724
2026-08-05,NEWAB,42.05,38.53,94.15,Aug-26,16.0,53.12,Sep-26,44.0,37.22,113,NordicDerivatives-pretrade-2026-08-05T1724
2026-08-05,NOKI,61.03,68.41,92.37,Aug-26,16.0,58.61,Sep-26,44.0,61.89,226,NordicDerivatives-pretrade-2026-08-05T1724
2026-08-05,OCTV,31.69,46.60,185.50,Aug-26,16.0,30.25,Sep-26,44.0,32.20,50,NordicDerivatives-pretrade-2026-08-05T1724
2026-08-05,OMXS30,17.39,14.07,3328.34,28-Aug-26,23.0,13.63,Sep-26,44.0,20.60,361,NordicDerivatives-pretrade-2026-08-05T1724
2026-08-05,ORNB,29.22,21.19,81.83,Oct-26,72.0,27.06,Dec-26,135.0,26.29,21,NordicDerivatives-pretrade-2026-08-05T1724
2026-08-05,QTCOM,78.22,73.93,25.65,Dec-26,135.0,46.25,Mar-27,226.0,41.00,21,NordicDerivatives-pretrade-2026-08-05T1724
2026-08-05,SAAB,36.95,39.46,625.00,28-Aug-26,23.0,33.58,Sep-26,44.0,40.18,133,NordicDerivatives-pretrade-2026-08-05T1724
2026-08-05,SAND,27.51,27.04,375.25,28-Aug-26,23.0,27.00,Sep-26,44.0,28.04,130,NordicDerivatives-pretrade-2026-08-05T1724
2026-08-05,SAVE,23.20,24.22,359.25,Aug-26,16.0,23.18,Sep-26,44.0,23.21,30,NordicDerivatives-pretrade-2026-08-05T1724
2026-08-05,SCAB,22.45,21.87,109.22,Aug-26,16.0,22.82,Sep-26,44.0,22.32,120,NordicDerivatives-pretrade-2026-08-05T1724
2026-08-05,SEBA,17.60,17.80,224.44,Aug-26,16.0,17.34,Sep-26,44.0,17.70,69,NordicDerivatives-pretrade-2026-08-05T1724
2026-08-05,SECUB,15.81,18.05,153.75,Sep-26,44.0,18.19,Oct-26,72.0,19.95,75,NordicDerivatives-pretrade-2026-08-05T1724
2026-08-05,SHBA,16.11,16.00,147.62,Aug-26,16.0,15.54,Sep-26,44.0,16.31,80,NordicDerivatives-pretrade-2026-08-05T1724
2026-08-05,SINCH,44.60,43.58,41.40,Aug-26,16.0,46.90,Sep-26,44.0,43.73,114,NordicDerivatives-pretrade-2026-08-05T1724
2026-08-05,SIVE,193.21,182.66,33.24,Aug-26,16.0,210.40,Sep-26,44.0,186.57,162,NordicDerivatives-pretrade-2026-08-05T1724
2026-08-05,SKAB,20.29,20.31,272.99,Aug-26,16.0,20.70,Sep-26,44.0,20.14,93,NordicDerivatives-pretrade-2026-08-05T1724
2026-08-05,SKFB,22.20,20.64,265.42,Sep-26,44.0,24.81,Oct-26,72.0,26.80,81,NordicDerivatives-pretrade-2026-08-05T1724
2026-08-05,SOBI,27.23,27.38,441.55,Aug-26,16.0,27.25,Sep-26,44.0,27.22,71,NordicDerivatives-pretrade-2026-08-05T1724
2026-08-05,SSABA,24.79,,104.34,Aug-26,16.0,30.38,Sep-26,44.0,22.42,111,NordicDerivatives-pretrade-2026-08-05T1724
2026-08-05,STER,29.19,28.52,107.90,28-Aug-26,23.0,28.20,Sep-26,44.0,30.18,145,NordicDerivatives-pretrade-2026-08-05T1724
2026-08-05,SWEDA,18.37,17.37,385.27,28-Aug-26,23.0,18.19,Sep-26,44.0,18.57,208,NordicDerivatives-pretrade-2026-08-05T1724
2026-08-05,TLSN,23.36,21.76,43.07,Aug-26,16.0,23.82,Sep-26,44.0,23.20,95,NordicDerivatives-pretrade-2026-08-05T1724
2026-08-05,TRA,29.78,29.90,435.54,Aug-26,16.0,25.52,Sep-26,44.0,31.19,93,NordicDerivatives-pretrade-2026-08-05T1724
2026-08-05,TRELB,22.60,23.23,437.00,Aug-26,16.0,23.01,Sep-26,44.0,22.45,100,NordicDerivatives-pretrade-2026-08-05T1724
2026-08-05,VALMT,24.19,26.27,26.76,Oct-26,72.0,27.48,Dec-26,135.0,28.50,28,NordicDerivatives-pretrade-2026-08-05T1724
2026-08-05,VOLVB,24.07,23.43,365.72,28-Aug-26,23.0,23.99,Sep-26,44.0,24.15,198,NordicDerivatives-pretrade-2026-08-05T1724
2026-08-05,VSURE,39.60,37.88,9.90,Aug-26,16.0,40.23,Sep-26,44.0,39.37,81,NordicDerivatives-pretrade-2026-08-05T1724
2026-08-06,ABB,26.25,25.70,966.48,28-Aug-26,22.0,26.01,Sep-26,43.0,26.44,188,NordicDerivatives-pretrade-2026-08-06T1724
2026-08-06,ADDTB,23.14,23.22,360.08,Aug-26,15.0,23.30,Sep-26,43.0,23.08,33,NordicDerivatives-pretrade-2026-08-06T1724
2026-08-06,ALFA,23.53,22.56,572.70,Aug-26,15.0,23.26,Sep-26,43.0,23.61,85,NordicDerivatives-pretrade-2026-08-06T1724
2026-08-06,ASSAB,19.82,20.11,366.56,Aug-26,15.0,18.34,Sep-26,43.0,20.25,46,NordicDerivatives-pretrade-2026-08-06T1724
2026-08-06,ATCOA,21.31,24.57,210.37,28-Aug-26,22.0,19.72,Sep-26,43.0,22.56,138,NordicDerivatives-pretrade-2026-08-06T1724
2026-08-06,ATCOB,21.23,24.61,183.82,Aug-26,15.0,19.46,Sep-26,43.0,21.74,13,NordicDerivatives-pretrade-2026-08-06T1724
2026-08-06,AXFO,13.36,21.86,238.89,Aug-26,15.0,15.79,Sep-26,43.0,12.53,19,NordicDerivatives-pretrade-2026-08-06T1724
2026-08-06,AZN,27.11,27.08,1522.39,28-Aug-26,22.0,23.55,Sep-26,43.0,29.75,146,NordicDerivatives-pretrade-2026-08-06T1724
2026-08-06,BETSB,20.50,26.54,90.36,Sep-26,43.0,23.98,Oct-26,71.0,26.76,73,NordicDerivatives-pretrade-2026-08-06T1724
2026-08-06,BILL,25.35,24.93,77.04,Aug-26,15.0,25.46,Sep-26,43.0,25.31,91,NordicDerivatives-pretrade-2026-08-06T1724
2026-08-06,BOLI,34.33,39.14,510.10,28-Aug-26,22.0,35.40,Sep-26,43.0,33.42,140,NordicDerivatives-pretrade-2026-08-06T1724
2026-08-06,CAST,26.12,19.76,135.70,Aug-26,15.0,26.24,Sep-26,43.0,26.09,131,NordicDerivatives-pretrade-2026-08-06T1724
2026-08-06,DOM,34.08,43.10,24.66,Aug-26,15.0,26.41,Sep-26,43.0,36.08,79,NordicDerivatives-pretrade-2026-08-06T1724
2026-08-06,EKTAB,37.93,42.02,49.28,Aug-26,15.0,24.57,Sep-26,43.0,41.12,86,NordicDerivatives-pretrade-2026-08-06T1724
2026-08-06,ELUXB,37.12,42.78,30.60,28-Aug-26,22.0,33.57,Sep-26,43.0,39.83,89,NordicDerivatives-pretrade-2026-08-06T1724
2026-08-06,EPIA,28.76,27.63,253.33,Aug-26,15.0,28.68,Sep-26,43.0,28.78,107,NordicDerivatives-pretrade-2026-08-06T1724
2026-08-06,EQT,28.99,29.99,343.35,28-Aug-26,22.0,28.31,Sep-26,43.0,29.55,119,NordicDerivatives-pretrade-2026-08-06T1724
2026-08-06,ERICB,26.93,,97.20,28-Aug-26,22.0,26.46,Sep-26,43.0,27.32,191,NordicDerivatives-pretrade-2026-08-06T1724
2026-08-06,ESSITB,16.78,16.24,282.10,Aug-26,15.0,17.35,Sep-26,43.0,16.61,74,NordicDerivatives-pretrade-2026-08-06T1724
2026-08-06,EVO,28.37,27.54,729.08,Aug-26,15.0,30.50,Sep-26,43.0,27.69,101,NordicDerivatives-pretrade-2026-08-06T1724
2026-08-06,GETIB,20.56,22.70,237.78,Aug-26,15.0,17.26,Sep-26,43.0,21.46,65,NordicDerivatives-pretrade-2026-08-06T1724
2026-08-06,HEXB,30.60,28.59,96.94,Sep-26,43.0,29.21,Dec-26,134.0,26.88,27,NordicDerivatives-pretrade-2026-08-06T1724
2026-08-06,HMB,18.90,21.07,178.99,Aug-26,15.0,21.31,Sep-26,43.0,18.11,105,NordicDerivatives-pretrade-2026-08-06T1724
2026-08-06,HOLMB,21.32,20.66,328.73,Aug-26,15.0,23.51,Sep-26,43.0,20.61,140,NordicDerivatives-pretrade-2026-08-06T1724
2026-08-06,INDUC,17.55,18.46,556.32,Aug-26,15.0,17.23,Sep-26,43.0,17.65,56,NordicDerivatives-pretrade-2026-08-06T1724
2026-08-06,INVEB,17.27,16.32,424.90,Aug-26,15.0,16.45,Sep-26,43.0,17.50,93,NordicDerivatives-pretrade-2026-08-06T1724
2026-08-06,KINB,21.14,23.39,55.45,Sep-26,43.0,29.22,Oct-26,71.0,34.99,84,NordicDerivatives-pretrade-2026-08-06T1724
2026-08-06,LATOB,26.15,24.88,201.08,Aug-26,15.0,27.04,Sep-26,43.0,25.87,54,NordicDerivatives-pretrade-2026-08-06T1724
2026-08-06,LUMI,48.12,46.65,258.63,Aug-26,15.0,47.39,Sep-26,43.0,48.34,182,NordicDerivatives-pretrade-2026-08-06T1724
2026-08-06,MTGB,27.14,30.90,127.50,Aug-26,15.0,26.43,Sep-26,43.0,27.36,18,NordicDerivatives-pretrade-2026-08-06T1724
2026-08-06,NCC,24.06,23.06,174.40,Aug-26,15.0,23.01,Sep-26,43.0,24.37,80,NordicDerivatives-pretrade-2026-08-06T1724
2026-08-06,NDASE,17.34,16.82,192.44,28-Aug-26,22.0,16.84,Sep-26,43.0,17.75,151,NordicDerivatives-pretrade-2026-08-06T1724
2026-08-06,NESTE,31.24,37.89,28.32,Sep-26,43.0,34.11,Oct-26,71.0,36.52,16,NordicDerivatives-pretrade-2026-08-06T1724
2026-08-06,NEWAB,42.37,38.46,94.15,Aug-26,15.0,54.00,Sep-26,43.0,38.16,113,NordicDerivatives-pretrade-2026-08-06T1724
2026-08-06,NOKI,60.25,66.74,91.45,Aug-26,15.0,54.87,Sep-26,43.0,61.78,220,NordicDerivatives-pretrade-2026-08-06T1724
2026-08-06,OMXS30,17.81,13.77,3327.43,28-Aug-26,22.0,13.16,Sep-26,43.0,20.90,359,NordicDerivatives-pretrade-2026-08-06T1724
2026-08-06,QTCOM,43.76,54.34,32.17,Sep-26,43.0,47.25,Dec-26,134.0,52.25,42,NordicDerivatives-pretrade-2026-08-06T1724
2026-08-06,SAAB,37.78,40.52,629.77,Aug-26,15.0,33.97,Jun-27,316.0,40.93,49,NordicDerivatives-pretrade-2026-08-06T1724
2026-08-06,SAGAB,22.78,24.20,168.70,Aug-26,15.0,23.39,Sep-26,43.0,22.59,34,NordicDerivatives-pretrade-2026-08-06T1724
2026-08-06,SAND,28.46,28.27,367.46,28-Aug-26,22.0,27.93,Sep-26,43.0,28.89,140,NordicDerivatives-pretrade-2026-08-06T1724
2026-08-06,SAVE,22.92,23.85,357.82,Aug-26,15.0,22.39,Sep-26,43.0,23.08,28,NordicDerivatives-pretrade-2026-08-06T1724
2026-08-06,SCAB,20.34,20.74,110.26,Sep-26,43.0,21.21,Oct-26,71.0,21.98,83,NordicDerivatives-pretrade-2026-08-06T1724
2026-08-06,SEBA,17.90,17.18,225.50,28-Aug-26,22.0,16.85,Sep-26,43.0,18.73,122,NordicDerivatives-pretrade-2026-08-06T1724
2026-08-06,SECUB,18.31,18.57,154.40,Aug-26,15.0,17.91,Sep-26,43.0,18.43,84,NordicDerivatives-pretrade-2026-08-06T1724
2026-08-06,SHBA,13.34,13.23,149.31,Sep-26,43.0,15.69,Oct-26,71.0,17.55,67,NordicDerivatives-pretrade-2026-08-06T1724
2026-08-06,SINCH,44.26,42.53,41.33,Aug-26,15.0,45.75,Sep-26,43.0,43.80,109,NordicDerivatives-pretrade-2026-08-06T1724
2026-08-06,SIVE,179.12,172.11,36.25,Aug-26,15.0,156.21,Sep-26,43.0,185.49,167,NordicDerivatives-pretrade-2026-08-06T1724
2026-08-06,SKAB,16.90,20.06,272.45,Aug-26,15.0,19.96,Sep-26,43.0,15.86,87,NordicDerivatives-pretrade-2026-08-06T1724
2026-08-06,SKFB,25.16,24.23,262.15,Aug-26,15.0,24.98,Sep-26,43.0,25.21,106,NordicDerivatives-pretrade-2026-08-06T1724
2026-08-06,SOBI,26.34,26.76,443.07,Aug-26,15.0,26.36,Sep-26,43.0,26.33,71,NordicDerivatives-pretrade-2026-08-06T1724
2026-08-06,SSABA,32.87,32.13,104.28,Aug-26,15.0,32.60,Sep-26,43.0,32.96,137,NordicDerivatives-pretrade-2026-08-06T1724
2026-08-06,SSABB,27.73,31.16,104.58,Sep-26,43.0,25.87,Oct-26,71.0,24.06,15,NordicDerivatives-pretrade-2026-08-06T1724
2026-08-06,STER,28.82,28.11,107.05,28-Aug-26,22.0,27.26,Sep-26,43.0,30.04,98,NordicDerivatives-pretrade-2026-08-06T1724
2026-08-06,SWEDA,17.55,16.78,388.60,28-Aug-26,22.0,16.80,Sep-26,43.0,18.14,150,NordicDerivatives-pretrade-2026-08-06T1724
2026-08-06,TLSN,22.37,21.22,43.96,Aug-26,15.0,19.93,Sep-26,43.0,23.05,76,NordicDerivatives-pretrade-2026-08-06T1724
2026-08-06,TRA,30.32,29.35,431.43,Aug-26,15.0,28.91,Sep-26,43.0,30.73,100,NordicDerivatives-pretrade-2026-08-06T1724
2026-08-06,TRELB,23.44,22.96,438.93,Aug-26,15.0,22.94,Sep-26,43.0,23.59,128,NordicDerivatives-pretrade-2026-08-06T1724
2026-08-06,VOLVB,22.04,23.17,362.62,28-Aug-26,22.0,20.09,Sep-26,43.0,23.54,188,NordicDerivatives-pretrade-2026-08-06T1724
2026-08-06,VSURE,33.33,36.07,10.10,Aug-26,15.0,36.47,Sep-26,43.0,32.32,51,NordicDerivatives-pretrade-2026-08-06T1724
2026-08-06,WRT,46.67,38.51,29.16,Sep-26,43.0,37.34,Oct-26,71.0,26.10,15,NordicDerivatives-pretrade-2026-08-06T1724
2026-08-07,AAK,19.50,21.17,203.50,Aug-26,14.0,17.86,Sep-26,42.0,19.89,25,NordicDerivatives-pretrade-2026-08-07T1724
2026-08-07,ABB,24.93,24.91,960.16,04-Sep-26,28.0,24.55,Sep-26,42.0,26.43,198,NordicDerivatives-pretrade-2026-08-07T1724
2026-08-07,ADDTB,22.67,22.76,359.50,Aug-26,14.0,22.82,Sep-26,42.0,22.63,46,NordicDerivatives-pretrade-2026-08-07T1724
2026-08-07,ALFA,22.02,21.63,570.20,Aug-26,14.0,21.85,Sep-26,42.0,22.06,87,NordicDerivatives-pretrade-2026-08-07T1724
2026-08-07,ASSAB,17.93,19.67,366.56,Aug-26,14.0,17.13,Oct-26,70.0,18.31,27,NordicDerivatives-pretrade-2026-08-07T1724
2026-08-07,ATCOA,21.92,24.72,209.78,Aug-26,14.0,18.43,Sep-26,42.0,22.71,124,NordicDerivatives-pretrade-2026-08-07T1724
2026-08-07,ATCOB,22.10,24.59,182.55,Aug-26,14.0,15.53,Sep-26,42.0,23.46,26,NordicDerivatives-pretrade-2026-08-07T1724
2026-08-07,AXFO,17.13,22.24,240.31,Aug-26,14.0,17.38,Sep-26,42.0,17.07,45,NordicDerivatives-pretrade-2026-08-07T1724
2026-08-07,AZN,20.78,27.01,1518.61,28-Aug-26,21.0,18.11,Sep-26,42.0,22.39,96,NordicDerivatives-pretrade-2026-08-07T1724
2026-08-07,BETSB,22.70,26.50,90.33,Aug-26,14.0,18.63,Sep-26,42.0,23.61,80,NordicDerivatives-pretrade-2026-08-07T1724
2026-08-07,BILL,25.29,24.89,76.92,Aug-26,14.0,25.35,Sep-26,42.0,25.28,103,NordicDerivatives-pretrade-2026-08-07T1724
2026-08-07,BOLI,21.79,37.16,521.84,Sep-26,42.0,27.06,Oct-26,70.0,31.46,66,NordicDerivatives-pretrade-2026-08-07T1724
2026-08-07,CAST,25.39,19.19,136.63,Aug-26,14.0,23.81,Sep-26,42.0,25.77,147,NordicDerivatives-pretrade-2026-08-07T1724
2026-08-07,DOM,34.74,44.25,24.81,Aug-26,14.0,26.86,Sep-26,42.0,36.45,73,NordicDerivatives-pretrade-2026-08-07T1724
2026-08-07,EKTAB,37.25,42.09,50.55,Aug-26,14.0,23.36,Sep-26,42.0,39.97,85,NordicDerivatives-pretrade-2026-08-07T1724
2026-08-07,ELUXB,41.94,46.30,30.82,Aug-26,14.0,31.66,Dec-26,133.0,47.66,61,NordicDerivatives-pretrade-2026-08-07T1724
2026-08-07,EPIA,28.34,26.88,252.76,Aug-26,14.0,28.70,Sep-26,42.0,28.25,109,NordicDerivatives-pretrade-2026-08-07T1724
2026-08-07,EQT,26.57,28.97,348.33,28-Aug-26,21.0,26.94,Sep-26,42.0,26.32,130,NordicDerivatives-pretrade-2026-08-07T1724
2026-08-07,ERICB,21.97,26.09,96.70,04-Sep-26,28.0,20.45,Sep-26,42.0,27.23,205,NordicDerivatives-pretrade-2026-08-07T1724
2026-08-07,ESSITB,16.61,15.85,282.80,Aug-26,14.0,16.17,Sep-26,42.0,16.72,93,NordicDerivatives-pretrade-2026-08-07T1724
2026-08-07,EVO,27.86,26.98,738.01,Aug-26,14.0,29.85,Sep-26,42.0,27.34,108,NordicDerivatives-pretrade-2026-08-07T1724
2026-08-07,GETIB,20.96,22.02,238.04,Aug-26,14.0,15.81,Sep-26,42.0,22.06,66,NordicDerivatives-pretrade-2026-08-07T1724
2026-08-07,HEXB,25.30,29.32,97.77,Aug-26,14.0,18.52,Sep-26,42.0,26.73,33,NordicDerivatives-pretrade-2026-08-07T1724
2026-08-07,HMB,21.96,21.12,178.95,Aug-26,14.0,20.94,Sep-26,42.0,22.20,123,NordicDerivatives-pretrade-2026-08-07T1724
2026-08-07,HOLMB,20.78,20.24,329.63,Aug-26,14.0,23.27,Sep-26,42.0,20.11,147,NordicDerivatives-pretrade-2026-08-07T1724
2026-08-07,INDUC,19.27,18.33,552.48,Aug-26,14.0,18.93,Sep-26,42.0,19.35,141,NordicDerivatives-pretrade-2026-08-07T1724
2026-08-07,INVEB,16.79,15.99,424.60,Aug-26,14.0,15.23,Sep-26,42.0,17.16,96,NordicDerivatives-pretrade-2026-08-07T1724
2026-08-07,JM,27.18,36.16,127.35,Aug-26,14.0,27.76,Sep-26,42.0,27.04,28,NordicDerivatives-pretrade-2026-08-07T1724
2026-08-07,KINB,25.62,28.46,56.68,Aug-26,14.0,23.03,Sep-26,42.0,26.23,88,NordicDerivatives-pretrade-2026-08-07T1724
2026-08-07,LATOB,25.40,24.38,202.83,Aug-26,14.0,26.07,Sep-26,42.0,25.23,55,NordicDerivatives-pretrade-2026-08-07T1724
2026-08-07,LUMI,43.75,45.85,254.64,Aug-26,14.0,45.74,Sep-26,42.0,43.24,104,NordicDerivatives-pretrade-2026-08-07T1724
2026-08-07,METSO,23.04,29.81,16.73,Sep-26,42.0,24.67,Oct-26,70.0,26.21,14,NordicDerivatives-pretrade-2026-08-07T1724
2026-08-07,MTGB,28.95,30.42,126.05,Aug-26,14.0,26.53,Sep-26,42.0,29.52,30,NordicDerivatives-pretrade-2026-08-07T1724
2026-08-07,NCC,23.57,22.60,174.15,Aug-26,14.0,21.91,Sep-26,42.0,23.96,86,NordicDerivatives-pretrade-2026-08-07T1724
2026-08-07,NDASE,16.27,18.67,191.85,Aug-26,14.0,14.01,Oct-26,70.0,17.29,54,NordicDerivatives-pretrade-2026-08-07T1724
2026-08-07,NESTE,36.62,36.91,28.17,Sep-26,42.0,35.83,Oct-26,70.0,35.01,16,NordicDerivatives-pretrade-2026-08-07T1724
2026-08-07,NEWAB,41.77,38.26,94.35,Aug-26,14.0,55.36,Sep-26,42.0,37.61,125,NordicDerivatives-pretrade-2026-08-07T1724
2026-08-07,NIBE,34.22,42.04,40.10,Aug-26,14.0,47.44,Sep-26,42.0,30.02,60,NordicDerivatives-pretrade-2026-08-07T1724
2026-08-07,NOKI,59.69,65.70,89.20,Aug-26,14.0,54.96,Sep-26,42.0,60.82,253,NordicDerivatives-pretrade-2026-08-07T1724
2026-08-07,OCTV,31.55,45.99,185.85,Aug-26,14.0,28.36,Sep-26,42.0,32.29,56,NordicDerivatives-pretrade-2026-08-07T1724
2026-08-07,OMXS30,14.96,13.21,3316.56,04-Sep-26,28.0,13.38,Sep-26,42.0,20.08,415,NordicDerivatives-pretrade-2026-08-07T1724
2026-08-07,QTCOM,30.90,39.46,32.81,Sep-26,42.0,38.72,Dec-26,133.0,49.30,44,NordicDerivatives-pretrade-2026-08-07T1724
2026-08-07,SAAB,39.16,38.87,631.00,Aug-26,14.0,39.71,Sep-26,42.0,39.02,142,NordicDerivatives-pretrade-2026-08-07T1724
2026-08-07,SAND,27.75,27.37,365.99,04-Sep-26,28.0,27.67,Sep-26,42.0,28.08,168,NordicDerivatives-pretrade-2026-08-07T1724
2026-08-07,SAVE,22.08,23.31,357.89,Aug-26,14.0,20.85,Sep-26,42.0,22.37,38,NordicDerivatives-pretrade-2026-08-07T1724
2026-08-07,SCAB,21.09,20.83,110.45,Aug-26,14.0,20.36,Sep-26,42.0,21.26,94,NordicDerivatives-pretrade-2026-08-07T1724
2026-08-07,SEBA,17.65,16.60,224.60,04-Sep-26,28.0,16.83,Sep-26,42.0,20.59,116,NordicDerivatives-pretrade-2026-08-07T1724
2026-08-07,SECUB,19.59,18.92,150.65,Aug-26,14.0,19.29,Sep-26,42.0,19.67,85,NordicDerivatives-pretrade-2026-08-07T1724
2026-08-07,SHBA,14.45,15.58,147.62,Aug-26,14.0,13.98,Sep-26,42.0,14.56,68,NordicDerivatives-pretrade-2026-08-07T1724
2026-08-07,SINCH,42.59,42.70,44.21,Aug-26,14.0,34.07,Sep-26,42.0,44.46,108,NordicDerivatives-pretrade-2026-08-07T1724
2026-08-07,SIVE,178.08,158.40,39.60,Aug-26,14.0,163.57,Sep-26,42.0,181.53,184,NordicDerivatives-pretrade-2026-08-07T1724
2026-08-07,SKAB,20.45,19.67,271.23,Aug-26,14.0,19.44,Sep-26,42.0,20.70,121,NordicDerivatives-pretrade-2026-08-07T1724
2026-08-07,SOBI,25.05,25.66,455.83,Aug-26,14.0,24.17,Sep-26,42.0,25.26,84,NordicDerivatives-pretrade-2026-08-07T1724
2026-08-07,SSABA,33.12,32.12,102.12,Aug-26,14.0,32.40,Sep-26,42.0,33.30,134,NordicDerivatives-pretrade-2026-08-07T1724
2026-08-07,STER,24.17,28.26,106.90,Aug-26,14.0,27.95,Sep-26,42.0,23.12,52,NordicDerivatives-pretrade-2026-08-07T1724
2026-08-07,SWEDA,16.90,16.49,384.95,04-Sep-26,28.0,16.75,Sep-26,42.0,17.49,173,NordicDerivatives-pretrade-2026-08-07T1724
2026-08-07,TLSN,20.63,20.48,43.61,Sep-26,42.0,20.83,Oct-26,70.0,21.04,72,NordicDerivatives-pretrade-2026-08-07T1724
2026-08-07,TRA,28.87,,426.29,Aug-26,14.0,18.48,Sep-26,42.0,30.93,106,NordicDerivatives-pretrade-2026-08-07T1724
2026-08-07,TRELB,22.52,21.72,441.49,Aug-26,14.0,21.39,Sep-26,42.0,22.80,148,NordicDerivatives-pretrade-2026-08-07T1724
2026-08-07,VOLVB,23.06,23.38,356.67,04-Sep-26,28.0,22.76,Sep-26,42.0,24.23,219,NordicDerivatives-pretrade-2026-08-07T1724
2026-08-07,VSURE,39.66,37.53,9.65,Aug-26,14.0,40.81,Sep-26,42.0,39.36,94,NordicDerivatives-pretrade-2026-08-07T1724
2026-08-10,ABB,24.98,25.06,963.81,Aug-26,11.0,24.70,Sep-26,39.0,25.01,108,NordicDerivatives-pretrade-2026-08-10T1724
2026-08-10,ADDTB,24.83,24.87,350.52,Aug-26,11.0,25.13,Sep-26,39.0,24.79,47,NordicDerivatives-pretrade-2026-08-10T1724
2026-08-10,ALFA,22.35,21.48,569.41,Aug-26,11.0,21.93,Sep-26,39.0,22.41,66,NordicDerivatives-pretrade-2026-08-10T1724
2026-08-10,ATCOA,7.64,9.19,211.55,Oct-26,67.0,24.62,Dec-26,130.0,28.66,106,NordicDerivatives-pretrade-2026-08-10T1724
2026-08-10,AXFO,19.07,23.13,237.23,Aug-26,11.0,17.17,Sep-26,39.0,19.31,53,NordicDerivatives-pretrade-2026-08-10T1724
2026-08-10,AZN,27.46,27.50,1541.72,Aug-26,11.0,28.24,Sep-26,39.0,27.35,86,NordicDerivatives-pretrade-2026-08-10T1724
2026-08-10,BETSB,23.45,26.83,89.96,Aug-26,11.0,18.13,Sep-26,39.0,24.07,78,NordicDerivatives-pretrade-2026-08-10T1724
2026-08-10,BILL,25.37,24.81,77.50,Aug-26,11.0,25.91,Sep-26,39.0,25.29,116,NordicDerivatives-pretrade-2026-08-10T1724
2026-08-10,BOLI,35.22,39.93,526.52,Aug-26,11.0,44.41,Oct-26,67.0,31.72,93,NordicDerivatives-pretrade-2026-08-10T1724
2026-08-10,CAST,26.68,20.10,135.65,Aug-26,11.0,26.23,Sep-26,39.0,26.74,146,NordicDerivatives-pretrade-2026-08-10T1724
2026-08-10,DOM,37.58,43.77,24.57,Aug-26,11.0,31.89,Sep-26,39.0,38.27,68,NordicDerivatives-pretrade-2026-08-10T1724
2026-08-10,EKTAB,42.22,47.23,51.13,Sep-26,39.0,40.31,Oct-26,67.0,37.51,71,NordicDerivatives-pretrade-2026-08-10T1724
2026-08-10,EPIA,27.54,26.56,255.64,Aug-26,11.0,27.95,Sep-26,39.0,27.49,95,NordicDerivatives-pretrade-2026-08-10T1724
2026-08-10,EQT,26.01,28.67,344.98,28-Aug-26,18.0,23.47,Sep-26,39.0,26.83,98,NordicDerivatives-pretrade-2026-08-10T1724
2026-08-10,ERICB,25.03,26.06,95.81,04-Sep-26,25.0,25.65,Sep-26,39.0,24.30,148,NordicDerivatives-pretrade-2026-08-10T1724
2026-08-10,EVO,28.51,26.96,741.21,Aug-26,11.0,31.33,Sep-26,39.0,28.11,106,NordicDerivatives-pretrade-2026-08-10T1724
2026-08-10,GETIB,19.54,22.27,238.58,Aug-26,11.0,20.75,Sep-26,39.0,19.37,63,NordicDerivatives-pretrade-2026-08-10T1724
2026-08-10,HEXB,26.57,32.31,97.55,Aug-26,11.0,23.47,Mar-27,221.0,27.99,20,NordicDerivatives-pretrade-2026-08-10T1724
2026-08-10,HMB,22.20,20.94,179.38,28-Aug-26,18.0,20.69,Sep-26,39.0,22.70,124,NordicDerivatives-pretrade-2026-08-10T1724
2026-08-10,HOLMB,20.70,20.44,328.80,Aug-26,11.0,23.93,Sep-26,39.0,20.22,136,NordicDerivatives-pretrade-2026-08-10T1724
2026-08-10,INDUC,19.71,18.76,546.07,Aug-26,11.0,19.70,Sep-26,39.0,19.71,137,NordicDerivatives-pretrade-2026-08-10T1724
2026-08-10,INVEB,16.42,16.26,422.90,Aug-26,11.0,15.52,Sep-26,39.0,16.53,72,NordicDerivatives-pretrade-2026-08-10T1724
2026-08-10,JM,29.60,37.53,126.47,Sep-26,39.0,31.86,Oct-26,67.0,34.78,27,NordicDerivatives-pretrade-2026-08-10T1724
2026-08-10,KINB,28.43,29.49,56.61,Aug-26,11.0,27.64,Sep-26,39.0,28.54,94,NordicDerivatives-pretrade-2026-08-10T1724
2026-08-10,LATOB,28.30,25.73,195.80,Aug-26,11.0,30.27,Sep-26,39.0,28.02,57,NordicDerivatives-pretrade-2026-08-10T1724
2026-08-10,LUMI,43.10,46.22,257.03,Aug-26,11.0,46.99,Sep-26,39.0,42.55,98,NordicDerivatives-pretrade-2026-08-10T1724
2026-08-10,NCC,24.38,23.30,172.18,Aug-26,11.0,23.45,Sep-26,39.0,24.51,84,NordicDerivatives-pretrade-2026-08-10T1724
2026-08-10,NDASE,16.03,17.64,190.82,04-Sep-26,25.0,14.41,Mar-27,221.0,21.70,68,NordicDerivatives-pretrade-2026-08-10T1724
2026-08-10,NEWAB,42.07,38.88,93.55,Aug-26,11.0,61.27,Sep-26,39.0,38.79,121,NordicDerivatives-pretrade-2026-08-10T1724
2026-08-10,NOKI,53.40,61.87,88.44,Aug-26,11.0,46.22,Sep-26,39.0,54.29,188,NordicDerivatives-pretrade-2026-08-10T1724
2026-08-10,OCTV,35.02,47.28,183.17,Sep-26,39.0,34.17,Oct-26,67.0,32.95,54,NordicDerivatives-pretrade-2026-08-10T1724
2026-08-10,OMXS30,13.91,13.74,3306.96,04-Sep-26,25.0,13.43,Sep-26,39.0,14.46,250,NordicDerivatives-pretrade-2026-08-10T1724
2026-08-10,QTCOM,32.71,39.83,32.67,Sep-26,39.0,38.91,Dec-26,130.0,50.51,46,NordicDerivatives-pretrade-2026-08-10T1724
2026-08-10,SAAB,35.70,39.09,637.80,04-Sep-26,25.0,33.06,Sep-26,39.0,38.53,146,NordicDerivatives-pretrade-2026-08-10T1724
2026-08-10,SAGAB,17.23,25.17,165.10,Aug-26,11.0,20.64,Sep-26,39.0,16.72,17,NordicDerivatives-pretrade-2026-08-10T1724
2026-08-10,SAND,28.01,27.89,367.57,04-Sep-26,25.0,27.94,Sep-26,39.0,28.10,124,NordicDerivatives-pretrade-2026-08-10T1724
2026-08-10,SAVE,22.26,23.38,356.93,Aug-26,11.0,20.45,Sep-26,39.0,22.49,34,NordicDerivatives-pretrade-2026-08-10T1724
2026-08-10,SCAB,20.95,20.95,110.55,Aug-26,11.0,20.14,Sep-26,39.0,21.06,93,NordicDerivatives-pretrade-2026-08-10T1724
2026-08-10,SEBA,15.14,17.87,221.90,04-Sep-26,25.0,13.31,Dec-26,130.0,20.71,89,NordicDerivatives-pretrade-2026-08-10T1724
2026-08-10,SECUB,17.83,18.34,149.90,Aug-26,11.0,17.17,Sep-26,39.0,17.92,71,NordicDerivatives-pretrade-2026-08-10T1724
2026-08-10,SHBA,15.84,15.72,146.64,Aug-26,11.0,12.40,Sep-26,39.0,16.25,77,NordicDerivatives-pretrade-2026-08-10T1724
2026-08-10,SINCH,39.33,40.13,43.79,Aug-26,11.0,38.64,Sep-26,39.0,39.42,120,NordicDerivatives-pretrade-2026-08-10T1724
2026-08-10,SIVE,188.49,165.85,43.15,Aug-26,11.0,197.89,Sep-26,39.0,187.20,173,NordicDerivatives-pretrade-2026-08-10T1724
2026-08-10,SKAB,20.67,20.26,267.63,Aug-26,11.0,20.02,Sep-26,39.0,20.76,102,NordicDerivatives-pretrade-2026-08-10T1724
2026-08-10,SKFB,24.83,24.30,260.68,04-Sep-26,25.0,24.21,Sep-26,39.0,25.53,133,NordicDerivatives-pretrade-2026-08-10T1724
2026-08-10,SOBI,24.90,25.08,453.62,Aug-26,11.0,24.47,Sep-26,39.0,24.95,87,NordicDerivatives-pretrade-2026-08-10T1724
2026-08-10,SSABA,33.65,32.59,102.22,Aug-26,11.0,34.11,Sep-26,39.0,33.59,150,NordicDerivatives-pretrade-2026-08-10T1724
2026-08-10,STER,30.07,29.05,106.35,Aug-26,11.0,29.95,Sep-26,39.0,30.09,110,NordicDerivatives-pretrade-2026-08-10T1724
2026-08-10,SWEDA,17.51,18.14,378.91,04-Sep-26,25.0,16.11,Sep-26,39.0,19.01,115,NordicDerivatives-pretrade-2026-08-10T1724
2026-08-10,TLSN,19.98,21.01,42.73,Aug-26,11.0,22.33,Sep-26,39.0,19.65,112,NordicDerivatives-pretrade-2026-08-10T1724
2026-08-10,TRA,30.63,28.20,420.17,Sep-26,39.0,30.94,Oct-26,67.0,31.37,88,NordicDerivatives-pretrade-2026-08-10T1724
2026-08-10,TRELB,21.86,21.98,440.55,Aug-26,11.0,21.29,Sep-26,39.0,21.93,97,NordicDerivatives-pretrade-2026-08-10T1724
2026-08-10,VOLVB,23.29,22.63,354.67,04-Sep-26,25.0,22.40,Sep-26,39.0,24.29,202,NordicDerivatives-pretrade-2026-08-10T1724
2026-08-10,VSURE,38.91,37.38,9.58,Aug-26,11.0,42.13,Sep-26,39.0,38.46,86,NordicDerivatives-pretrade-2026-08-10T1724
2026-08-10,WRT,37.73,37.03,29.30,Sep-26,39.0,35.20,Oct-26,67.0,31.34,17,NordicDerivatives-pretrade-2026-08-10T1724
2026-08-11,AAK,20.73,21.78,198.05,Aug-26,10.0,19.52,Oct-26,66.0,21.05,18,NordicDerivatives-pretrade-2026-08-11T1724
2026-08-11,ABB,24.67,24.88,969.50,04-Sep-26,24.0,24.61,Sep-26,38.0,24.72,144,NordicDerivatives-pretrade-2026-08-11T1724
2026-08-11,ADDTB,24.38,25.30,345.17,Aug-26,10.0,24.91,Sep-26,38.0,24.32,42,NordicDerivatives-pretrade-2026-08-11T1724
2026-08-11,ALFA,22.23,21.48,564.98,Aug-26,10.0,21.37,Sep-26,38.0,22.32,68,NordicDerivatives-pretrade-2026-08-11T1724
2026-08-11,ASSAB,19.62,19.50,361.50,Aug-26,10.0,18.31,Sep-26,38.0,19.75,59,NordicDerivatives-pretrade-2026-08-11T1724
2026-08-11,ATCOA,23.74,23.77,211.35,04-Sep-26,24.0,23.12,Sep-26,38.0,24.25,173,NordicDerivatives-pretrade-2026-08-11T1724
2026-08-11,ATCOB,21.93,25.39,183.48,Aug-26,10.0,16.66,Oct-26,66.0,23.16,13,NordicDerivatives-pretrade-2026-08-11T1724
2026-08-11,AXFO,20.92,22.38,236.15,Aug-26,10.0,17.19,Sep-26,38.0,21.27,83,NordicDerivatives-pretrade-2026-08-11T1724
2026-08-11,AZN,28.43,27.30,1527.31,Aug-26,10.0,26.96,Sep-26,38.0,28.58,105,NordicDerivatives-pretrade-2026-08-11T1724
2026-08-11,BETSB,21.60,26.10,90.77,Sep-26,38.0,23.31,Oct-26,66.0,25.81,72,NordicDerivatives-pretrade-2026-08-11T1724
2026-08-11,BILL,25.48,24.80,77.14,Aug-26,10.0,26.07,Sep-26,38.0,25.42,116,NordicDerivatives-pretrade-2026-08-11T1724
2026-08-11,BOLI,40.22,38.85,529.57,04-Sep-26,24.0,39.57,Sep-26,38.0,40.76,191,NordicDerivatives-pretrade-2026-08-11T1724
2026-08-11,CAST,26.93,20.18,135.37,Aug-26,10.0,26.67,Sep-26,38.0,26.96,150,NordicDerivatives-pretrade-2026-08-11T1724
2026-08-11,DOM,28.18,44.09,24.48,Sep-26,38.0,34.65,Dec-26,129.0,47.71,58,NordicDerivatives-pretrade-2026-08-11T1724
2026-08-11,EKTAB,40.58,46.71,51.75,Sep-26,38.0,38.76,Oct-26,66.0,35.68,72,NordicDerivatives-pretrade-2026-08-11T1724
2026-08-11,ELUXB,51.78,40.05,29.79,Dec-26,129.0,46.85,Mar-27,220.0,46.20,46,NordicDerivatives-pretrade-2026-08-11T1724
2026-08-11,EPIA,27.61,26.38,255.82,Aug-26,10.0,27.02,Sep-26,38.0,27.67,104,NordicDerivatives-pretrade-2026-08-11T1724
2026-08-11,EQT,23.65,28.61,347.60,04-Sep-26,24.0,22.50,Sep-26,38.0,24.58,43,NordicDerivatives-pretrade-2026-08-11T1724
2026-08-11,ERICB,25.94,25.62,96.27,04-Sep-26,24.0,25.75,Sep-26,38.0,26.10,154,NordicDerivatives-pretrade-2026-08-11T1724
2026-08-11,ESSITB,16.76,16.30,278.87,Aug-26,10.0,16.61,Sep-26,38.0,16.78,78,NordicDerivatives-pretrade-2026-08-11T1724
2026-08-11,EVO,29.69,28.05,743.60,Aug-26,10.0,35.20,Sep-26,38.0,29.05,99,NordicDerivatives-pretrade-2026-08-11T1724
2026-08-11,GETIB,21.75,21.85,239.04,Aug-26,10.0,19.90,Sep-26,38.0,21.93,65,NordicDerivatives-pretrade-2026-08-11T1724
2026-08-11,HEXB,26.36,30.01,96.66,Aug-26,10.0,24.44,Sep-26,38.0,26.55,94,NordicDerivatives-pretrade-2026-08-11T1724
2026-08-11,HMB,21.44,20.74,176.18,04-Sep-26,24.0,20.55,Sep-26,38.0,22.15,151,NordicDerivatives-pretrade-2026-08-11T1724
2026-08-11,HOLMB,21.21,20.73,324.00,Aug-26,10.0,27.10,Sep-26,38.0,20.49,137,NordicDerivatives-pretrade-2026-08-11T1724
2026-08-11,INDUC,18.46,18.75,543.48,Aug-26,10.0,18.12,Sep-26,38.0,18.50,93,NordicDerivatives-pretrade-2026-08-11T1724
2026-08-11,INVEB,17.19,16.07,420.52,Aug-26,10.0,16.14,Sep-26,38.0,17.30,85,NordicDerivatives-pretrade-2026-08-11T1724
2026-08-11,KINB,26.65,27.90,57.19,Aug-26,10.0,22.04,Sep-26,38.0,27.08,86,NordicDerivatives-pretrade-2026-08-11T1724
2026-08-11,LATOB,27.23,27.26,193.33,Aug-26,10.0,31.12,Sep-26,38.0,26.79,58,NordicDerivatives-pretrade-2026-08-11T1724
2026-08-11,LIFCOB,19.94,21.92,323.57,Aug-26,10.0,16.61,Sep-26,38.0,20.26,14,NordicDerivatives-pretrade-2026-08-11T1724
2026-08-11,LUMI,48.53,46.45,252.67,Aug-26,10.0,49.87,Sep-26,38.0,48.39,188,NordicDerivatives-pretrade-2026-08-11T1724
2026-08-11,MTGB,26.33,29.56,129.20,Aug-26,10.0,24.02,Sep-26,38.0,26.56,15,NordicDerivatives-pretrade-2026-08-11T1724
2026-08-11,NCC,23.23,22.53,173.85,Aug-26,10.0,22.13,Sep-26,38.0,23.34,79,NordicDerivatives-pretrade-2026-08-11T1724
2026-08-11,NDASE,6.34,13.54,191.89,Dec-26,129.0,20.31,Mar-27,220.0,21.43,55,NordicDerivatives-pretrade-2026-08-11T1724
2026-08-11,NEWAB,40.96,38.14,93.95,Aug-26,10.0,63.81,Sep-26,38.0,37.76,120,NordicDerivatives-pretrade-2026-08-11T1724
2026-08-11,OCTV,49.04,46.75,184.47,Aug-26,10.0,59.51,Sep-26,38.0,47.81,178,NordicDerivatives-pretrade-2026-08-11T1724
2026-08-11,OMXS30,14.06,13.55,3302.14,04-Sep-26,24.0,13.21,Sep-26,38.0,14.74,291,NordicDerivatives-pretrade-2026-08-11T1724
2026-08-11,QTCOM,29.15,38.30,33.94,Sep-26,38.0,34.88,Dec-26,129.0,46.77,37,NordicDerivatives-pretrade-2026-08-11T1724
2026-08-11,SAAB,38.41,37.62,660.17,04-Sep-26,24.0,37.56,Sep-26,38.0,39.11,166,NordicDerivatives-pretrade-2026-08-11T1724
2026-08-11,SAGAB,23.43,25.28,164.10,Aug-26,10.0,18.97,Sep-26,38.0,23.86,31,NordicDerivatives-pretrade-2026-08-11T1724
2026-08-11,SAND,27.70,27.45,368.21,04-Sep-26,24.0,27.77,Sep-26,38.0,27.65,192,NordicDerivatives-pretrade-2026-08-11T1724
2026-08-11,SAVE,22.34,23.49,354.03,Aug-26,10.0,20.24,Sep-26,38.0,22.55,33,NordicDerivatives-pretrade-2026-08-11T1724
2026-08-11,SCAB,21.50,21.42,109.49,Aug-26,10.0,21.32,Sep-26,38.0,21.52,92,NordicDerivatives-pretrade-2026-08-11T1724
2026-08-11,SEBA,17.89,17.28,221.23,04-Sep-26,24.0,17.33,Sep-26,38.0,18.36,132,NordicDerivatives-pretrade-2026-08-11T1724
2026-08-11,SECUB,17.64,18.77,148.75,Aug-26,10.0,16.17,Sep-26,38.0,17.78,69,NordicDerivatives-pretrade-2026-08-11T1724
2026-08-11,SHBA,16.11,15.59,146.85,Aug-26,10.0,15.49,Sep-26,38.0,16.18,96,NordicDerivatives-pretrade-2026-08-11T1724
2026-08-11,SINCH,39.46,38.39,44.19,Aug-26,10.0,37.76,Sep-26,38.0,39.64,116,NordicDerivatives-pretrade-2026-08-11T1724
2026-08-11,SIVE,192.50,167.16,41.55,Aug-26,10.0,230.27,Sep-26,38.0,188.09,193,NordicDerivatives-pretrade-2026-08-11T1724
2026-08-11,SKAB,20.52,20.08,266.60,Aug-26,10.0,19.57,Sep-26,38.0,20.61,112,NordicDerivatives-pretrade-2026-08-11T1724
2026-08-11,SKFB,23.77,23.98,260.40,04-Sep-26,24.0,21.77,Sep-26,38.0,25.33,112,NordicDerivatives-pretrade-2026-08-11T1724
2026-08-11,SOBI,24.32,25.24,444.22,Aug-26,10.0,23.87,Sep-26,38.0,24.37,72,NordicDerivatives-pretrade-2026-08-11T1724
2026-08-11,SSABA,33.46,32.23,102.78,Aug-26,10.0,33.59,Sep-26,38.0,33.45,141,NordicDerivatives-pretrade-2026-08-11T1724
2026-08-11,STER,30.08,29.10,105.67,Aug-26,10.0,29.53,Sep-26,38.0,30.13,90,NordicDerivatives-pretrade-2026-08-11T1724
2026-08-11,SWEDA,17.49,17.40,377.73,04-Sep-26,24.0,15.87,Sep-26,38.0,18.76,152,NordicDerivatives-pretrade-2026-08-11T1724
2026-08-11,TLSN,20.83,19.66,43.04,Aug-26,10.0,14.23,Sep-26,38.0,21.40,78,NordicDerivatives-pretrade-2026-08-11T1724
2026-08-11,TRA,30.08,29.14,415.12,Sep-26,38.0,30.55,Oct-26,66.0,31.29,86,NordicDerivatives-pretrade-2026-08-11T1724
2026-08-11,TRELB,23.41,22.50,435.85,Aug-26,10.0,22.70,Sep-26,38.0,23.49,141,NordicDerivatives-pretrade-2026-08-11T1724
2026-08-11,VOLVB,23.47,22.78,350.59,04-Sep-26,24.0,22.38,Sep-26,38.0,24.34,196,NordicDerivatives-pretrade-2026-08-11T1724
2026-08-11,VSURE,38.49,36.61,9.52,Aug-26,10.0,42.38,Sep-26,38.0,38.06,104,NordicDerivatives-pretrade-2026-08-11T1724
2026-08-12,ABB,25.28,20.64,984.16,04-Sep-26,23.0,26.12,Sep-26,37.0,24.75,120,NordicDerivatives-pretrade-2026-08-12T1724
2026-08-12,ADDTB,23.47,24.86,343.60,Aug-26,9.0,23.36,Sep-26,37.0,23.47,32,NordicDerivatives-pretrade-2026-08-12T1724
2026-08-12,ASMDEE,26.67,24.31,156.40,Aug-26,9.0,25.91,Oct-26,65.0,26.85,17,NordicDerivatives-pretrade-2026-08-12T1724
2026-08-12,ASSAB,18.35,19.23,359.72,Aug-26,9.0,18.00,Sep-26,37.0,18.37,23,NordicDerivatives-pretrade-2026-08-12T1724
2026-08-12,AXFO,20.57,21.50,234.50,Aug-26,9.0,15.84,Sep-26,37.0,20.91,112,NordicDerivatives-pretrade-2026-08-12T1724
2026-08-12,AZN,25.12,26.77,1507.25,04-Sep-26,23.0,19.25,Sep-26,37.0,28.16,124,NordicDerivatives-pretrade-2026-08-12T1724
2026-08-12,BILL,25.53,24.33,77.41,Aug-26,9.0,26.02,Sep-26,37.0,25.49,112,NordicDerivatives-pretrade-2026-08-12T1724
2026-08-12,BOLI,38.84,38.41,541.38,04-Sep-26,23.0,36.88,Sep-26,37.0,40.01,161,NordicDerivatives-pretrade-2026-08-12T1724
2026-08-12,CAST,25.34,19.26,136.93,Aug-26,9.0,26.76,Sep-26,37.0,25.22,139,NordicDerivatives-pretrade-2026-08-12T1724
2026-08-12,DOM,29.75,43.34,23.95,Sep-26,37.0,34.71,Dec-26,128.0,46.68,54,NordicDerivatives-pretrade-2026-08-12T1724
2026-08-12,EKTAB,42.62,41.43,52.04,Aug-26,9.0,30.34,Sep-26,37.0,43.46,114,NordicDerivatives-pretrade-2026-08-12T1724
2026-08-12,EPIA,27.15,25.92,254.87,Aug-26,9.0,27.27,Sep-26,37.0,27.14,102,NordicDerivatives-pretrade-2026-08-12T1724
2026-08-12,EQT,24.06,28.21,347.38,04-Sep-26,23.0,23.11,Sep-26,37.0,24.63,41,NordicDerivatives-pretrade-2026-08-12T1724
2026-08-12,ERICB,21.16,25.07,97.65,04-Sep-26,23.0,21.02,Sep-26,37.0,21.25,126,NordicDerivatives-pretrade-2026-08-12T1724
2026-08-12,ESSITB,16.76,16.11,276.68,Aug-26,9.0,16.64,Sep-26,37.0,16.77,55,NordicDerivatives-pretrade-2026-08-12T1724
2026-08-12,EVO,29.23,28.82,737.79,Aug-26,9.0,35.55,Sep-26,37.0,28.65,100,NordicDerivatives-pretrade-2026-08-12T1724
2026-08-12,GETIB,21.38,20.94,239.83,Aug-26,9.0,18.60,Oct-26,65.0,21.97,56,NordicDerivatives-pretrade-2026-08-12T1724
2026-08-12,HEXB,25.91,30.64,95.30,Aug-26,9.0,25.21,Sep-26,37.0,25.96,18,NordicDerivatives-pretrade-2026-08-12T1724
2026-08-12,HMB,20.89,20.89,173.85,04-Sep-26,23.0,20.67,Sep-26,37.0,21.02,134,NordicDerivatives-pretrade-2026-08-12T1724
2026-08-12,HOLMB,23.04,20.62,323.67,Aug-26,9.0,26.87,Sep-26,37.0,22.70,172,NordicDerivatives-pretrade-2026-08-12T1724
2026-08-12,INDUC,14.96,18.66,539.22,Aug-26,9.0,17.01,Sep-26,37.0,14.78,57,NordicDerivatives-pretrade-2026-08-12T1724
2026-08-12,INVEB,16.46,16.51,418.22,Aug-26,9.0,14.82,Sep-26,37.0,16.59,38,NordicDerivatives-pretrade-2026-08-12T1724
2026-08-12,JM,35.21,36.66,127.83,Aug-26,9.0,33.09,Sep-26,37.0,35.37,72,NordicDerivatives-pretrade-2026-08-12T1724
2026-08-12,KINB,21.31,28.31,56.23,Aug-26,9.0,21.80,Sep-26,37.0,21.27,70,NordicDerivatives-pretrade-2026-08-12T1724
2026-08-12,LATOB,27.95,25.98,191.85,Aug-26,9.0,30.73,Sep-26,37.0,27.72,55,NordicDerivatives-pretrade-2026-08-12T1724
2026-08-12,LUMI,44.61,46.45,254.41,Aug-26,9.0,47.85,Sep-26,37.0,44.34,103,NordicDerivatives-pretrade-2026-08-12T1724
2026-08-12,NCC,22.73,22.21,174.80,Aug-26,9.0,21.46,Sep-26,37.0,22.83,77,NordicDerivatives-pretrade-2026-08-12T1724
2026-08-12,NESTE,35.43,35.73,29.77,Sep-26,37.0,35.63,Oct-26,65.0,35.99,22,NordicDerivatives-pretrade-2026-08-12T1724
2026-08-12,NEWAB,40.18,38.67,93.10,Aug-26,9.0,64.06,Sep-26,37.0,37.59,119,NordicDerivatives-pretrade-2026-08-12T1724
2026-08-12,NOKI,56.33,64.58,99.35,Aug-26,9.0,40.83,Sep-26,37.0,57.40,164,NordicDerivatives-pretrade-2026-08-12T1724
2026-08-12,OCTV,24.81,40.56,179.69,Sep-26,37.0,27.40,Oct-26,65.0,31.62,52,NordicDerivatives-pretrade-2026-08-12T1724
2026-08-12,OMXS30,18.84,13.59,3295.00,04-Sep-26,23.0,13.09,Sep-26,37.0,21.66,339,NordicDerivatives-pretrade-2026-08-12T1724
2026-08-12,ORNB,35.57,30.11,77.80,Dec-26,128.0,27.46,Mar-27,219.0,26.25,13,NordicDerivatives-pretrade-2026-08-12T1724
2026-08-12,SAAB,37.20,37.10,674.77,04-Sep-26,23.0,37.33,Sep-26,37.0,37.12,165,NordicDerivatives-pretrade-2026-08-12T1724
2026-08-12,SAGAB,23.50,26.67,166.75,Aug-26,9.0,24.53,Sep-26,37.0,23.42,31,NordicDerivatives-pretrade-2026-08-12T1724
2026-08-12,SAND,27.20,27.11,365.66,04-Sep-26,23.0,27.35,Sep-26,37.0,27.11,128,NordicDerivatives-pretrade-2026-08-12T1724
2026-08-12,SAVE,21.78,23.22,357.02,Aug-26,9.0,17.57,Sep-26,37.0,22.09,26,NordicDerivatives-pretrade-2026-08-12T1724
2026-08-12,SCAB,21.21,21.39,109.50,Aug-26,9.0,19.21,Sep-26,37.0,21.36,85,NordicDerivatives-pretrade-2026-08-12T1724
2026-08-12,SEBA,16.78,16.50,221.85,Sep-26,37.0,17.88,Dec-26,128.0,20.86,81,NordicDerivatives-pretrade-2026-08-12T1724
2026-08-12,SECUB,15.92,18.40,147.99,Sep-26,37.0,17.52,Oct-26,65.0,20.15,48,NordicDerivatives-pretrade-2026-08-12T1724
2026-08-12,SHBA,14.74,15.17,147.49,Sep-26,37.0,15.91,Oct-26,65.0,17.87,76,NordicDerivatives-pretrade-2026-08-12T1724
2026-08-12,SINCH,39.30,39.35,42.44,Aug-26,9.0,38.06,Sep-26,37.0,39.40,117,NordicDerivatives-pretrade-2026-08-12T1724
2026-08-12,SIVE,191.76,167.09,41.95,Aug-26,9.0,209.63,Sep-26,37.0,190.23,176,NordicDerivatives-pretrade-2026-08-12T1724
2026-08-12,SKAB,20.41,20.02,267.02,Aug-26,9.0,20.12,Sep-26,37.0,20.43,112,NordicDerivatives-pretrade-2026-08-12T1724
2026-08-12,SKFB,24.91,23.93,259.92,Aug-26,9.0,21.13,Sep-26,37.0,25.19,96,NordicDerivatives-pretrade-2026-08-12T1724
2026-08-12,SOBI,24.77,25.42,446.30,Aug-26,9.0,23.68,Sep-26,37.0,24.86,71,NordicDerivatives-pretrade-2026-08-12T1724
2026-08-12,SSABA,32.76,31.45,104.15,Aug-26,9.0,31.97,Sep-26,37.0,32.83,128,NordicDerivatives-pretrade-2026-08-12T1724
2026-08-12,STER,29.77,28.61,106.80,Aug-26,9.0,29.07,Sep-26,37.0,29.83,50,NordicDerivatives-pretrade-2026-08-12T1724
2026-08-12,SWEDA,18.52,17.27,379.05,28-Aug-26,16.0,18.07,Sep-26,37.0,18.62,127,NordicDerivatives-pretrade-2026-08-12T1724
2026-08-12,TLSN,18.54,,43.20,Aug-26,9.0,13.13,Sep-26,37.0,18.91,69,NordicDerivatives-pretrade-2026-08-12T1724
2026-08-12,TRA,30.60,29.88,414.05,Aug-26,9.0,21.27,Sep-26,37.0,31.24,104,NordicDerivatives-pretrade-2026-08-12T1724
2026-08-12,TRELB,22.87,22.29,435.26,Aug-26,9.0,22.48,Sep-26,37.0,22.90,127,NordicDerivatives-pretrade-2026-08-12T1724
2026-08-12,VOLVB,23.00,23.86,344.24,04-Sep-26,23.0,21.10,Sep-26,37.0,24.10,181,NordicDerivatives-pretrade-2026-08-12T1724
2026-08-12,VSURE,34.19,37.57,9.54,Aug-26,9.0,40.00,Dec-26,128.0,32.06,47,NordicDerivatives-pretrade-2026-08-12T1724
2026-08-12,WRT,34.14,33.64,29.55,Sep-26,37.0,33.91,Oct-26,65.0,33.49,16,NordicDerivatives-pretrade-2026-08-12T1724
2026-08-13,ABB,25.52,24.80,982.80,04-Sep-26,22.0,24.48,Sep-26,36.0,25.99,183,NordicDerivatives-pretrade-2026-08-13T1724
2026-08-13,ADDTB,22.10,24.36,342.80,Aug-26,8.0,23.55,Sep-26,36.0,22.01,32,NordicDerivatives-pretrade-2026-08-13T1724
2026-08-13,ALFA,21.49,20.77,562.47,Aug-26,8.0,21.04,Sep-26,36.0,21.52,71,NordicDerivatives-pretrade-2026-08-13T1724
2026-08-13,ASSAB,17.38,19.17,360.30,Aug-26,8.0,17.33,Sep-26,36.0,17.38,20,NordicDerivatives-pretrade-2026-08-13T1724
2026-08-13,AXFO,15.15,,236.84,Sep-26,36.0,14.76,Oct-26,64.0,13.87,26,NordicDerivatives-pretrade-2026-08-13T1724
2026-08-13,AZN,25.98,26.66,1513.19,04-Sep-26,22.0,20.51,Sep-26,36.0,28.13,117,NordicDerivatives-pretrade-2026-08-13T1724
2026-08-13,BETSB,21.96,25.61,90.50,Sep-26,36.0,22.69,Oct-26,64.0,24.22,69,NordicDerivatives-pretrade-2026-08-13T1724
2026-08-13,BILL,25.69,24.41,76.69,Aug-26,8.0,25.67,Sep-26,36.0,25.69,94,NordicDerivatives-pretrade-2026-08-13T1724
2026-08-13,BOLI,37.16,38.10,527.11,04-Sep-26,22.0,36.54,Sep-26,36.0,37.43,143,NordicDerivatives-pretrade-2026-08-13T1724
2026-08-13,CAST,24.99,18.55,136.50,Aug-26,8.0,26.12,Sep-26,36.0,24.92,134,NordicDerivatives-pretrade-2026-08-13T1724
2026-08-13,DOM,27.20,38.93,24.52,Sep-26,36.0,32.62,Dec-26,127.0,47.17,54,NordicDerivatives-pretrade-2026-08-13T1724
2026-08-13,EKTAB,41.79,44.87,52.57,Sep-26,36.0,40.09,Oct-26,64.0,36.11,77,NordicDerivatives-pretrade-2026-08-13T1724
2026-08-13,ELUXB,75.50,37.40,30.43,Dec-26,127.0,49.48,Mar-27,218.0,45.04,28,NordicDerivatives-pretrade-2026-08-13T1724
2026-08-13,EMBRAC,34.49,44.62,72.13,Sep-26,36.0,33.60,Oct-26,64.0,31.56,16,NordicDerivatives-pretrade-2026-08-13T1724
2026-08-13,EPIA,27.61,26.98,249.60,Aug-26,8.0,27.64,Sep-26,36.0,27.61,99,NordicDerivatives-pretrade-2026-08-13T1724
2026-08-13,EQT,27.64,28.62,345.80,04-Sep-26,22.0,24.48,Sep-26,36.0,28.97,146,NordicDerivatives-pretrade-2026-08-13T1724
2026-08-13,ERICB,24.41,24.97,98.05,04-Sep-26,22.0,19.82,Sep-26,36.0,26.25,148,NordicDerivatives-pretrade-2026-08-13T1724
2026-08-13,ESSITB,16.44,16.30,277.47,Aug-26,8.0,16.15,Sep-26,36.0,16.46,69,NordicDerivatives-pretrade-2026-08-13T1724
2026-08-13,EVO,17.66,19.58,738.02,Aug-26,8.0,16.92,04-Sep-26,22.0,17.56,12,NordicDerivatives-pretrade-2026-08-13T1724
2026-08-13,GETIB,22.29,20.69,240.03,Sep-26,36.0,22.12,Oct-26,64.0,21.74,55,NordicDerivatives-pretrade-2026-08-13T1724
2026-08-13,HEXB,23.57,30.17,94.96,Aug-26,8.0,22.89,Sep-26,36.0,23.61,25,NordicDerivatives-pretrade-2026-08-13T1724
2026-08-13,HMB,21.45,20.79,175.64,04-Sep-26,22.0,20.11,Sep-26,36.0,22.03,119,NordicDerivatives-pretrade-2026-08-13T1724
2026-08-13,HOLMB,20.96,20.67,322.37,Aug-26,8.0,26.47,Sep-26,36.0,20.58,132,NordicDerivatives-pretrade-2026-08-13T1724
2026-08-13,INDUC,17.33,19.38,524.93,Aug-26,8.0,17.98,Sep-26,36.0,17.29,77,NordicDerivatives-pretrade-2026-08-13T1724
2026-08-13,INVEB,16.88,16.13,414.89,Aug-26,8.0,14.78,Sep-26,36.0,17.00,68,NordicDerivatives-pretrade-2026-08-13T1724
2026-08-13,KINB,26.83,28.53,56.63,Aug-26,8.0,23.88,Sep-26,36.0,27.00,85,NordicDerivatives-pretrade-2026-08-13T1724
2026-08-13,LUMI,43.95,46.40,243.85,Aug-26,8.0,46.93,Sep-26,36.0,43.76,86,NordicDerivatives-pretrade-2026-08-13T1724
2026-08-13,NCC,18.99,20.40,177.66,Sep-26,36.0,20.17,Oct-26,64.0,22.54,43,NordicDerivatives-pretrade-2026-08-13T1724
2026-08-13,NDASE,17.07,19.31,192.17,Aug-26,8.0,14.58,Oct-26,64.0,17.51,53,NordicDerivatives-pretrade-2026-08-13T1724
2026-08-13,OMXS30,17.78,13.26,3284.24,04-Sep-26,22.0,12.45,Sep-26,36.0,19.74,316,NordicDerivatives-pretrade-2026-08-13T1724
2026-08-13,SAAB,37.26,37.13,682.08,04-Sep-26,22.0,37.26,Sep-26,36.0,37.26,152,NordicDerivatives-pretrade-2026-08-13T1724
2026-08-13,SAGAB,21.26,26.69,164.90,Aug-26,8.0,21.85,Sep-26,36.0,21.22,21,NordicDerivatives-pretrade-2026-08-13T1724
2026-08-13,SAND,27.32,26.92,359.63,Aug-26,8.0,26.19,Sep-26,36.0,27.38,80,NordicDerivatives-pretrade-2026-08-13T1724
2026-08-13,SAVE,21.63,22.49,357.95,Aug-26,8.0,19.68,Sep-26,36.0,21.74,27,NordicDerivatives-pretrade-2026-08-13T1724
2026-08-13,SCAB,20.57,21.14,109.20,Aug-26,8.0,19.53,Sep-26,36.0,20.64,86,NordicDerivatives-pretrade-2026-08-13T1724
2026-08-13,SEBA,17.15,17.46,222.31,04-Sep-26,22.0,16.28,Oct-26,64.0,18.34,105,NordicDerivatives-pretrade-2026-08-13T1724
2026-08-13,SECUB,15.78,17.88,147.54,Sep-26,36.0,17.23,Oct-26,64.0,20.05,55,NordicDerivatives-pretrade-2026-08-13T1724
2026-08-13,SHBA,13.74,15.31,147.81,Sep-26,36.0,13.12,Oct-26,64.0,11.64,59,NordicDerivatives-pretrade-2026-08-13T1724
2026-08-13,SINCH,40.64,40.69,42.77,Aug-26,8.0,39.96,Sep-26,36.0,40.68,115,NordicDerivatives-pretrade-2026-08-13T1724
2026-08-13,SIVE,213.13,169.65,40.32,Aug-26,8.0,232.21,Sep-26,36.0,211.92,241,NordicDerivatives-pretrade-2026-08-13T1724
2026-08-13,SKAB,20.26,20.14,267.40,Aug-26,8.0,19.21,Sep-26,36.0,20.32,84,NordicDerivatives-pretrade-2026-08-13T1724
2026-08-13,SKFB,25.53,24.30,261.75,Aug-26,8.0,24.43,Sep-26,36.0,25.60,112,NordicDerivatives-pretrade-2026-08-13T1724
2026-08-13,SOBI,24.61,25.32,448.12,Aug-26,8.0,23.15,Sep-26,36.0,24.69,70,NordicDerivatives-pretrade-2026-08-13T1724
2026-08-13,SSABA,31.01,30.64,106.85,Aug-26,8.0,29.67,Sep-26,36.0,31.09,119,NordicDerivatives-pretrade-2026-08-13T1724
2026-08-13,STER,20.37,,107.65,28-Aug-26,15.0,25.56,Sep-26,36.0,19.37,32,NordicDerivatives-pretrade-2026-08-13T1724
2026-08-13,SWEDA,18.47,17.25,380.53,28-Aug-26,15.0,17.62,Sep-26,36.0,18.60,141,NordicDerivatives-pretrade-2026-08-13T1724
2026-08-13,TLSN,20.66,19.34,43.41,Aug-26,8.0,19.88,Sep-26,36.0,20.71,112,NordicDerivatives-pretrade-2026-08-13T1724
2026-08-13,TRA,31.12,30.25,409.63,Aug-26,8.0,27.11,Sep-26,36.0,31.34,111,NordicDerivatives-pretrade-2026-08-13T1724
2026-08-13,TRELB,22.76,22.42,436.75,Aug-26,8.0,22.00,Sep-26,36.0,22.81,128,NordicDerivatives-pretrade-2026-08-13T1724
2026-08-13,VOLVB,23.29,23.06,340.10,04-Sep-26,22.0,21.12,Sep-26,36.0,24.22,176,NordicDerivatives-pretrade-2026-08-13T1724
2026-08-13,VSURE,36.87,36.57,9.36,Aug-26,8.0,45.00,Sep-26,36.0,36.31,80,NordicDerivatives-pretrade-2026-08-13T1724
2026-08-14,ABB,19.50,24.80,970.97,28-Aug-26,14.0,14.87,Sep-26,35.0,20.01,126,NordicDerivatives-pretrade-2026-08-14T1724
2026-08-14,ADDTB,22.99,23.79,342.52,Aug-26,7.0,22.91,Sep-26,35.0,22.99,37,NordicDerivatives-pretrade-2026-08-14T1724
2026-08-14,ALFA,19.72,20.79,557.50,Aug-26,7.0,19.68,Sep-26,35.0,19.72,35,NordicDerivatives-pretrade-2026-08-14T1724
2026-08-14,ASSAB,17.48,19.06,355.99,Aug-26,7.0,16.25,Sep-26,35.0,17.53,55,NordicDerivatives-pretrade-2026-08-14T1724
2026-08-14,ATCOA,22.79,22.43,208.05,11-Sep-26,28.0,22.23,Sep-26,35.0,23.87,179,NordicDerivatives-pretrade-2026-08-14T1724
2026-08-14,AXFO,20.06,21.05,237.20,Aug-26,7.0,15.13,Sep-26,35.0,20.25,100,NordicDerivatives-pretrade-2026-08-14T1724
2026-08-14,AZN,25.92,27.67,1479.36,11-Sep-26,28.0,24.80,Sep-26,35.0,28.02,186,NordicDerivatives-pretrade-2026-08-14T1724
2026-08-14,BILL,25.77,24.50,75.67,Aug-26,7.0,25.23,Sep-26,35.0,25.79,90,NordicDerivatives-pretrade-2026-08-14T1724
2026-08-14,BOLI,37.12,37.04,523.98,11-Sep-26,28.0,35.84,Sep-26,35.0,39.56,184,NordicDerivatives-pretrade-2026-08-14T1724
2026-08-14,CAST,25.00,18.40,135.97,Aug-26,7.0,26.38,Sep-26,35.0,24.93,131,NordicDerivatives-pretrade-2026-08-14T1724
2026-08-14,DOM,27.35,37.92,24.25,Sep-26,35.0,31.82,Dec-26,126.0,46.46,55,NordicDerivatives-pretrade-2026-08-14T1724
2026-08-14,EKTAB,41.66,44.99,52.95,Sep-26,35.0,39.67,Oct-26,63.0,33.79,72,NordicDerivatives-pretrade-2026-08-14T1724
2026-08-14,ELUXB,29.34,42.00,29.25,Sep-26,35.0,33.15,Dec-26,126.0,46.13,65,NordicDerivatives-pretrade-2026-08-14T1724
2026-08-14,EPIA,27.31,26.31,249.23,Aug-26,7.0,26.77,Sep-26,35.0,27.33,96,NordicDerivatives-pretrade-2026-08-14T1724
2026-08-14,EQT,30.66,30.70,342.71,04-Sep-26,21.0,29.18,Sep-26,35.0,31.14,171,NordicDerivatives-pretrade-2026-08-14T1724
2026-08-14,ERICB,24.80,24.32,97.56,11-Sep-26,28.0,24.55,Sep-26,35.0,25.30,194,NordicDerivatives-pretrade-2026-08-14T1724
2026-08-14,ESSITB,15.24,15.12,278.14,Sep-26,35.0,16.53,Oct-26,63.0,19.56,68,NordicDerivatives-pretrade-2026-08-14T1724
2026-08-14,GETIB,20.93,20.30,240.72,Sep-26,35.0,21.27,Oct-26,63.0,22.15,54,NordicDerivatives-pretrade-2026-08-14T1724
2026-08-14,HEXB,24.08,,95.20,Aug-26,7.0,22.68,Oct-26,63.0,24.29,38,NordicDerivatives-pretrade-2026-08-14T1724
2026-08-14,HMB,21.66,20.83,174.78,04-Sep-26,21.0,20.25,Sep-26,35.0,22.11,141,NordicDerivatives-pretrade-2026-08-14T1724
2026-08-14,HOLMB,22.03,20.48,319.30,Aug-26,7.0,26.97,Sep-26,35.0,21.79,163,NordicDerivatives-pretrade-2026-08-14T1724
2026-08-14,INDUC,20.80,19.85,517.60,Aug-26,7.0,18.89,Sep-26,35.0,20.88,119,NordicDerivatives-pretrade-2026-08-14T1724
2026-08-14,INVEB,16.05,16.85,412.89,Aug-26,7.0,12.50,Oct-26,63.0,16.54,43,NordicDerivatives-pretrade-2026-08-14T1724
2026-08-14,KINB,24.48,25.67,58.28,Sep-26,35.0,27.27,Oct-26,63.0,33.58,78,NordicDerivatives-pretrade-2026-08-14T1724
2026-08-14,LATOB,25.59,24.42,193.52,Aug-26,7.0,30.01,Sep-26,35.0,25.38,49,NordicDerivatives-pretrade-2026-08-14T1724
2026-08-14,LUMI,44.19,45.33,241.19,Aug-26,7.0,47.66,Sep-26,35.0,44.03,119,NordicDerivatives-pretrade-2026-08-14T1724
2026-08-14,NCC,17.99,20.72,177.65,Aug-26,7.0,18.05,Sep-26,35.0,17.99,60,NordicDerivatives-pretrade-2026-08-14T1724
2026-08-14,NDASE,12.97,9.46,193.24,Dec-26,126.0,20.29,Mar-27,217.0,21.06,63,NordicDerivatives-pretrade-2026-08-14T1724
2026-08-14,NEWAB,39.00,38.04,92.40,Aug-26,7.0,71.89,Sep-26,35.0,36.91,118,NordicDerivatives-pretrade-2026-08-14T1724
2026-08-14,NIBE,132.62,,38.56,Jun-27,308.0,39.36,Dec-27,490.0,30.10,25,NordicDerivatives-pretrade-2026-08-14T1724
2026-08-14,OCTV,68.02,45.46,182.63,Dec-26,126.0,40.26,Mar-27,217.0,35.03,37,NordicDerivatives-pretrade-2026-08-14T1724
2026-08-14,OMXS30,15.95,12.77,3270.49,11-Sep-26,28.0,11.17,Sep-26,35.0,22.66,356,NordicDerivatives-pretrade-2026-08-14T1724
2026-08-14,SAAB,33.42,37.88,694.13,11-Sep-26,28.0,30.80,Sep-26,35.0,38.14,170,NordicDerivatives-pretrade-2026-08-14T1724
2026-08-14,SAGAB,24.23,27.17,163.75,Aug-26,7.0,27.28,Sep-26,35.0,24.09,32,NordicDerivatives-pretrade-2026-08-14T1724
2026-08-14,SAND,26.83,26.77,358.52,11-Sep-26,28.0,26.70,Sep-26,35.0,27.09,150,NordicDerivatives-pretrade-2026-08-14T1724
2026-08-14,SAVE,21.18,21.99,364.99,Aug-26,7.0,17.72,Sep-26,35.0,21.31,24,NordicDerivatives-pretrade-2026-08-14T1724
2026-08-14,SCAB,21.01,21.09,108.43,Aug-26,7.0,19.28,Sep-26,35.0,21.08,83,NordicDerivatives-pretrade-2026-08-14T1724
2026-08-14,SEBA,19.12,16.71,222.52,Sep-26,35.0,19.43,Dec-26,126.0,20.71,96,NordicDerivatives-pretrade-2026-08-14T1724
2026-08-14,SECUB,16.41,17.94,147.38,Sep-26,35.0,17.33,Oct-26,63.0,19.58,50,NordicDerivatives-pretrade-2026-08-14T1724
2026-08-14,SHBA,15.42,15.11,148.18,Sep-26,35.0,15.78,Oct-26,63.0,16.71,68,NordicDerivatives-pretrade-2026-08-14T1724
2026-08-14,SINCH,40.24,38.37,44.33,Aug-26,7.0,40.22,Sep-26,35.0,40.24,121,NordicDerivatives-pretrade-2026-08-14T1724
2026-08-14,SIVE,193.53,166.58,41.36,Aug-26,7.0,216.04,Sep-26,35.0,192.49,184,NordicDerivatives-pretrade-2026-08-14T1724
2026-08-14,SKAB,19.77,19.35,267.30,Aug-26,7.0,18.28,Sep-26,35.0,19.84,93,NordicDerivatives-pretrade-2026-08-14T1724
2026-08-14,SKFB,25.25,24.04,261.27,Aug-26,7.0,23.80,Sep-26,35.0,25.31,104,NordicDerivatives-pretrade-2026-08-14T1724
2026-08-14,SOBI,24.25,25.14,440.42,Aug-26,7.0,23.14,Sep-26,35.0,24.30,66,NordicDerivatives-pretrade-2026-08-14T1724
2026-08-14,SSABA,27.33,29.92,106.98,Aug-26,7.0,31.51,Sep-26,35.0,27.14,70,NordicDerivatives-pretrade-2026-08-14T1724
2026-08-14,STER,30.08,27.91,105.55,Aug-26,7.0,26.59,Sep-26,35.0,30.22,117,NordicDerivatives-pretrade-2026-08-14T1724
2026-08-14,SWEDA,17.68,17.20,379.01,11-Sep-26,28.0,17.34,Sep-26,35.0,18.36,170,NordicDerivatives-pretrade-2026-08-14T1724
2026-08-14,TLSN,13.96,18.62,43.90,Sep-26,35.0,13.93,Oct-26,63.0,13.87,82,NordicDerivatives-pretrade-2026-08-14T1724
2026-08-14,TRA,31.08,29.74,405.66,Sep-26,35.0,31.31,Oct-26,63.0,31.94,87,NordicDerivatives-pretrade-2026-08-14T1724
2026-08-14,TRELB,21.45,21.75,434.20,Aug-26,7.0,15.81,Sep-26,35.0,21.66,63,NordicDerivatives-pretrade-2026-08-14T1724
2026-08-14,VOLVB,22.41,23.01,339.50,11-Sep-26,28.0,21.68,Sep-26,35.0,23.81,169,NordicDerivatives-pretrade-2026-08-14T1724
2026-08-14,VSURE,37.35,34.36,9.47,Aug-26,7.0,39.98,Sep-26,35.0,37.23,86,NordicDerivatives-pretrade-2026-08-14T1724
2026-08-17,AAK,20.90,21.23,191.93,Sep-26,32.0,20.70,Oct-26,60.0,19.29,28,NordicDerivatives-pretrade-2026-08-17T1724
2026-08-17,ABB,25.61,25.20,975.87,11-Sep-26,25.0,25.08,Sep-26,32.0,25.78,190,NordicDerivatives-pretrade-2026-08-17T1724
2026-08-17,ADDTB,24.50,24.82,335.03,Sep-26,32.0,24.20,Oct-26,60.0,21.97,20,NordicDerivatives-pretrade-2026-08-17T1724
2026-08-17,ALFA,21.50,21.17,559.17,Sep-26,32.0,21.48,Oct-26,60.0,21.30,38,NordicDerivatives-pretrade-2026-08-17T1724
2026-08-17,ASSAB,20.02,19.80,352.15,Sep-26,32.0,19.78,Oct-26,60.0,18.05,32,NordicDerivatives-pretrade-2026-08-17T1724
2026-08-17,AXFO,1.05,,231.65,Oct-26,60.0,18.80,Dec-26,123.0,23.11,31,NordicDerivatives-pretrade-2026-08-17T1724
2026-08-17,AZN,26.41,27.35,1486.46,11-Sep-26,25.0,23.17,Sep-26,32.0,27.34,111,NordicDerivatives-pretrade-2026-08-17T1724
2026-08-17,BETSB,21.82,22.48,93.28,Sep-26,32.0,21.46,Oct-26,60.0,18.72,73,NordicDerivatives-pretrade-2026-08-17T1724
2026-08-17,BILL,26.10,24.57,75.45,Sep-26,32.0,26.18,Oct-26,60.0,26.74,121,NordicDerivatives-pretrade-2026-08-17T1724
2026-08-17,BOLI,38.52,37.90,529.15,11-Sep-26,25.0,34.27,Sep-26,32.0,39.76,161,NordicDerivatives-pretrade-2026-08-17T1724
2026-08-17,CAST,26.35,18.93,135.10,Sep-26,32.0,25.75,Oct-26,60.0,21.03,138,NordicDerivatives-pretrade-2026-08-17T1724
2026-08-17,DOM,29.94,43.74,23.74,Sep-26,32.0,31.59,Dec-26,123.0,46.09,61,NordicDerivatives-pretrade-2026-08-17T1724
2026-08-17,EKTAB,41.95,46.87,52.73,Sep-26,32.0,41.14,Oct-26,60.0,34.96,61,NordicDerivatives-pretrade-2026-08-17T1724
2026-08-17,ELUXB,34.13,40.50,28.71,Sep-26,32.0,34.65,Oct-26,60.0,38.12,82,NordicDerivatives-pretrade-2026-08-17T1724
2026-08-17,EPIA,27.22,26.14,250.64,Sep-26,32.0,27.34,Oct-26,60.0,28.18,103,NordicDerivatives-pretrade-2026-08-17T1724
2026-08-17,EQT,32.00,32.51,335.80,11-Sep-26,25.0,31.40,Sep-26,32.0,32.18,172,NordicDerivatives-pretrade-2026-08-17T1724
2026-08-17,ERICB,25.55,24.87,97.05,11-Sep-26,25.0,25.07,Sep-26,32.0,25.70,191,NordicDerivatives-pretrade-2026-08-17T1724
2026-08-17,ESSITB,18.03,16.99,269.59,Sep-26,32.0,17.98,Oct-26,60.0,17.68,79,NordicDerivatives-pretrade-2026-08-17T1724
2026-08-17,EVO,22.78,22.37,784.68,Sep-26,32.0,22.87,Oct-26,60.0,23.51,85,NordicDerivatives-pretrade-2026-08-17T1724
2026-08-17,GETIB,20.46,20.94,239.51,Sep-26,32.0,20.76,Oct-26,60.0,22.72,70,NordicDerivatives-pretrade-2026-08-17T1724
2026-08-17,HEXB,21.04,30.12,94.84,Sep-26,32.0,21.75,Dec-26,123.0,28.38,28,NordicDerivatives-pretrade-2026-08-17T1724
2026-08-17,HMB,22.70,20.24,173.17,Sep-26,32.0,22.51,Oct-26,60.0,21.13,134,NordicDerivatives-pretrade-2026-08-17T1724
2026-08-17,HOLMB,21.00,20.90,315.55,Sep-26,32.0,20.94,Oct-26,60.0,20.55,130,NordicDerivatives-pretrade-2026-08-17T1724
2026-08-17,INDUC,18.63,19.90,520.12,Sep-26,32.0,18.65,Oct-26,60.0,18.77,69,NordicDerivatives-pretrade-2026-08-17T1724
2026-08-17,INVEB,14.89,16.07,411.82,Sep-26,32.0,15.27,Oct-26,60.0,17.71,56,NordicDerivatives-pretrade-2026-08-17T1724
2026-08-17,JM,22.26,33.01,126.60,Sep-26,32.0,23.48,Nov-26,95.0,33.26,17,NordicDerivatives-pretrade-2026-08-17T1724
2026-08-17,KINB,26.70,29.00,56.94,Sep-26,32.0,27.01,Oct-26,60.0,29.09,72,NordicDerivatives-pretrade-2026-08-17T1724
2026-08-17,LATOB,25.83,24.96,189.71,Sep-26,32.0,25.81,Oct-26,60.0,25.64,47,NordicDerivatives-pretrade-2026-08-17T1724
2026-08-17,LUMI,44.61,45.88,246.72,Sep-26,32.0,44.18,Oct-26,60.0,41.00,79,NordicDerivatives-pretrade-2026-08-17T1724
2026-08-17,NCC,22.04,20.77,176.95,Sep-26,32.0,22.20,Oct-26,60.0,23.28,53,NordicDerivatives-pretrade-2026-08-17T1724
2026-08-17,NDASE,17.03,16.91,191.67,Sep-26,32.0,17.52,Oct-26,60.0,20.66,63,NordicDerivatives-pretrade-2026-08-17T1724
2026-08-17,NEWAB,39.42,38.16,92.20,Sep-26,32.0,38.59,Oct-26,60.0,32.21,70,NordicDerivatives-pretrade-2026-08-17T1724
2026-08-17,NOBA,30.55,37.26,89.60,Sep-26,32.0,30.68,Oct-26,60.0,31.58,43,NordicDerivatives-pretrade-2026-08-17T1724
2026-08-17,OCTV,23.04,36.59,169.30,Sep-26,32.0,23.56,Oct-26,60.0,26.94,62,NordicDerivatives-pretrade-2026-08-17T1724
2026-08-17,OMXS30,15.75,13.25,3265.23,11-Sep-26,25.0,12.79,Sep-26,32.0,16.57,404,NordicDerivatives-pretrade-2026-08-17T1724
2026-08-17,ORNB,31.40,37.61,77.90,Nov-26,95.0,28.95,Dec-26,123.0,28.68,13,NordicDerivatives-pretrade-2026-08-17T1724
2026-08-17,SAAB,37.21,38.26,691.55,11-Sep-26,25.0,33.76,Sep-26,32.0,38.22,172,NordicDerivatives-pretrade-2026-08-17T1724
2026-08-17,SAGAB,24.89,27.57,163.85,Sep-26,32.0,24.90,Oct-26,60.0,24.98,26,NordicDerivatives-pretrade-2026-08-17T1724
2026-08-17,SAND,27.28,27.01,361.21,11-Sep-26,25.0,27.02,Sep-26,32.0,27.36,143,NordicDerivatives-pretrade-2026-08-17T1724
2026-08-17,SAVE,20.75,22.30,369.85,Sep-26,32.0,20.87,Oct-26,60.0,21.70,21,NordicDerivatives-pretrade-2026-08-17T1724
2026-08-17,SCAB,21.11,22.08,107.41,Sep-26,32.0,21.31,Oct-26,60.0,22.70,85,NordicDerivatives-pretrade-2026-08-17T1724
2026-08-17,SEBA,17.85,17.72,221.43,Sep-26,32.0,17.77,Oct-26,60.0,17.22,102,NordicDerivatives-pretrade-2026-08-17T1724
2026-08-17,SECUB,18.23,18.76,146.67,Sep-26,32.0,17.78,Oct-26,60.0,14.23,56,NordicDerivatives-pretrade-2026-08-17T1724
2026-08-17,SHBA,15.82,15.07,148.51,Sep-26,32.0,15.73,Oct-26,60.0,15.11,72,NordicDerivatives-pretrade-2026-08-17T1724
2026-08-17,SINCH,39.05,38.19,43.59,Sep-26,32.0,38.99,Oct-26,60.0,38.56,111,NordicDerivatives-pretrade-2026-08-17T1724
2026-08-17,SIVE,200.25,168.26,39.79,Sep-26,32.0,195.41,Oct-26,60.0,157.39,128,NordicDerivatives-pretrade-2026-08-17T1724
2026-08-17,SKAB,19.68,19.29,265.98,Sep-26,32.0,19.83,Oct-26,60.0,20.86,104,NordicDerivatives-pretrade-2026-08-17T1724
2026-08-17,SKFB,25.23,23.52,265.54,Sep-26,32.0,25.35,Oct-26,60.0,26.22,95,NordicDerivatives-pretrade-2026-08-17T1724
2026-08-17,SOBI,23.54,24.03,456.51,Sep-26,32.0,23.74,Oct-26,60.0,25.13,69,NordicDerivatives-pretrade-2026-08-17T1724
2026-08-17,SSABA,31.07,30.44,107.82,Sep-26,32.0,31.09,Oct-26,60.0,31.24,131,NordicDerivatives-pretrade-2026-08-17T1724
2026-08-17,SSABB,23.19,30.08,108.73,Sep-26,32.0,23.78,Oct-26,60.0,27.53,15,NordicDerivatives-pretrade-2026-08-17T1724
2026-08-17,STER,20.21,27.92,104.00,28-Aug-26,11.0,27.39,Sep-26,32.0,19.90,93,NordicDerivatives-pretrade-2026-08-17T1724
2026-08-17,SWEDA,18.36,17.45,379.76,11-Sep-26,25.0,17.88,Sep-26,32.0,18.51,190,NordicDerivatives-pretrade-2026-08-17T1724
2026-08-17,TLSN,20.54,19.20,43.48,Sep-26,32.0,20.51,Oct-26,60.0,20.23,93,NordicDerivatives-pretrade-2026-08-17T1724
2026-08-17,TRA,31.89,30.57,407.35,Sep-26,32.0,31.95,Oct-26,60.0,32.39,84,NordicDerivatives-pretrade-2026-08-17T1724
2026-08-17,TRELB,22.00,21.65,435.41,Sep-26,32.0,21.94,Oct-26,60.0,21.45,73,NordicDerivatives-pretrade-2026-08-17T1724
2026-08-17,VOLVB,23.60,23.06,341.65,11-Sep-26,25.0,22.67,Sep-26,32.0,23.89,205,NordicDerivatives-pretrade-2026-08-17T1724
2026-08-17,VSURE,39.99,37.07,9.21,Sep-26,32.0,39.51,Oct-26,60.0,36.01,85,NordicDerivatives-pretrade-2026-08-17T1724
2026-08-17,WRT,33.32,33.52,30.40,Sep-26,32.0,33.31,Oct-26,60.0,33.20,18,NordicDerivatives-pretrade-2026-08-17T1724
2026-08-18,AAK,16.48,20.25,192.19,Sep-26,31.0,16.71,Oct-26,59.0,19.71,25,NordicDerivatives-pretrade-2026-08-18T1724
2026-08-18,ABB,26.95,26.71,942.26,11-Sep-26,24.0,26.13,Sep-26,31.0,27.05,189,NordicDerivatives-pretrade-2026-08-18T1724
2026-08-18,ADDTB,22.55,25.68,332.84,Sep-26,31.0,22.66,Oct-26,59.0,24.13,21,NordicDerivatives-pretrade-2026-08-18T1724
2026-08-18,ALFA,21.25,21.51,551.70,Sep-26,31.0,21.20,Oct-26,59.0,20.54,45,NordicDerivatives-pretrade-2026-08-18T1724
2026-08-18,ASSAB,21.01,20.18,346.83,Sep-26,31.0,21.04,Oct-26,59.0,21.54,52,NordicDerivatives-pretrade-2026-08-18T1724
2026-08-18,ATCOA,19.89,23.31,202.54,Sep-26,31.0,20.16,Oct-26,59.0,23.68,131,NordicDerivatives-pretrade-2026-08-18T1724
2026-08-18,AZN,22.43,27.25,1527.27,11-Sep-26,24.0,24.65,Sep-26,31.0,22.12,120,NordicDerivatives-pretrade-2026-08-18T1724
2026-08-18,BETSB,19.57,22.56,91.42,Sep-26,31.0,19.66,Oct-26,59.0,20.94,82,NordicDerivatives-pretrade-2026-08-18T1724
2026-08-18,BILL,27.34,24.79,75.14,Sep-26,31.0,27.36,Oct-26,59.0,27.59,120,NordicDerivatives-pretrade-2026-08-18T1724
2026-08-18,BOLI,35.03,38.24,518.66,04-Sep-26,17.0,37.22,Sep-26,31.0,34.93,108,NordicDerivatives-pretrade-2026-08-18T1724
2026-08-18,CAST,26.19,19.54,135.43,Sep-26,31.0,25.87,Oct-26,59.0,20.92,120,NordicDerivatives-pretrade-2026-08-18T1724
2026-08-18,DOM,29.90,40.62,23.23,Sep-26,31.0,30.65,Nov-26,94.0,43.13,77,NordicDerivatives-pretrade-2026-08-18T1724
2026-08-18,EKTAB,40.21,43.52,54.07,Sep-26,31.0,39.81,Oct-26,59.0,33.64,67,NordicDerivatives-pretrade-2026-08-18T1724
2026-08-18,ELUXB,34.16,44.07,28.14,Sep-26,31.0,35.07,Nov-26,94.0,50.00,73,NordicDerivatives-pretrade-2026-08-18T1724
2026-08-18,EMBRAC,40.33,35.79,75.10,Sep-26,31.0,40.33,Oct-26,59.0,40.34,99,NordicDerivatives-pretrade-2026-08-18T1724
2026-08-18,EPIA,27.13,26.92,247.80,Sep-26,31.0,27.22,Oct-26,59.0,28.44,101,NordicDerivatives-pretrade-2026-08-18T1724
2026-08-18,EQT,26.74,33.20,336.50,11-Sep-26,24.0,27.95,Sep-26,31.0,26.58,85,NordicDerivatives-pretrade-2026-08-18T1724
2026-08-18,ERICB,20.41,24.76,96.52,11-Sep-26,24.0,24.08,Sep-26,31.0,19.89,106,NordicDerivatives-pretrade-2026-08-18T1724
2026-08-18,ESSITB,17.58,16.61,271.10,Sep-26,31.0,17.59,Oct-26,59.0,17.80,89,NordicDerivatives-pretrade-2026-08-18T1724
2026-08-18,EVO,21.84,22.64,785.03,Sep-26,31.0,21.99,Oct-26,59.0,24.08,91,NordicDerivatives-pretrade-2026-08-18T1724
2026-08-18,GETIB,13.95,,241.53,Oct-26,59.0,21.79,Nov-26,94.0,24.14,71,NordicDerivatives-pretrade-2026-08-18T1724
2026-08-18,HEXB,21.80,29.57,94.90,Sep-26,31.0,22.40,Nov-26,94.0,32.11,71,NordicDerivatives-pretrade-2026-08-18T1724
2026-08-18,HMB,21.53,21.06,179.20,11-Sep-26,24.0,21.01,Sep-26,31.0,21.59,119,NordicDerivatives-pretrade-2026-08-18T1724
2026-08-18,HOLMB,16.59,20.66,315.95,Sep-26,31.0,16.46,Oct-26,59.0,14.43,54,NordicDerivatives-pretrade-2026-08-18T1724
2026-08-18,INDUC,17.16,19.97,518.84,Sep-26,31.0,17.20,Oct-26,59.0,17.78,74,NordicDerivatives-pretrade-2026-08-18T1724
2026-08-18,INVEB,16.57,15.92,411.48,Sep-26,31.0,16.70,Oct-26,59.0,18.45,72,NordicDerivatives-pretrade-2026-08-18T1724
2026-08-18,KINB,26.47,28.66,56.80,Sep-26,31.0,26.97,Oct-26,59.0,33.24,101,NordicDerivatives-pretrade-2026-08-18T1724
2026-08-18,LUMI,44.51,46.32,240.86,Sep-26,31.0,44.42,Oct-26,59.0,43.25,82,NordicDerivatives-pretrade-2026-08-18T1724
2026-08-18,NCC,17.06,21.43,174.59,Sep-26,31.0,17.44,Oct-26,59.0,22.25,45,NordicDerivatives-pretrade-2026-08-18T1724
2026-08-18,NDASE,60.65,,192.87,Mar-27,213.0,21.48,Jun-27,304.0,17.42,23,NordicDerivatives-pretrade-2026-08-18T1724
2026-08-18,NESTE,33.89,34.67,31.08,Sep-26,31.0,33.90,Oct-26,59.0,34.12,19,NordicDerivatives-pretrade-2026-08-18T1724
2026-08-18,NEWAB,34.41,37.70,93.49,Sep-26,31.0,34.25,Oct-26,59.0,31.90,79,NordicDerivatives-pretrade-2026-08-18T1724
2026-08-18,NIBE,43.03,43.64,38.05,Sep-26,31.0,42.15,Oct-26,59.0,26.60,51,NordicDerivatives-pretrade-2026-08-18T1724
2026-08-18,OMXS30,20.03,14.08,3244.26,11-Sep-26,24.0,13.80,Sep-26,31.0,20.70,373,NordicDerivatives-pretrade-2026-08-18T1724
2026-08-18,SAAB,37.39,37.62,688.17,11-Sep-26,24.0,34.97,Sep-26,31.0,37.69,198,NordicDerivatives-pretrade-2026-08-18T1724
2026-08-18,SAVE,20.93,22.14,364.66,Sep-26,31.0,20.99,Oct-26,59.0,21.80,34,NordicDerivatives-pretrade-2026-08-18T1724
2026-08-18,SCAB,21.53,22.02,107.80,Sep-26,31.0,21.62,Oct-26,59.0,22.93,88,NordicDerivatives-pretrade-2026-08-18T1724
2026-08-18,SEBA,17.09,18.04,220.30,11-Sep-26,24.0,17.40,Sep-26,31.0,17.05,124,NordicDerivatives-pretrade-2026-08-18T1724
2026-08-18,SECUB,17.38,19.05,145.13,Sep-26,31.0,17.43,Oct-26,59.0,18.10,64,NordicDerivatives-pretrade-2026-08-18T1724
2026-08-18,SHBA,5.09,,148.29,Oct-26,59.0,16.02,Nov-26,94.0,18.58,61,NordicDerivatives-pretrade-2026-08-18T1724
2026-08-18,SINCH,39.28,39.14,44.02,Sep-26,31.0,39.35,Oct-26,59.0,40.40,116,NordicDerivatives-pretrade-2026-08-18T1724
2026-08-18,SKAB,20.17,19.89,262.91,Sep-26,31.0,20.19,Oct-26,59.0,20.50,71,NordicDerivatives-pretrade-2026-08-18T1724
2026-08-18,SKFB,25.62,24.03,260.36,Sep-26,31.0,25.66,Oct-26,59.0,26.27,93,NordicDerivatives-pretrade-2026-08-18T1724
2026-08-18,SOBI,21.44,24.18,466.05,Sep-26,31.0,21.60,Oct-26,59.0,23.75,50,NordicDerivatives-pretrade-2026-08-18T1724
2026-08-18,SSABA,30.92,30.73,105.01,Sep-26,31.0,31.00,Oct-26,59.0,32.15,128,NordicDerivatives-pretrade-2026-08-18T1724
2026-08-18,STER,29.45,28.24,103.43,Sep-26,31.0,29.46,Oct-26,59.0,29.63,94,NordicDerivatives-pretrade-2026-08-18T1724
2026-08-18,SWEDA,18.27,17.48,378.23,11-Sep-26,24.0,17.99,Sep-26,31.0,18.31,184,NordicDerivatives-pretrade-2026-08-18T1724
2026-08-18,TLSN,17.92,18.46,43.77,11-Sep-26,24.0,15.26,Sep-26,31.0,18.23,152,NordicDerivatives-pretrade-2026-08-18T1724
2026-08-18,TRA,32.09,30.78,405.56,Sep-26,31.0,32.09,Oct-26,59.0,32.10,86,NordicDerivatives-pretrade-2026-08-18T1724
2026-08-18,TRELB,23.10,22.28,427.90,Sep-26,31.0,23.14,Oct-26,59.0,23.77,134,NordicDerivatives-pretrade-2026-08-18T1724
2026-08-18,VOLVB,22.96,23.76,339.62,11-Sep-26,24.0,20.17,Sep-26,31.0,23.29,169,NordicDerivatives-pretrade-2026-08-18T1724
2026-08-18,VSURE,36.31,35.77,9.21,Sep-26,31.0,36.25,Nov-26,94.0,35.04,59,NordicDerivatives-pretrade-2026-08-18T1724
2026-08-19,ABB,26.94,26.16,946.73,Sep-26,30.0,26.94,Oct-26,58.0,25.74,167,NordicDerivatives-pretrade-2026-08-19T1724
2026-08-19,ALFA,22.33,16.40,547.83,Oct-26,58.0,20.53,Dec-26,121.0,19.46,29,NordicDerivatives-pretrade-2026-08-19T1724
2026-08-19,ASSAB,20.72,20.18,348.43,Sep-26,30.0,20.72,Oct-26,58.0,21.64,83,NordicDerivatives-pretrade-2026-08-19T1724
2026-08-19,ATCOA,22.47,23.05,199.67,Sep-26,30.0,22.47,Oct-26,58.0,23.03,126,NordicDerivatives-pretrade-2026-08-19T1724
2026-08-19,AXFO,19.15,20.75,235.51,Sep-26,30.0,19.15,Oct-26,58.0,17.45,90,NordicDerivatives-pretrade-2026-08-19T1724
2026-08-19,AZN,25.40,29.95,1554.40,Sep-26,30.0,25.40,Oct-26,58.0,26.38,98,NordicDerivatives-pretrade-2026-08-19T1724
2026-08-19,BETSB,20.91,22.46,91.95,Sep-26,30.0,20.91,Nov-26,93.0,33.86,77,NordicDerivatives-pretrade-2026-08-19T1724
2026-08-19,BILL,27.95,25.23,74.56,Sep-26,30.0,27.95,Oct-26,58.0,27.81,120,NordicDerivatives-pretrade-2026-08-19T1724
2026-08-19,BOLI,40.84,39.81,533.15,Sep-26,30.0,40.84,Oct-26,58.0,36.91,158,NordicDerivatives-pretrade-2026-08-19T1724
2026-08-19,CAST,26.16,18.82,135.10,Sep-26,30.0,26.16,Oct-26,58.0,21.73,133,NordicDerivatives-pretrade-2026-08-19T1724
2026-08-19,DOM,30.33,42.02,23.78,Sep-26,30.0,30.33,Oct-26,58.0,37.81,87,NordicDerivatives-pretrade-2026-08-19T1724
2026-08-19,EKTAB,39.67,42.81,55.08,Sep-26,30.0,39.67,Oct-26,58.0,32.83,71,NordicDerivatives-pretrade-2026-08-19T1724
2026-08-19,ELUXB,35.97,41.13,28.28,Sep-26,30.0,35.97,Oct-26,58.0,36.19,84,NordicDerivatives-pretrade-2026-08-19T1724
2026-08-19,EPIA,27.45,26.29,249.25,Sep-26,30.0,27.45,Oct-26,58.0,28.22,106,NordicDerivatives-pretrade-2026-08-19T1724
2026-08-19,EQT,30.47,32.54,339.95,Sep-26,30.0,30.47,Oct-26,58.0,33.65,141,NordicDerivatives-pretrade-2026-08-19T1724
2026-08-19,ERICB,22.97,24.27,96.55,Sep-26,30.0,22.97,Oct-26,58.0,33.83,170,NordicDerivatives-pretrade-2026-08-19T1724
2026-08-19,ESSITB,17.63,16.57,271.20,Sep-26,30.0,17.63,Oct-26,58.0,17.55,83,NordicDerivatives-pretrade-2026-08-19T1724
2026-08-19,EVO,22.86,22.59,783.57,Sep-26,30.0,22.86,Oct-26,58.0,24.10,84,NordicDerivatives-pretrade-2026-08-19T1724
2026-08-19,GETIB,17.11,20.11,245.20,Sep-26,30.0,17.11,Oct-26,58.0,20.00,64,NordicDerivatives-pretrade-2026-08-19T1724
2026-08-19,HEXB,29.08,28.77,99.02,Sep-26,30.0,29.08,Oct-26,58.0,28.60,149,NordicDerivatives-pretrade-2026-08-19T1724
2026-08-19,HMB,21.73,21.03,182.30,Sep-26,30.0,21.73,Oct-26,58.0,28.31,189,NordicDerivatives-pretrade-2026-08-19T1724
2026-08-19,INDUC,17.87,19.97,517.30,Sep-26,30.0,17.87,Oct-26,58.0,18.26,77,NordicDerivatives-pretrade-2026-08-19T1724
2026-08-19,INVEB,16.62,16.25,410.66,Sep-26,30.0,16.62,Oct-26,58.0,18.57,80,NordicDerivatives-pretrade-2026-08-19T1724
2026-08-19,JM,30.52,32.89,125.39,Sep-26,30.0,30.52,Oct-26,58.0,31.25,27,NordicDerivatives-pretrade-2026-08-19T1724
2026-08-19,KINB,30.00,29.62,58.44,Sep-26,30.0,30.00,Oct-26,58.0,35.46,109,NordicDerivatives-pretrade-2026-08-19T1724
2026-08-19,LUMI,43.43,45.73,243.51,Sep-26,30.0,43.43,Oct-26,58.0,39.42,79,NordicDerivatives-pretrade-2026-08-19T1724
2026-08-19,NCC,18.05,21.16,175.40,Sep-26,30.0,18.05,Oct-26,58.0,23.78,49,NordicDerivatives-pretrade-2026-08-19T1724
2026-08-19,NDASE,13.19,18.08,188.79,Sep-26,30.0,13.19,Oct-26,58.0,20.38,71,NordicDerivatives-pretrade-2026-08-19T1724
2026-08-19,NEWAB,35.40,37.55,93.16,Sep-26,30.0,35.40,Oct-26,58.0,32.19,79,NordicDerivatives-pretrade-2026-08-19T1724
2026-08-19,NIBE,40.33,44.89,38.15,Sep-26,30.0,40.33,Oct-26,58.0,34.33,47,NordicDerivatives-pretrade-2026-08-19T1724
2026-08-19,OMXS30,19.71,13.65,3240.99,Sep-26,30.0,19.71,Oct-26,58.0,16.95,375,NordicDerivatives-pretrade-2026-08-19T1724
2026-08-19,SAAB,37.74,38.36,676.25,Sep-26,30.0,37.74,Oct-26,58.0,38.91,169,NordicDerivatives-pretrade-2026-08-19T1724
2026-08-19,SAND,26.85,26.64,358.38,Sep-26,30.0,26.85,Oct-26,58.0,28.08,133,NordicDerivatives-pretrade-2026-08-19T1724
2026-08-19,SAVE,20.85,21.72,361.88,Sep-26,30.0,20.85,Oct-26,58.0,22.05,36,NordicDerivatives-pretrade-2026-08-19T1724
2026-08-19,SCAB,21.55,21.09,108.05,Sep-26,30.0,21.55,Oct-26,58.0,22.98,89,NordicDerivatives-pretrade-2026-08-19T1724
2026-08-19,SEBA,16.99,18.31,217.14,Sep-26,30.0,16.99,Oct-26,58.0,20.17,138,NordicDerivatives-pretrade-2026-08-19T1724
2026-08-19,SECUB,19.26,18.68,145.74,Sep-26,30.0,19.26,Oct-26,58.0,14.45,65,NordicDerivatives-pretrade-2026-08-19T1724
2026-08-19,SHBA,16.98,16.94,145.86,Sep-26,30.0,16.98,Oct-26,58.0,17.66,101,NordicDerivatives-pretrade-2026-08-19T1724
2026-08-19,SINCH,37.81,38.51,44.17,Sep-26,30.0,37.81,Oct-26,58.0,40.29,108,NordicDerivatives-pretrade-2026-08-19T1724
2026-08-19,SKAB,20.09,19.38,263.46,Sep-26,30.0,20.09,Oct-26,58.0,20.16,69,NordicDerivatives-pretrade-2026-08-19T1724
2026-08-19,SKFB,23.82,24.55,259.67,Sep-26,30.0,23.82,Oct-26,58.0,26.50,94,NordicDerivatives-pretrade-2026-08-19T1724
2026-08-19,SOBI,21.97,23.47,467.52,Sep-26,30.0,21.97,Oct-26,58.0,24.62,80,NordicDerivatives-pretrade-2026-08-19T1724
2026-08-19,SSABA,31.04,31.09,103.72,Sep-26,30.0,31.04,Oct-26,58.0,31.95,136,NordicDerivatives-pretrade-2026-08-19T1724
2026-08-19,SSABB,25.06,31.16,104.79,Sep-26,30.0,25.06,Oct-26,58.0,22.76,13,NordicDerivatives-pretrade-2026-08-19T1724
2026-08-19,STER,29.21,27.59,104.10,Sep-26,30.0,29.21,Oct-26,58.0,29.58,85,NordicDerivatives-pretrade-2026-08-19T1724
2026-08-19,SWEDA,19.10,18.43,372.33,Sep-26,30.0,19.10,Oct-26,58.0,20.00,196,NordicDerivatives-pretrade-2026-08-19T1724
2026-08-19,TLSN,16.29,19.06,43.74,Sep-26,30.0,16.29,Oct-26,58.0,19.88,71,NordicDerivatives-pretrade-2026-08-19T1724
2026-08-19,TRA,31.68,29.71,405.92,Sep-26,30.0,31.68,Oct-26,58.0,31.91,124,NordicDerivatives-pretrade-2026-08-19T1724
2026-08-19,TRELB,5.97,18.89,426.46,Oct-26,58.0,20.97,Nov-26,93.0,24.55,69,NordicDerivatives-pretrade-2026-08-19T1724
2026-08-19,VOLVB,24.01,23.47,338.48,Sep-26,30.0,24.01,Oct-26,58.0,25.04,192,NordicDerivatives-pretrade-2026-08-19T1724
2026-08-19,VSURE,37.96,36.57,9.12,Sep-26,30.0,37.96,Oct-26,58.0,28.43,82,NordicDerivatives-pretrade-2026-08-19T1724
2026-08-20,ABB,26.92,26.36,945.14,Sep-26,29.0,26.86,Oct-26,57.0,27.77,191,NordicDerivatives-pretrade-2026-08-20T1724
2026-08-20,ADDTB,23.24,24.73,333.01,Sep-26,29.0,23.26,Oct-26,57.0,23.01,35,NordicDerivatives-pretrade-2026-08-20T1724
2026-08-20,ALFA,21.07,20.43,550.26,Sep-26,29.0,21.06,Oct-26,57.0,21.21,30,NordicDerivatives-pretrade-2026-08-20T1724
2026-08-20,ASSAB,19.97,19.57,353.18,Sep-26,29.0,19.87,Oct-26,57.0,21.28,76,NordicDerivatives-pretrade-2026-08-20T1724
2026-08-20,ATCOA,22.22,22.88,201.38,Sep-26,29.0,22.08,Oct-26,57.0,24.02,135,NordicDerivatives-pretrade-2026-08-20T1724
2026-08-20,AXFO,19.44,21.03,241.49,Sep-26,29.0,19.54,Oct-26,57.0,18.06,87,NordicDerivatives-pretrade-2026-08-20T1724
2026-08-20,AZA,22.78,23.83,396.77,Sep-26,29.0,22.49,Oct-26,57.0,26.42,64,NordicDerivatives-pretrade-2026-08-20T1724
2026-08-20,AZN,26.39,27.64,1560.23,Sep-26,29.0,26.40,Oct-26,57.0,26.14,88,NordicDerivatives-pretrade-2026-08-20T1724
2026-08-20,BETSB,18.12,22.02,93.67,Sep-26,29.0,17.92,Oct-26,57.0,20.67,64,NordicDerivatives-pretrade-2026-08-20T1724
2026-08-20,BILL,25.88,23.78,76.15,Sep-26,29.0,25.84,Oct-26,57.0,26.51,123,NordicDerivatives-pretrade-2026-08-20T1724
2026-08-20,BOLI,40.28,39.38,538.30,Sep-26,29.0,40.32,Oct-26,57.0,39.78,176,NordicDerivatives-pretrade-2026-08-20T1724
2026-08-20,CAST,25.69,20.14,133.88,Sep-26,29.0,25.95,Oct-26,57.0,21.73,136,NordicDerivatives-pretrade-2026-08-20T1724
2026-08-20,DOM,29.54,38.58,23.30,Sep-26,29.0,28.92,Nov-26,92.0,39.75,71,NordicDerivatives-pretrade-2026-08-20T1724
2026-08-20,EKTAB,40.99,45.03,54.60,Sep-26,29.0,41.43,Oct-26,57.0,34.38,73,NordicDerivatives-pretrade-2026-08-20T1724
2026-08-20,ELUXB,31.95,43.32,28.49,Sep-26,29.0,31.69,Oct-26,57.0,35.36,62,NordicDerivatives-pretrade-2026-08-20T1724
2026-08-20,EPIA,26.67,25.48,258.06,Sep-26,29.0,26.61,Oct-26,57.0,27.48,109,NordicDerivatives-pretrade-2026-08-20T1724
2026-08-20,EQT,32.74,32.55,336.22,Sep-26,29.0,32.48,Oct-26,57.0,36.18,142,NordicDerivatives-pretrade-2026-08-20T1724
2026-08-20,ERICB,24.01,27.67,96.60,Sep-26,29.0,23.41,Oct-26,57.0,31.10,155,NordicDerivatives-pretrade-2026-08-20T1724
2026-08-20,ESSITB,17.04,16.24,273.04,Sep-26,29.0,17.03,Oct-26,57.0,17.26,76,NordicDerivatives-pretrade-2026-08-20T1724
2026-08-20,EVO,24.20,23.47,808.38,Sep-26,29.0,24.21,Oct-26,57.0,24.17,88,NordicDerivatives-pretrade-2026-08-20T1724
2026-08-20,GETIB,19.56,19.38,246.67,Sep-26,29.0,19.57,Oct-26,57.0,19.52,69,NordicDerivatives-pretrade-2026-08-20T1724
2026-08-20,HEXB,26.23,28.54,98.84,Sep-26,29.0,25.96,Oct-26,57.0,29.68,144,NordicDerivatives-pretrade-2026-08-20T1724
2026-08-20,HMB,21.89,21.20,181.60,Sep-26,29.0,21.43,Oct-26,57.0,27.40,179,NordicDerivatives-pretrade-2026-08-20T1724
2026-08-20,HOLMB,18.74,18.48,322.05,Sep-26,29.0,18.66,Oct-26,57.0,19.85,124,NordicDerivatives-pretrade-2026-08-20T1724
2026-08-20,INDUC,18.88,19.79,519.21,Sep-26,29.0,18.98,Oct-26,57.0,17.35,76,NordicDerivatives-pretrade-2026-08-20T1724
2026-08-20,INVEB,17.10,16.06,411.13,Sep-26,29.0,17.02,Oct-26,57.0,18.16,64,NordicDerivatives-pretrade-2026-08-20T1724
2026-08-20,KINB,31.28,30.19,57.70,Sep-26,29.0,30.90,Oct-26,57.0,36.16,109,NordicDerivatives-pretrade-2026-08-20T1724
2026-08-20,LATOB,23.09,22.13,193.29,Sep-26,29.0,23.05,Oct-26,57.0,23.69,43,NordicDerivatives-pretrade-2026-08-20T1724
2026-08-20,LUMI,42.30,44.76,247.49,Sep-26,29.0,42.58,Oct-26,57.0,38.31,79,NordicDerivatives-pretrade-2026-08-20T1724
2026-08-20,NCC,20.67,20.47,177.00,Sep-26,29.0,20.50,Oct-26,57.0,22.88,65,NordicDerivatives-pretrade-2026-08-20T1724
2026-08-20,NDASE,17.66,18.07,189.20,Sep-26,29.0,17.44,Oct-26,57.0,20.43,116,NordicDerivatives-pretrade-2026-08-20T1724
2026-08-20,NEWAB,19.76,21.35,93.37,Sep-26,29.0,19.64,Oct-26,57.0,21.34,60,NordicDerivatives-pretrade-2026-08-20T1724
2026-08-20,NIBE,47.26,49.60,38.90,Sep-26,29.0,47.68,Nov-26,92.0,38.29,54,NordicDerivatives-pretrade-2026-08-20T1724
2026-08-20,OMXS30,17.30,14.13,3261.70,Sep-26,29.0,17.40,Oct-26,57.0,15.94,382,NordicDerivatives-pretrade-2026-08-20T1724
2026-08-20,SAAB,37.99,37.46,668.51,Sep-26,29.0,37.86,Oct-26,57.0,39.78,191,NordicDerivatives-pretrade-2026-08-20T1724
2026-08-20,SAGAB,24.29,24.99,166.10,Sep-26,29.0,24.36,Oct-26,57.0,23.35,34,NordicDerivatives-pretrade-2026-08-20T1724
2026-08-20,SAND,26.50,26.50,368.50,Sep-26,29.0,26.43,Oct-26,57.0,27.50,132,NordicDerivatives-pretrade-2026-08-20T1724
2026-08-20,SAVE,22.73,21.63,361.99,Sep-26,29.0,22.64,Oct-26,57.0,23.87,55,NordicDerivatives-pretrade-2026-08-20T1724
2026-08-20,SCAB,19.77,20.76,109.53,Sep-26,29.0,19.64,Oct-26,57.0,21.43,75,NordicDerivatives-pretrade-2026-08-20T1724
2026-08-20,SEBA,18.25,18.15,218.80,Sep-26,29.0,18.14,Oct-26,57.0,19.76,143,NordicDerivatives-pretrade-2026-08-20T1724
2026-08-20,SECUB,17.70,18.50,146.37,Sep-26,29.0,17.61,Oct-26,57.0,18.76,65,NordicDerivatives-pretrade-2026-08-20T1724
2026-08-20,SHBA,16.79,16.28,146.53,Sep-26,29.0,16.74,Oct-26,57.0,17.39,110,NordicDerivatives-pretrade-2026-08-20T1724
2026-08-20,SINCH,38.15,38.29,44.08,Sep-26,29.0,38.01,Oct-26,57.0,40.03,112,NordicDerivatives-pretrade-2026-08-20T1724
2026-08-20,SIVE,209.82,176.30,34.71,Sep-26,29.0,213.14,Oct-26,57.0,157.28,136,NordicDerivatives-pretrade-2026-08-20T1724
2026-08-20,SKAB,19.15,18.97,268.30,Sep-26,29.0,19.05,Oct-26,57.0,20.49,108,NordicDerivatives-pretrade-2026-08-20T1724
2026-08-20,SKFB,25.26,24.05,260.27,Sep-26,29.0,25.20,Oct-26,57.0,26.08,91,NordicDerivatives-pretrade-2026-08-20T1724
2026-08-20,SOBI,20.69,23.04,462.11,Sep-26,29.0,20.44,Oct-26,57.0,23.85,54,NordicDerivatives-pretrade-2026-08-20T1724
2026-08-20,SSABA,32.58,33.99,94.81,Sep-26,29.0,32.90,Oct-26,57.0,27.80,64,NordicDerivatives-pretrade-2026-08-20T1724
2026-08-20,SSABB,32.54,34.08,95.55,Sep-26,29.0,32.64,Oct-26,57.0,31.21,51,NordicDerivatives-pretrade-2026-08-20T1724
2026-08-20,STER,27.12,26.79,107.82,Sep-26,29.0,27.06,Oct-26,57.0,28.00,116,NordicDerivatives-pretrade-2026-08-20T1724
2026-08-20,SWEDA,19.11,18.30,372.83,Sep-26,29.0,19.05,Oct-26,57.0,19.87,176,NordicDerivatives-pretrade-2026-08-20T1724
2026-08-20,TLSN,19.00,18.15,43.67,Sep-26,29.0,18.89,Oct-26,57.0,20.43,129,NordicDerivatives-pretrade-2026-08-20T1724
2026-08-20,TRA,31.56,30.08,405.59,Sep-26,29.0,31.53,Oct-26,57.0,32.01,93,NordicDerivatives-pretrade-2026-08-20T1724
2026-08-20,TRELB,16.77,19.08,426.89,Oct-26,57.0,22.51,Dec-26,120.0,25.26,41,NordicDerivatives-pretrade-2026-08-20T1724
2026-08-20,VOLVB,23.84,22.94,340.02,Sep-26,29.0,23.76,Oct-26,57.0,24.94,192,NordicDerivatives-pretrade-2026-08-20T1724
2026-08-20,VSURE,36.92,36.07,9.14,Sep-26,29.0,37.45,Oct-26,57.0,28.61,73,NordicDerivatives-pretrade-2026-08-20T1724
2026-08-21,ABB,26.23,25.77,947.84,Sep-26,28.0,26.05,Oct-26,56.0,27.42,194,NordicDerivatives-pretrade-2026-08-21T1724
2026-08-21,ADDTB,23.02,23.53,335.57,Sep-26,28.0,23.14,Oct-26,56.0,22.27,31,NordicDerivatives-pretrade-2026-08-21T1724
2026-08-21,ALFA,20.56,19.54,560.54,Sep-26,28.0,20.59,Oct-26,56.0,20.37,38,NordicDerivatives-pretrade-2026-08-21T1724
2026-08-21,ASSAB,19.64,19.80,354.65,Sep-26,28.0,19.73,Oct-26,56.0,19.01,40,NordicDerivatives-pretrade-2026-08-21T1724
2026-08-21,ATCOA,18.23,23.15,205.06,Sep-26,28.0,17.51,Oct-26,56.0,22.36,111,NordicDerivatives-pretrade-2026-08-21T1724
2026-08-21,AXFO,18.60,19.85,242.64,Sep-26,28.0,19.04,Oct-26,56.0,15.47,110,NordicDerivatives-pretrade-2026-08-21T1724
2026-08-21,AZN,27.86,27.84,1580.90,Sep-26,28.0,27.79,Oct-26,56.0,28.33,117,NordicDerivatives-pretrade-2026-08-21T1724
2026-08-21,BETSB,20.68,22.98,93.65,Sep-26,28.0,19.15,Dec-26,119.0,32.69,53,NordicDerivatives-pretrade-2026-08-21T1724
2026-08-21,BILL,26.55,24.30,76.32,Sep-26,28.0,26.54,Oct-26,56.0,26.64,121,NordicDerivatives-pretrade-2026-08-21T1724
2026-08-21,BOLI,38.27,38.40,565.74,Sep-26,28.0,38.30,Oct-26,56.0,38.05,158,NordicDerivatives-pretrade-2026-08-21T1724
2026-08-21,CAST,26.57,19.92,132.93,Sep-26,28.0,27.27,Oct-26,56.0,21.49,120,NordicDerivatives-pretrade-2026-08-21T1724
2026-08-21,DOM,27.57,37.45,23.80,Sep-26,28.0,25.50,Dec-26,119.0,43.70,51,NordicDerivatives-pretrade-2026-08-21T1724
2026-08-21,EKTAB,40.46,44.18,55.48,Sep-26,28.0,42.15,Oct-26,56.0,26.97,76,NordicDerivatives-pretrade-2026-08-21T1724
2026-08-21,EPIA,25.48,24.70,263.10,Sep-26,28.0,25.28,Oct-26,56.0,26.74,105,NordicDerivatives-pretrade-2026-08-21T1724
2026-08-21,EQT,31.90,32.50,337.35,Sep-26,28.0,32.09,Oct-26,56.0,30.66,154,NordicDerivatives-pretrade-2026-08-21T1724
2026-08-21,ERICB,24.09,25.95,96.70,Sep-26,28.0,21.90,Oct-26,56.0,35.15,120,NordicDerivatives-pretrade-2026-08-21T1724
2026-08-21,ESSITB,16.86,16.40,274.99,Sep-26,28.0,16.82,Oct-26,56.0,17.13,96,NordicDerivatives-pretrade-2026-08-21T1724
2026-08-21,EVO,24.12,24.04,819.42,Sep-26,28.0,24.05,Oct-26,56.0,24.57,102,NordicDerivatives-pretrade-2026-08-21T1724
2026-08-21,GETIB,19.98,19.61,244.55,Sep-26,28.0,20.05,Oct-26,56.0,19.55,74,NordicDerivatives-pretrade-2026-08-21T1724
2026-08-21,HEXB,25.17,27.85,100.19,Sep-26,28.0,24.76,Oct-26,56.0,27.74,85,NordicDerivatives-pretrade-2026-08-21T1724
2026-08-21,HMB,22.37,20.13,183.08,Sep-26,28.0,21.10,Oct-26,56.0,29.31,154,NordicDerivatives-pretrade-2026-08-21T1724
2026-08-21,HOLMB,15.61,18.97,320.12,Sep-26,28.0,15.83,Oct-26,56.0,14.09,52,NordicDerivatives-pretrade-2026-08-21T1724
2026-08-21,INDUC,17.46,19.25,528.94,Sep-26,28.0,17.36,Oct-26,56.0,18.03,73,NordicDerivatives-pretrade-2026-08-21T1724
2026-08-21,INVEB,15.51,15.89,414.69,Sep-26,28.0,15.18,Oct-26,56.0,17.50,73,NordicDerivatives-pretrade-2026-08-21T1724
2026-08-21,KINB,31.22,30.33,57.92,Sep-26,28.0,30.40,Oct-26,56.0,36.11,108,NordicDerivatives-pretrade-2026-08-21T1724
2026-08-21,LATOB,22.17,20.80,196.53,Sep-26,28.0,21.80,Oct-26,56.0,24.49,43,NordicDerivatives-pretrade-2026-08-21T1724
2026-08-21,LUMI,34.11,43.98,260.24,Sep-26,28.0,33.21,Oct-26,56.0,39.45,56,NordicDerivatives-pretrade-2026-08-21T1724
2026-08-21,NCC,21.39,21.07,175.54,Sep-26,28.0,21.13,Oct-26,56.0,23.01,65,NordicDerivatives-pretrade-2026-08-21T1724
2026-08-21,NDASE,16.82,17.71,191.51,Sep-26,28.0,16.65,Oct-26,56.0,17.91,77,NordicDerivatives-pretrade-2026-08-21T1724
2026-08-21,OMXS30,19.68,13.52,3296.16,Sep-26,28.0,20.21,Oct-26,56.0,15.82,363,NordicDerivatives-pretrade-2026-08-21T1724
2026-08-21,SAAB,35.51,35.81,657.70,Sep-26,28.0,35.37,Oct-26,56.0,36.40,180,NordicDerivatives-pretrade-2026-08-21T1724
2026-08-21,SAND,24.36,25.60,381.53,Sep-26,28.0,24.33,Oct-26,56.0,24.54,20,NordicDerivatives-pretrade-2026-08-21T1724
2026-08-21,SAVE,20.17,21.42,369.95,Sep-26,28.0,19.89,Oct-26,56.0,21.85,33,NordicDerivatives-pretrade-2026-08-21T1724
2026-08-21,SCAB,19.72,19.87,111.10,Sep-26,28.0,19.49,Oct-26,56.0,21.12,75,NordicDerivatives-pretrade-2026-08-21T1724
2026-08-21,SEBA,18.78,17.92,220.00,Sep-26,28.0,18.76,Oct-26,56.0,18.90,135,NordicDerivatives-pretrade-2026-08-21T1724
2026-08-21,SECUB,16.02,17.67,147.05,Sep-26,28.0,15.80,Oct-26,56.0,17.42,59,NordicDerivatives-pretrade-2026-08-21T1724
2026-08-21,SHBA,16.11,16.69,147.43,Sep-26,28.0,16.57,Oct-26,56.0,12.70,66,NordicDerivatives-pretrade-2026-08-21T1724
2026-08-21,SINCH,10.69,,45.42,Oct-26,56.0,40.13,Nov-26,91.0,47.69,85,NordicDerivatives-pretrade-2026-08-21T1724
2026-08-21,SKAB,18.71,18.12,271.69,Sep-26,28.0,18.63,Oct-26,56.0,19.24,78,NordicDerivatives-pretrade-2026-08-21T1724
2026-08-21,SKFB,25.71,24.66,263.32,Sep-26,28.0,25.63,Oct-26,56.0,26.22,90,NordicDerivatives-pretrade-2026-08-21T1724
2026-08-21,SOBI,21.56,24.56,461.19,Sep-26,28.0,21.22,Oct-26,56.0,23.66,43,NordicDerivatives-pretrade-2026-08-21T1724
2026-08-21,SSABA,32.35,33.02,96.75,Sep-26,28.0,33.16,Oct-26,56.0,26.48,131,NordicDerivatives-pretrade-2026-08-21T1724
2026-08-21,SSABB,26.59,32.52,97.50,Sep-26,28.0,26.67,Nov-26,91.0,25.75,13,NordicDerivatives-pretrade-2026-08-21T1724
2026-08-21,STER,27.32,26.76,108.76,Sep-26,28.0,27.13,Oct-26,56.0,28.50,95,NordicDerivatives-pretrade-2026-08-21T1724
2026-08-21,SWEDA,18.88,18.19,373.87,Sep-26,28.0,18.73,Oct-26,56.0,19.81,204,NordicDerivatives-pretrade-2026-08-21T1724
2026-08-21,TLSN,16.31,13.81,43.70,Oct-26,56.0,20.09,Dec-26,119.0,22.08,63,NordicDerivatives-pretrade-2026-08-21T1724
2026-08-21,TRA,32.20,29.74,405.70,Sep-26,28.0,32.18,Oct-26,56.0,32.32,95,NordicDerivatives-pretrade-2026-08-21T1724
2026-08-21,TRELB,21.10,21.55,430.17,Sep-26,28.0,21.10,Oct-26,56.0,21.07,66,NordicDerivatives-pretrade-2026-08-21T1724
2026-08-21,VOLVB,23.08,22.98,341.96,Sep-26,28.0,23.45,Oct-26,56.0,20.53,168,NordicDerivatives-pretrade-2026-08-21T1724
2026-08-21,VSURE,35.64,33.94,9.41,Sep-26,28.0,35.83,Oct-26,56.0,34.36,87,NordicDerivatives-pretrade-2026-08-21T1724
2026-08-24,ABB,27.41,27.42,926.07,Sep-26,25.0,27.34,Oct-26,53.0,27.55,147,NordicDerivatives-pretrade-2026-08-24T1724
2026-08-24,ADDTB,22.50,23.83,336.13,Sep-26,25.0,22.70,Oct-26,53.0,22.08,25,NordicDerivatives-pretrade-2026-08-24T1724
2026-08-24,ALFA,20.82,20.07,563.89,Sep-26,25.0,20.62,Oct-26,53.0,21.25,38,NordicDerivatives-pretrade-2026-08-24T1724
2026-08-24,ASSAB,18.30,20.37,352.17,Sep-26,25.0,17.68,Oct-26,53.0,19.59,15,NordicDerivatives-pretrade-2026-08-24T1724
2026-08-24,AXFO,18.96,20.28,244.42,Sep-26,25.0,19.66,Oct-26,53.0,17.35,123,NordicDerivatives-pretrade-2026-08-24T1724
2026-08-24,AZN,28.48,28.25,1568.89,Sep-26,25.0,28.62,Oct-26,53.0,28.16,113,NordicDerivatives-pretrade-2026-08-24T1724
2026-08-24,BILL,25.65,24.32,76.92,Sep-26,25.0,25.53,Oct-26,53.0,25.91,117,NordicDerivatives-pretrade-2026-08-24T1724
2026-08-24,BOLI,38.77,38.03,569.50,Sep-26,25.0,38.43,Oct-26,53.0,39.50,172,NordicDerivatives-pretrade-2026-08-24T1724
2026-08-24,CAST,24.05,19.36,134.23,Sep-26,25.0,25.19,Oct-26,53.0,21.36,120,NordicDerivatives-pretrade-2026-08-24T1724
2026-08-24,DOM,29.26,38.50,23.03,Sep-26,25.0,26.02,Nov-26,88.0,38.05,62,NordicDerivatives-pretrade-2026-08-24T1724
2026-08-24,EKTAB,41.10,44.52,54.98,Sep-26,25.0,43.45,Oct-26,53.0,35.47,98,NordicDerivatives-pretrade-2026-08-24T1724
2026-08-24,ELUXB,35.99,42.29,28.65,Sep-26,25.0,34.62,Oct-26,53.0,38.81,92,NordicDerivatives-pretrade-2026-08-24T1724
2026-08-24,EPIA,26.15,25.40,265.46,Sep-26,25.0,25.76,Oct-26,53.0,26.98,83,NordicDerivatives-pretrade-2026-08-24T1724
2026-08-24,EQT,27.11,33.23,337.72,Sep-26,25.0,24.19,Nov-26,88.0,35.05,78,NordicDerivatives-pretrade-2026-08-24T1724
2026-08-24,ERICB,27.44,31.91,96.88,11-Sep-26,18.0,23.61,Oct-26,53.0,29.68,94,NordicDerivatives-pretrade-2026-08-24T1724
2026-08-24,ESSITB,17.84,16.63,281.44,Sep-26,25.0,18.04,Oct-26,53.0,17.41,120,NordicDerivatives-pretrade-2026-08-24T1724
2026-08-24,EVO,23.46,23.09,827.81,Sep-26,25.0,22.69,Oct-26,53.0,25.05,107,NordicDerivatives-pretrade-2026-08-24T1724
2026-08-24,GETIB,20.87,19.82,244.70,Sep-26,25.0,20.69,Oct-26,53.0,21.26,76,NordicDerivatives-pretrade-2026-08-24T1724
2026-08-24,HEXB,39.82,30.38,100.80,Dec-26,116.0,33.26,Mar-27,207.0,32.14,51,NordicDerivatives-pretrade-2026-08-24T1724
2026-08-24,HMB,23.59,23.69,184.33,Sep-26,25.0,21.27,Oct-26,53.0,27.95,113,NordicDerivatives-pretrade-2026-08-24T1724
2026-08-24,HOLMB,17.59,18.18,323.00,Sep-26,25.0,16.99,Oct-26,53.0,18.80,124,NordicDerivatives-pretrade-2026-08-24T1724
2026-08-24,INDUC,16.33,19.14,532.00,Sep-26,25.0,16.27,Nov-26,88.0,16.52,31,NordicDerivatives-pretrade-2026-08-24T1724
2026-08-24,INVEB,14.30,15.80,413.77,Oct-26,53.0,16.24,Nov-26,88.0,17.16,47,NordicDerivatives-pretrade-2026-08-24T1724
2026-08-24,KINB,32.42,31.87,57.33,Sep-26,25.0,31.28,Oct-26,53.0,34.76,101,NordicDerivatives-pretrade-2026-08-24T1724
2026-08-24,LATOB,22.32,21.21,197.32,Sep-26,25.0,21.97,Oct-26,53.0,23.06,54,NordicDerivatives-pretrade-2026-08-24T1724
2026-08-24,LUMI,43.71,44.00,260.83,Sep-26,25.0,44.48,Oct-26,53.0,42.00,139,NordicDerivatives-pretrade-2026-08-24T1724
2026-08-24,METSO,18.34,19.52,17.80,Oct-26,53.0,23.95,Nov-26,88.0,26.40,14,NordicDerivatives-pretrade-2026-08-24T1724
2026-08-24,NCC,21.94,20.94,176.47,Sep-26,25.0,21.60,Oct-26,53.0,22.67,78,NordicDerivatives-pretrade-2026-08-24T1724
2026-08-24,NDASE,16.63,17.64,191.38,Sep-26,25.0,15.71,Nov-26,88.0,19.36,54,NordicDerivatives-pretrade-2026-08-24T1724
2026-08-24,OCTV,29.03,31.66,174.34,Oct-26,53.0,30.21,Nov-26,88.0,30.81,60,NordicDerivatives-pretrade-2026-08-24T1724
2026-08-24,OMXS30,16.33,13.89,3293.99,Sep-26,25.0,16.70,Oct-26,53.0,15.50,336,NordicDerivatives-pretrade-2026-08-24T1724
2026-08-24,SAAB,36.01,35.84,643.44,Sep-26,25.0,35.04,Oct-26,53.0,38.02,164,NordicDerivatives-pretrade-2026-08-24T1724
2026-08-24,SAGAB,23.82,23.24,170.81,Sep-26,25.0,23.85,Oct-26,53.0,23.76,47,NordicDerivatives-pretrade-2026-08-24T1724
2026-08-24,SAND,24.60,26.34,388.37,Sep-26,25.0,23.35,Oct-26,53.0,27.10,32,NordicDerivatives-pretrade-2026-08-24T1724
2026-08-24,SAVE,20.42,21.81,367.88,Sep-26,25.0,19.90,Oct-26,53.0,21.52,34,NordicDerivatives-pretrade-2026-08-24T1724
2026-08-24,SCAB,19.86,19.77,112.42,Sep-26,25.0,19.68,Oct-26,53.0,20.24,89,NordicDerivatives-pretrade-2026-08-24T1724
2026-08-24,SEBA,18.67,18.01,218.47,Sep-26,25.0,18.22,Oct-26,53.0,19.62,133,NordicDerivatives-pretrade-2026-08-24T1724
2026-08-24,SECUB,17.60,17.70,147.01,Sep-26,25.0,17.67,Oct-26,53.0,17.45,70,NordicDerivatives-pretrade-2026-08-24T1724
2026-08-24,SHBA,17.31,16.93,145.09,Sep-26,25.0,17.27,Oct-26,53.0,17.41,63,NordicDerivatives-pretrade-2026-08-24T1724
2026-08-24,SIVE,209.47,182.26,31.96,Sep-26,25.0,228.72,Oct-26,53.0,159.92,149,NordicDerivatives-pretrade-2026-08-24T1724
2026-08-24,SKAB,19.03,18.69,271.31,Sep-26,25.0,18.75,Oct-26,53.0,19.62,68,NordicDerivatives-pretrade-2026-08-24T1724
2026-08-24,SKFB,22.49,23.95,268.63,Sep-26,25.0,24.00,Oct-26,53.0,18.80,74,NordicDerivatives-pretrade-2026-08-24T1724
2026-08-24,SOBI,23.74,24.49,451.59,Sep-26,25.0,23.02,Oct-26,53.0,25.23,62,NordicDerivatives-pretrade-2026-08-24T1724
2026-08-24,SSABA,24.53,32.27,99.65,Sep-26,25.0,22.00,Oct-26,53.0,29.27,112,NordicDerivatives-pretrade-2026-08-24T1724
2026-08-24,STER,26.01,26.06,109.14,Sep-26,25.0,26.57,Oct-26,53.0,24.75,55,NordicDerivatives-pretrade-2026-08-24T1724
2026-08-24,SWEDA,19.50,18.72,368.07,Sep-26,25.0,19.95,Oct-26,53.0,18.48,166,NordicDerivatives-pretrade-2026-08-24T1724
2026-08-24,TLSN,17.88,18.58,43.72,Sep-26,25.0,17.27,Oct-26,53.0,19.15,82,NordicDerivatives-pretrade-2026-08-24T1724
2026-08-24,TRA,30.81,29.68,412.41,Sep-26,25.0,30.31,Oct-26,53.0,31.88,108,NordicDerivatives-pretrade-2026-08-24T1724
2026-08-24,TRELB,21.99,21.34,437.66,Sep-26,25.0,21.84,Oct-26,53.0,22.30,124,NordicDerivatives-pretrade-2026-08-24T1724
2026-08-24,VOLVB,23.82,23.00,347.26,Sep-26,25.0,23.35,Oct-26,53.0,24.79,198,NordicDerivatives-pretrade-2026-08-24T1724
2026-08-24,VSURE,36.47,35.49,9.21,Sep-26,25.0,36.58,Oct-26,53.0,36.21,92,NordicDerivatives-pretrade-2026-08-24T1724
2026-08-24,WRT,32.69,35.05,28.94,Sep-26,25.0,31.38,Oct-26,53.0,35.37,24,NordicDerivatives-pretrade-2026-08-24T1724
2026-08-25,ABB,28.02,26.78,939.64,Sep-26,24.0,28.80,Nov-26,87.0,25.86,97,NordicDerivatives-pretrade-2026-08-25T1724
2026-08-25,ALFA,19.92,19.43,575.62,Sep-26,24.0,19.59,Oct-26,52.0,20.46,41,NordicDerivatives-pretrade-2026-08-25T1724
2026-08-25,ASSAB,19.94,20.36,353.85,Sep-26,24.0,19.76,Oct-26,52.0,20.25,28,NordicDerivatives-pretrade-2026-08-25T1724
2026-08-25,ATCOA,20.01,23.08,204.98,Sep-26,24.0,18.42,Oct-26,52.0,22.44,124,NordicDerivatives-pretrade-2026-08-25T1724
2026-08-25,ATCOB,17.27,,178.01,Nov-26,87.0,24.08,Dec-26,115.0,24.82,14,NordicDerivatives-pretrade-2026-08-25T1724
2026-08-25,AXFO,15.88,20.13,245.76,Sep-26,24.0,16.49,Oct-26,52.0,14.79,96,NordicDerivatives-pretrade-2026-08-25T1724
2026-08-25,AZN,28.77,27.95,1609.39,Sep-26,24.0,28.97,Oct-26,52.0,28.44,142,NordicDerivatives-pretrade-2026-08-25T1724
2026-08-25,BETSB,19.14,22.30,94.25,Sep-26,24.0,18.10,Oct-26,52.0,20.80,52,NordicDerivatives-pretrade-2026-08-25T1724
2026-08-25,BILL,24.84,24.24,76.97,Sep-26,24.0,24.18,Oct-26,52.0,25.91,97,NordicDerivatives-pretrade-2026-08-25T1724
2026-08-25,BOLI,39.14,37.94,575.26,Sep-26,24.0,39.43,Oct-26,52.0,38.63,166,NordicDerivatives-pretrade-2026-08-25T1724
2026-08-25,CAST,24.35,20.07,133.96,Sep-26,24.0,25.72,Oct-26,52.0,21.84,123,NordicDerivatives-pretrade-2026-08-25T1724
2026-08-25,DOM,31.27,40.09,22.97,Sep-26,24.0,25.52,Dec-26,115.0,44.10,49,NordicDerivatives-pretrade-2026-08-25T1724
2026-08-25,EKTAB,40.76,43.88,55.15,Sep-26,24.0,43.37,Oct-26,52.0,35.91,95,NordicDerivatives-pretrade-2026-08-25T1724
2026-08-25,ELUXB,31.72,40.98,29.83,Sep-26,24.0,30.22,Oct-26,52.0,34.10,87,NordicDerivatives-pretrade-2026-08-25T1724
2026-08-25,EPIA,25.42,25.07,269.87,Sep-26,24.0,24.92,Oct-26,52.0,26.25,82,NordicDerivatives-pretrade-2026-08-25T1724
2026-08-25,EQT,31.42,33.22,338.40,Sep-26,24.0,31.85,Oct-26,52.0,30.68,86,NordicDerivatives-pretrade-2026-08-25T1724
2026-08-25,ERICB,26.04,29.08,97.60,Sep-26,24.0,19.10,Oct-26,52.0,34.76,130,NordicDerivatives-pretrade-2026-08-25T1724
2026-08-25,ESSITB,17.70,16.44,281.25,Sep-26,24.0,17.85,Oct-26,52.0,17.44,120,NordicDerivatives-pretrade-2026-08-25T1724
2026-08-25,EVO,21.16,10.86,841.90,Oct-26,52.0,21.73,Nov-26,87.0,22.04,63,NordicDerivatives-pretrade-2026-08-25T1724
2026-08-25,GETIB,19.89,20.11,243.81,Sep-26,24.0,18.51,Oct-26,52.0,22.04,65,NordicDerivatives-pretrade-2026-08-25T1724
2026-08-25,HEXB,20.69,26.29,101.02,Oct-26,52.0,25.49,Nov-26,87.0,27.78,64,NordicDerivatives-pretrade-2026-08-25T1724
2026-08-25,HMB,22.66,23.70,184.95,Sep-26,24.0,21.42,Oct-26,52.0,24.62,110,NordicDerivatives-pretrade-2026-08-25T1724
2026-08-25,HOLMB,17.89,17.48,323.88,Sep-26,24.0,17.55,Oct-26,52.0,18.45,130,NordicDerivatives-pretrade-2026-08-25T1724
2026-08-25,INDUC,17.62,18.36,538.35,Sep-26,24.0,17.40,Oct-26,52.0,17.99,66,NordicDerivatives-pretrade-2026-08-25T1724
2026-08-25,INVEB,16.51,16.12,416.24,Sep-26,24.0,16.26,Nov-26,87.0,17.17,52,NordicDerivatives-pretrade-2026-08-25T1724
2026-08-25,KINB,31.57,30.82,59.24,Sep-26,24.0,28.80,Oct-26,52.0,35.77,101,NordicDerivatives-pretrade-2026-08-25T1724
2026-08-25,LATOB,22.03,20.43,200.29,Sep-26,24.0,21.34,Oct-26,52.0,23.14,51,NordicDerivatives-pretrade-2026-08-25T1724
2026-08-25,LUMI,41.71,43.74,262.68,Sep-26,24.0,41.91,Oct-26,52.0,41.37,116,NordicDerivatives-pretrade-2026-08-25T1724
2026-08-25,NCC,21.14,20.26,178.24,Sep-26,24.0,20.85,Oct-26,52.0,21.64,78,NordicDerivatives-pretrade-2026-08-25T1724
2026-08-25,NDASE,15.42,17.86,193.45,Sep-26,24.0,12.23,Oct-26,52.0,19.66,27,NordicDerivatives-pretrade-2026-08-25T1724
2026-08-25,NEWAB,21.74,22.06,86.92,Sep-26,24.0,22.19,Oct-26,52.0,20.96,68,NordicDerivatives-pretrade-2026-08-25T1724
2026-08-25,NOKI,46.86,61.09,98.66,Sep-26,24.0,41.86,Oct-26,52.0,54.28,157,NordicDerivatives-pretrade-2026-08-25T1724
2026-08-25,OCTV,11.41,33.45,173.32,Oct-26,52.0,23.86,Nov-26,87.0,28.46,38,NordicDerivatives-pretrade-2026-08-25T1724
2026-08-25,OMXS30,14.43,13.85,3324.75,Sep-26,24.0,14.13,Oct-26,52.0,14.94,290,NordicDerivatives-pretrade-2026-08-25T1724
2026-08-25,SAAB,35.57,35.76,638.01,Sep-26,24.0,34.24,Oct-26,52.0,37.71,177,NordicDerivatives-pretrade-2026-08-25T1724
2026-08-25,SAGAB,22.36,24.02,169.22,Sep-26,24.0,21.98,Oct-26,52.0,22.98,37,NordicDerivatives-pretrade-2026-08-25T1724
2026-08-25,SAND,26.16,25.86,396.91,Sep-26,24.0,25.90,Oct-26,52.0,26.59,126,NordicDerivatives-pretrade-2026-08-25T1724
2026-08-25,SAVE,20.89,21.84,366.61,Sep-26,24.0,20.59,Oct-26,52.0,21.38,28,NordicDerivatives-pretrade-2026-08-25T1724
2026-08-25,SCAB,20.07,19.45,112.30,Sep-26,24.0,19.36,Oct-26,52.0,21.23,90,NordicDerivatives-pretrade-2026-08-25T1724
2026-08-25,SEBA,17.64,17.21,220.48,Sep-26,24.0,17.79,Oct-26,52.0,17.38,115,NordicDerivatives-pretrade-2026-08-25T1724
2026-08-25,SECUB,15.78,17.18,147.52,Sep-26,24.0,14.78,Oct-26,52.0,17.33,60,NordicDerivatives-pretrade-2026-08-25T1724
2026-08-25,SHBA,17.09,16.35,145.65,Sep-26,24.0,16.99,Oct-26,52.0,17.26,58,NordicDerivatives-pretrade-2026-08-25T1724
2026-08-25,SINCH,37.82,38.33,45.52,Sep-26,24.0,37.20,Oct-26,52.0,38.84,109,NordicDerivatives-pretrade-2026-08-25T1724
2026-08-25,SIVE,148.29,169.16,35.04,Sep-26,24.0,139.00,Oct-26,52.0,162.80,156,NordicDerivatives-pretrade-2026-08-25T1724
2026-08-25,SKAB,19.09,18.58,272.96,Sep-26,24.0,18.98,Oct-26,52.0,19.28,55,NordicDerivatives-pretrade-2026-08-25T1724
2026-08-25,SKFB,23.80,22.95,272.85,Sep-26,24.0,23.21,Oct-26,52.0,24.78,111,NordicDerivatives-pretrade-2026-08-25T1724
2026-08-25,SOBI,22.07,23.84,468.57,Sep-26,24.0,20.97,Oct-26,52.0,23.83,57,NordicDerivatives-pretrade-2026-08-25T1724
2026-08-25,SSABA,32.43,31.76,100.96,Sep-26,24.0,32.26,Oct-26,52.0,32.72,131,NordicDerivatives-pretrade-2026-08-25T1724
2026-08-25,STER,25.73,26.21,109.65,Sep-26,24.0,26.61,Oct-26,52.0,24.17,96,NordicDerivatives-pretrade-2026-08-25T1724
2026-08-25,SWEDA,16.96,18.43,370.17,Sep-26,24.0,15.49,Dec-26,115.0,20.68,119,NordicDerivatives-pretrade-2026-08-25T1724
2026-08-25,TLSN,18.92,17.64,44.10,Sep-26,24.0,18.26,Oct-26,52.0,19.99,93,NordicDerivatives-pretrade-2026-08-25T1724
2026-08-25,TRA,30.29,29.25,418.62,Sep-26,24.0,29.69,Oct-26,52.0,31.26,107,NordicDerivatives-pretrade-2026-08-25T1724
2026-08-25,TRELB,19.91,20.54,443.48,Sep-26,24.0,19.89,Oct-26,52.0,19.95,77,NordicDerivatives-pretrade-2026-08-25T1724
2026-08-25,VOLVB,23.34,22.34,351.08,Sep-26,24.0,22.66,Oct-26,52.0,24.46,195,NordicDerivatives-pretrade-2026-08-25T1724
2026-08-25,VSURE,36.61,36.73,9.16,Sep-26,24.0,36.88,Oct-26,52.0,36.15,93,NordicDerivatives-pretrade-2026-08-25T1724
2026-08-26,AAK,19.24,20.58,196.70,Sep-26,23.0,17.23,Nov-26,86.0,22.96,15,NordicDerivatives-pretrade-2026-08-26T1724
2026-08-26,ABB,25.17,25.54,944.21,Sep-26,23.0,24.38,Oct-26,51.0,26.20,156,NordicDerivatives-pretrade-2026-08-26T1724
2026-08-26,ADDTB,21.46,22.51,340.03,Sep-26,23.0,20.95,Oct-26,51.0,22.14,26,NordicDerivatives-pretrade-2026-08-26T1724
2026-08-26,ALFA,19.59,19.33,578.44,Sep-26,23.0,19.05,Oct-26,51.0,20.29,31,NordicDerivatives-pretrade-2026-08-26T1724
2026-08-26,ASSAB,19.59,19.65,355.75,Sep-26,23.0,18.60,Oct-26,51.0,20.86,31,NordicDerivatives-pretrade-2026-08-26T1724
2026-08-26,ATCOA,19.67,23.43,207.26,Sep-26,23.0,18.07,Oct-26,51.0,21.64,121,NordicDerivatives-pretrade-2026-08-26T1724
2026-08-26,AXFO,16.98,19.85,245.28,Sep-26,23.0,16.60,Oct-26,51.0,17.48,111,NordicDerivatives-pretrade-2026-08-26T1724
2026-08-26,AZN,28.79,28.32,1588.36,Sep-26,23.0,29.08,Oct-26,51.0,28.40,131,NordicDerivatives-pretrade-2026-08-26T1724
2026-08-26,BILL,25.07,24.24,76.64,Sep-26,23.0,24.47,Oct-26,51.0,25.85,98,NordicDerivatives-pretrade-2026-08-26T1724
2026-08-26,BOLI,38.02,37.47,585.11,Sep-26,23.0,39.28,Oct-26,51.0,36.24,144,NordicDerivatives-pretrade-2026-08-26T1724
2026-08-26,BONEX,42.37,45.08,228.66,Sep-26,23.0,41.54,Nov-26,86.0,44.08,20,NordicDerivatives-pretrade-2026-08-26T1724
2026-08-26,CAST,24.45,19.95,133.04,Sep-26,23.0,26.33,Oct-26,51.0,21.66,130,NordicDerivatives-pretrade-2026-08-26T1724
2026-08-26,DOM,25.26,37.20,22.43,Sep-26,23.0,21.00,Oct-26,51.0,30.07,66,NordicDerivatives-pretrade-2026-08-26T1724
2026-08-26,EKTAB,43.18,43.73,53.97,Sep-26,23.0,46.35,Oct-26,51.0,38.49,109,NordicDerivatives-pretrade-2026-08-26T1724
2026-08-26,ELUXB,38.07,42.12,28.85,Sep-26,23.0,37.62,Oct-26,51.0,38.67,99,NordicDerivatives-pretrade-2026-08-26T1724
2026-08-26,EPIA,25.05,24.36,272.59,Sep-26,23.0,24.33,Oct-26,51.0,25.98,106,NordicDerivatives-pretrade-2026-08-26T1724
2026-08-26,EQT,29.49,33.66,337.57,Sep-26,23.0,31.95,Oct-26,51.0,25.79,138,NordicDerivatives-pretrade-2026-08-26T1724
2026-08-26,ERICB,29.51,29.78,95.60,Sep-26,23.0,24.08,Oct-26,51.0,35.56,141,NordicDerivatives-pretrade-2026-08-26T1724
2026-08-26,ESSITB,16.98,16.25,281.56,Sep-26,23.0,16.80,Oct-26,51.0,17.21,68,NordicDerivatives-pretrade-2026-08-26T1724
2026-08-26,EVO,25.55,24.83,834.95,Sep-26,23.0,25.97,Oct-26,51.0,24.98,108,NordicDerivatives-pretrade-2026-08-26T1724
2026-08-26,GETIB,19.32,19.50,244.83,Sep-26,23.0,18.18,Oct-26,51.0,20.76,69,NordicDerivatives-pretrade-2026-08-26T1724
2026-08-26,HEXB,25.00,28.71,100.74,Sep-26,23.0,22.99,Oct-26,51.0,27.49,99,NordicDerivatives-pretrade-2026-08-26T1724
2026-08-26,HMB,23.16,24.57,178.53,Sep-26,23.0,18.63,Oct-26,51.0,28.15,102,NordicDerivatives-pretrade-2026-08-26T1724
2026-08-26,HOLMB,17.91,17.61,323.36,Sep-26,23.0,17.59,Oct-26,51.0,18.34,136,NordicDerivatives-pretrade-2026-08-26T1724
2026-08-26,INDUC,18.11,18.51,537.27,Sep-26,23.0,17.79,Oct-26,51.0,18.53,76,NordicDerivatives-pretrade-2026-08-26T1724
2026-08-26,INVEB,16.65,16.34,414.61,Sep-26,23.0,16.21,Oct-26,51.0,17.23,74,NordicDerivatives-pretrade-2026-08-26T1724
2026-08-26,KINB,32.47,32.12,58.73,Sep-26,23.0,29.99,Oct-26,51.0,35.54,108,NordicDerivatives-pretrade-2026-08-26T1724
2026-08-26,LATOB,21.49,20.35,200.78,Sep-26,23.0,20.76,Oct-26,51.0,22.45,49,NordicDerivatives-pretrade-2026-08-26T1724
2026-08-26,LUMI,39.36,43.49,264.39,Sep-26,23.0,40.06,Oct-26,51.0,38.40,78,NordicDerivatives-pretrade-2026-08-26T1724
2026-08-26,METSO,29.38,28.65,18.28,Sep-26,23.0,30.45,Oct-26,51.0,27.87,18,NordicDerivatives-pretrade-2026-08-26T1724
2026-08-26,MTGB,23.70,27.91,133.55,Sep-26,23.0,23.48,Oct-26,51.0,24.00,16,NordicDerivatives-pretrade-2026-08-26T1724
2026-08-26,NCC,21.26,20.69,177.45,Sep-26,23.0,20.92,Oct-26,51.0,21.70,76,NordicDerivatives-pretrade-2026-08-26T1724
2026-08-26,NDASE,14.57,17.23,194.27,Sep-26,23.0,13.51,Nov-26,86.0,16.60,54,NordicDerivatives-pretrade-2026-08-26T1724
2026-08-26,NESTE,26.22,24.75,31.85,Oct-26,51.0,33.54,Nov-26,86.0,37.13,20,NordicDerivatives-pretrade-2026-08-26T1724
2026-08-26,NEWAB,20.60,20.60,88.10,Sep-26,23.0,20.02,Oct-26,51.0,21.36,73,NordicDerivatives-pretrade-2026-08-26T1724
2026-08-26,OMXS30,15.56,13.70,3328.73,Sep-26,23.0,15.94,Oct-26,51.0,15.03,329,NordicDerivatives-pretrade-2026-08-26T1724
2026-08-26,QTCOM,64.64,39.32,35.08,Dec-26,114.0,40.13,Mar-27,205.0,34.69,15,NordicDerivatives-pretrade-2026-08-26T1724
2026-08-26,SAAB,36.76,35.23,640.24,Sep-26,23.0,36.24,Oct-26,51.0,37.45,184,NordicDerivatives-pretrade-2026-08-26T1724
2026-08-26,SAGAB,21.95,24.13,170.56,Sep-26,23.0,20.90,Oct-26,51.0,23.29,35,NordicDerivatives-pretrade-2026-08-26T1724
2026-08-26,SAND,22.54,26.10,395.15,04-Sep-26,9.0,17.52,Oct-26,51.0,23.31,13,NordicDerivatives-pretrade-2026-08-26T1724
2026-08-26,SAVE,20.58,21.70,364.65,Sep-26,23.0,19.99,Oct-26,51.0,21.35,30,NordicDerivatives-pretrade-2026-08-26T1724
2026-08-26,SCAB,20.63,19.47,112.00,Sep-26,23.0,20.20,Oct-26,51.0,21.19,92,NordicDerivatives-pretrade-2026-08-26T1724
2026-08-26,SEBA,17.88,17.04,222.08,Sep-26,23.0,17.54,Oct-26,51.0,18.34,158,NordicDerivatives-pretrade-2026-08-26T1724
2026-08-26,SECUB,15.53,17.24,148.87,Sep-26,23.0,14.87,Oct-26,51.0,16.39,59,NordicDerivatives-pretrade-2026-08-26T1724
2026-08-26,SHBA,14.80,16.09,146.46,Sep-26,23.0,16.41,Oct-26,51.0,12.29,54,NordicDerivatives-pretrade-2026-08-26T1724
2026-08-26,SINCH,38.06,38.12,45.47,Sep-26,23.0,37.77,Oct-26,51.0,38.46,111,NordicDerivatives-pretrade-2026-08-26T1724
2026-08-26,SIVE,150.36,169.41,34.89,Sep-26,23.0,140.20,Oct-26,51.0,163.10,151,NordicDerivatives-pretrade-2026-08-26T1724
2026-08-26,SKAB,18.71,18.11,273.73,Sep-26,23.0,18.40,Oct-26,51.0,19.12,93,NordicDerivatives-pretrade-2026-08-26T1724
2026-08-26,SKFB,24.13,23.13,275.75,Sep-26,23.0,23.41,Oct-26,51.0,25.06,121,NordicDerivatives-pretrade-2026-08-26T1724
2026-08-26,SOBI,22.47,23.74,465.20,Sep-26,23.0,21.90,Oct-26,51.0,23.22,63,NordicDerivatives-pretrade-2026-08-26T1724
2026-08-26,SSABA,31.91,31.49,104.52,Sep-26,23.0,31.72,Oct-26,51.0,32.16,152,NordicDerivatives-pretrade-2026-08-26T1724
2026-08-26,SSABB,27.89,31.37,105.20,Sep-26,23.0,27.92,Oct-26,51.0,27.85,27,NordicDerivatives-pretrade-2026-08-26T1724
2026-08-26,STER,25.00,26.04,110.15,Sep-26,23.0,26.45,Oct-26,51.0,22.88,71,NordicDerivatives-pretrade-2026-08-26T1724
2026-08-26,SWEDA,18.85,18.13,374.10,Sep-26,23.0,18.58,Oct-26,51.0,19.20,217,NordicDerivatives-pretrade-2026-08-26T1724
2026-08-26,TLSN,17.63,18.49,43.86,Sep-26,23.0,15.64,Oct-26,51.0,20.02,82,NordicDerivatives-pretrade-2026-08-26T1724
2026-08-26,TRA,29.82,28.62,424.64,Sep-26,23.0,29.01,Oct-26,51.0,30.89,99,NordicDerivatives-pretrade-2026-08-26T1724
2026-08-26,TRELB,20.75,20.46,444.08,Sep-26,23.0,19.88,Oct-26,51.0,21.87,67,NordicDerivatives-pretrade-2026-08-26T1724
2026-08-26,VOLVB,23.01,22.04,351.42,Sep-26,23.0,22.21,Oct-26,51.0,24.05,176,NordicDerivatives-pretrade-2026-08-26T1724
2026-08-26,VSURE,37.97,35.89,8.93,Sep-26,23.0,39.12,Oct-26,51.0,36.36,83,NordicDerivatives-pretrade-2026-08-26T1724
2026-08-27,ABB,27.55,26.15,938.96,Sep-26,22.0,28.50,Oct-26,50.0,26.46,157,NordicDerivatives-pretrade-2026-08-27T1724
2026-08-27,ADDTB,20.65,23.21,338.35,Sep-26,22.0,20.09,Oct-26,50.0,21.25,23,NordicDerivatives-pretrade-2026-08-27T1724
2026-08-27,ALFA,19.41,19.31,577.68,Sep-26,22.0,19.15,Oct-26,50.0,19.70,33,NordicDerivatives-pretrade-2026-08-27T1724
2026-08-27,ASSAB,19.02,19.71,356.27,Sep-26,22.0,18.55,Oct-26,50.0,19.52,28,NordicDerivatives-pretrade-2026-08-27T1724
2026-08-27,ATCOA,23.65,23.50,208.40,Sep-26,22.0,22.58,Oct-26,50.0,24.79,168,NordicDerivatives-pretrade-2026-08-27T1724
2026-08-27,AXFO,14.76,20.12,247.01,Sep-26,22.0,16.20,Oct-26,50.0,12.98,83,NordicDerivatives-pretrade-2026-08-27T1724
2026-08-27,AZN,29.26,28.75,1574.01,Sep-26,22.0,29.87,Oct-26,50.0,28.58,137,NordicDerivatives-pretrade-2026-08-27T1724
2026-08-27,BILL,24.96,24.07,77.10,Sep-26,22.0,24.57,Oct-26,50.0,25.38,97,NordicDerivatives-pretrade-2026-08-27T1724
2026-08-27,BOLI,33.98,37.73,565.67,Sep-26,22.0,36.99,Oct-26,50.0,30.33,128,NordicDerivatives-pretrade-2026-08-27T1724
2026-08-27,CAST,24.00,20.10,133.52,Sep-26,22.0,25.86,Oct-26,50.0,21.78,129,NordicDerivatives-pretrade-2026-08-27T1724
2026-08-27,DOM,30.05,38.48,22.17,Sep-26,22.0,21.11,Dec-26,113.0,42.74,42,NordicDerivatives-pretrade-2026-08-27T1724
2026-08-27,EKTAB,27.99,32.64,52.49,Sep-26,22.0,27.86,Oct-26,50.0,28.13,70,NordicDerivatives-pretrade-2026-08-27T1724
2026-08-27,ELUXB,11.22,25.93,28.13,Oct-26,50.0,38.13,Nov-26,85.0,47.68,78,NordicDerivatives-pretrade-2026-08-27T1724
2026-08-27,EPIA,25.27,24.41,273.87,Sep-26,22.0,24.73,Oct-26,50.0,25.85,91,NordicDerivatives-pretrade-2026-08-27T1724
2026-08-27,EQT,33.39,34.13,338.04,Sep-26,22.0,31.68,Oct-26,50.0,35.17,104,NordicDerivatives-pretrade-2026-08-27T1724
2026-08-27,ERICB,30.14,30.06,95.78,Sep-26,22.0,23.49,Oct-26,50.0,36.06,175,NordicDerivatives-pretrade-2026-08-27T1724
2026-08-27,ESSITB,16.90,16.29,279.99,Sep-26,22.0,16.67,Oct-26,50.0,17.15,77,NordicDerivatives-pretrade-2026-08-27T1724
2026-08-27,EVO,25.31,24.65,831.35,Sep-26,22.0,24.17,Oct-26,50.0,26.51,101,NordicDerivatives-pretrade-2026-08-27T1724
2026-08-27,GETIB,19.25,19.31,245.64,Sep-26,22.0,18.06,Oct-26,50.0,20.48,59,NordicDerivatives-pretrade-2026-08-27T1724
2026-08-27,HEXB,26.32,29.10,101.75,Sep-26,22.0,25.59,Oct-26,50.0,27.09,91,NordicDerivatives-pretrade-2026-08-27T1724
2026-08-27,HMB,23.44,25.34,174.52,Sep-26,22.0,22.74,Oct-26,50.0,24.19,124,NordicDerivatives-pretrade-2026-08-27T1724
2026-08-27,HOLMB,15.53,17.63,322.95,Sep-26,22.0,12.29,Oct-26,50.0,18.44,125,NordicDerivatives-pretrade-2026-08-27T1724
2026-08-27,INDUC,16.97,18.94,539.38,Sep-26,22.0,18.39,Oct-26,50.0,15.25,62,NordicDerivatives-pretrade-2026-08-27T1724
2026-08-27,INVEB,16.11,16.21,415.10,Sep-26,22.0,16.07,Oct-26,50.0,16.15,60,NordicDerivatives-pretrade-2026-08-27T1724
2026-08-27,KINB,33.42,32.04,62.29,Sep-26,22.0,30.95,Oct-26,50.0,35.95,108,NordicDerivatives-pretrade-2026-08-27T1724
2026-08-27,LATOB,22.01,20.41,201.75,Sep-26,22.0,21.25,Oct-26,50.0,22.80,51,NordicDerivatives-pretrade-2026-08-27T1724
2026-08-27,LUMI,40.85,42.89,265.38,Sep-26,22.0,40.44,Oct-26,50.0,41.29,87,NordicDerivatives-pretrade-2026-08-27T1724
2026-08-27,METSO,27.63,28.58,18.40,Sep-26,22.0,28.64,Oct-26,50.0,26.46,20,NordicDerivatives-pretrade-2026-08-27T1724
2026-08-27,MTGB,21.57,27.93,132.80,Sep-26,22.0,21.45,Oct-26,50.0,21.69,22,NordicDerivatives-pretrade-2026-08-27T1724
2026-08-27,NCC,20.74,20.20,179.65,Sep-26,22.0,20.02,Oct-26,50.0,21.51,77,NordicDerivatives-pretrade-2026-08-27T1724
2026-08-27,NDASE,17.87,18.83,194.60,Sep-26,22.0,15.86,Oct-26,50.0,19.84,65,NordicDerivatives-pretrade-2026-08-27T1724
2026-08-27,NEWAB,20.53,20.57,88.98,Sep-26,22.0,20.25,Oct-26,50.0,20.83,75,NordicDerivatives-pretrade-2026-08-27T1724
2026-08-27,OCTV,40.46,40.68,185.08,Dec-26,113.0,34.33,Mar-27,204.0,33.24,22,NordicDerivatives-pretrade-2026-08-27T1724
2026-08-27,OMXS30,17.10,13.90,3321.50,Sep-26,22.0,18.51,Oct-26,50.0,15.41,332,NordicDerivatives-pretrade-2026-08-27T1724
2026-08-27,SAAB,37.14,35.83,642.05,Sep-26,22.0,35.94,Oct-26,50.0,38.42,181,NordicDerivatives-pretrade-2026-08-27T1724
2026-08-27,SAGAB,22.93,24.06,171.71,Sep-26,22.0,22.41,Oct-26,50.0,23.48,37,NordicDerivatives-pretrade-2026-08-27T1724
2026-08-27,SAND,25.80,25.78,394.64,Sep-26,22.0,25.42,Oct-26,50.0,26.22,117,NordicDerivatives-pretrade-2026-08-27T1724
2026-08-27,SAVE,21.49,21.97,362.65,Sep-26,22.0,21.44,Oct-26,50.0,21.53,32,NordicDerivatives-pretrade-2026-08-27T1724
2026-08-27,SCAB,18.83,19.52,112.86,Sep-26,22.0,18.21,Oct-26,50.0,19.49,90,NordicDerivatives-pretrade-2026-08-27T1724
2026-08-27,SEBA,16.28,17.68,221.77,Sep-26,22.0,16.16,Oct-26,50.0,16.41,70,NordicDerivatives-pretrade-2026-08-27T1724
2026-08-27,SECUB,16.07,16.91,151.42,Sep-26,22.0,15.24,Oct-26,50.0,16.94,72,NordicDerivatives-pretrade-2026-08-27T1724
2026-08-27,SINCH,36.81,35.93,47.46,Sep-26,22.0,35.45,Oct-26,50.0,38.26,105,NordicDerivatives-pretrade-2026-08-27T1724
2026-08-27,SKAB,18.74,18.15,274.84,Sep-26,22.0,18.25,Oct-26,50.0,19.27,68,NordicDerivatives-pretrade-2026-08-27T1724
2026-08-27,SKFB,24.28,23.35,276.26,Sep-26,22.0,23.41,Oct-26,50.0,25.19,114,NordicDerivatives-pretrade-2026-08-27T1724
2026-08-27,SOBI,25.14,24.57,467.14,Sep-26,22.0,25.44,Oct-26,50.0,24.80,81,NordicDerivatives-pretrade-2026-08-27T1724
2026-08-27,SSABA,29.66,31.41,104.15,Sep-26,22.0,26.49,Oct-26,50.0,32.80,138,NordicDerivatives-pretrade-2026-08-27T1724
2026-08-27,STER,6.42,,111.50,11-Sep-26,15.0,22.50,Sep-26,22.0,14.50,25,NordicDerivatives-pretrade-2026-08-27T1724
2026-08-27,SWEDA,19.50,18.35,372.77,Sep-26,22.0,19.04,Oct-26,50.0,20.00,154,NordicDerivatives-pretrade-2026-08-27T1724
2026-08-27,TLSN,19.45,18.40,43.51,Sep-26,22.0,18.72,Oct-26,50.0,20.22,108,NordicDerivatives-pretrade-2026-08-27T1724
2026-08-27,TRA,30.78,29.16,423.37,Sep-26,22.0,29.52,Oct-26,50.0,32.12,110,NordicDerivatives-pretrade-2026-08-27T1724
2026-08-27,TRELB,19.96,21.25,441.94,Sep-26,22.0,19.62,Nov-26,85.0,20.54,53,NordicDerivatives-pretrade-2026-08-27T1724
2026-08-27,VOLVB,22.53,22.58,346.70,Sep-26,22.0,22.61,Oct-26,50.0,22.45,175,NordicDerivatives-pretrade-2026-08-27T1724
2026-08-27,VSURE,37.57,36.80,9.00,Sep-26,22.0,37.66,Oct-26,50.0,37.47,93,NordicDerivatives-pretrade-2026-08-27T1724
2026-08-27,WRT,33.40,34.95,29.75,Sep-26,22.0,31.09,Nov-26,85.0,37.15,16,NordicDerivatives-pretrade-2026-08-27T1724
